-- phpMyAdmin SQL Dump
-- version 5.2.1
-- https://www.phpmyadmin.net/
--
-- Host: db:3306
-- Generation Time: Jun 25, 2023 at 11:57 PM
-- Server version: 8.0.33
-- PHP Version: 8.1.17

SET SQL_MODE = "NO_AUTO_VALUE_ON_ZERO";
START TRANSACTION;
SET time_zone = "+00:00";


/*!40101 SET @OLD_CHARACTER_SET_CLIENT=@@CHARACTER_SET_CLIENT */;
/*!40101 SET @OLD_CHARACTER_SET_RESULTS=@@CHARACTER_SET_RESULTS */;
/*!40101 SET @OLD_COLLATION_CONNECTION=@@COLLATION_CONNECTION */;
/*!40101 SET NAMES utf8mb4 */;

--
-- Database: `cinemaDB`
--

-- --------------------------------------------------------

--
-- Table structure for table `account`
--

CREATE TABLE `account` (
  `id` varchar(26) NOT NULL,
  `address` varchar(255) NOT NULL,
  `create_at` datetime(6) NOT NULL,
  `email` varchar(128) NOT NULL,
  `fullname` varchar(255) NOT NULL,
  `ip` varchar(255) NOT NULL,
  `password` varchar(255) NOT NULL,
  `phone` varchar(255) NOT NULL,
  `status` varchar(255) DEFAULT NULL,
  `update_at` datetime(6) DEFAULT NULL,
  `username` varchar(128) NOT NULL
) ENGINE=InnoDB DEFAULT CHARSET=utf8mb4 COLLATE=utf8mb4_0900_ai_ci;

--
-- Dumping data for table `account`
--

INSERT INTO `account` (`id`, `address`, `create_at`, `email`, `fullname`, `ip`, `password`, `phone`, `status`, `update_at`, `username`) VALUES
('04767f9e-2fbe4a11-1684c93d', '213/324 asdsa', '2023-06-19 11:55:43.130000', 'vD@gmail.com', 'I Am User 2', '23.4.3.6', '$2a$10$w3zSJPc.jls3dbA0xSNb7eE9NQpfYv9cKgT7W7.G8KM3MqOLaPdt2', '0129323', 'ACTIVE', '2023-06-19 11:55:43.130000', 'user_2'),
('562db9be-1e0c9cc6-66569a1b', '213/324 asdsa', '2023-06-19 11:55:42.868000', 'vA@gmail.com', 'I Am Super Admin', '1.2.3.4', '$2a$10$rWu91eFVqRkXOdu8ybe3/e7jAWC7GOJlq/nGr2hTzyh7zHBkcqBcG', '0122323', 'ACTIVE', '2023-06-19 11:55:42.868000', 'super_admin.1234'),
('7540f518-84b36801-ec034014', '141/21 street number 7, Go Vap', '2023-06-26 06:51:02.271000', 'nguyenductan04202@gmail.com', 'Nguyễn Đức Tấn', '1.2.3.4', '$2a$10$VwamNFng4LgHPof6obHw6.JHFEFOYTfsL1OzCt3DqgQmJPXNnLvIO', '0923142408', 'ACTIVE', '2023-06-26 06:51:02.271000', 'avart'),
('baf537e3-ee782072-6f273b97', '213/324 asdsa', '2023-06-19 11:55:42.971000', 'vB@gmail.com', 'I Am Admin', '4.5.6.7', '$2a$10$i9Cd5i5fwLhCIO9xd.u4oOP/k6B1mYMSuS8c1GV3LdZokcuZK4OFa', '0124323', 'ACTIVE', '2023-06-19 11:55:42.971000', 'admin.1234'),
('fa19dcbd-241797c7-b83f36c5', '213/324 asdsa', '2023-06-19 11:55:43.052000', 'vC@gmail.com', 'I Am User 1', '23.42.54.42', '$2a$10$gpll.buK1FlpPLBLkrDUyeVpWfzqvuchjfmCg.xvmT3CZupPzSwCK', '0126323', 'ACTIVE', '2023-06-19 11:55:43.052000', 'user_1');

-- --------------------------------------------------------

--
-- Table structure for table `account_roles`
--

CREATE TABLE `account_roles` (
  `account_id` varchar(26) NOT NULL,
  `roles_id` bigint NOT NULL
) ENGINE=InnoDB DEFAULT CHARSET=utf8mb4 COLLATE=utf8mb4_0900_ai_ci;

--
-- Dumping data for table `account_roles`
--

INSERT INTO `account_roles` (`account_id`, `roles_id`) VALUES
('562db9be-1e0c9cc6-66569a1b', 1),
('562db9be-1e0c9cc6-66569a1b', 3),
('562db9be-1e0c9cc6-66569a1b', 2),
('baf537e3-ee782072-6f273b97', 1),
('baf537e3-ee782072-6f273b97', 2),
('fa19dcbd-241797c7-b83f36c5', 2),
('04767f9e-2fbe4a11-1684c93d', 2),
('7540f518-84b36801-ec034014', 2);

-- --------------------------------------------------------

--
-- Table structure for table `account_temp`
--

CREATE TABLE `account_temp` (
  `id` bigint NOT NULL,
  `address` varchar(255) NOT NULL,
  `code` varchar(255) NOT NULL,
  `create_at` datetime(6) NOT NULL,
  `email` varchar(128) NOT NULL,
  `fullname` varchar(255) NOT NULL,
  `ip` varchar(255) NOT NULL,
  `password` varchar(255) NOT NULL,
  `phone` varchar(255) NOT NULL,
  `times` int NOT NULL,
  `username` varchar(128) NOT NULL
) ENGINE=InnoDB DEFAULT CHARSET=utf8mb4 COLLATE=utf8mb4_0900_ai_ci;

-- --------------------------------------------------------

--
-- Table structure for table `account_temp_seq`
--

CREATE TABLE `account_temp_seq` (
  `next_val` bigint DEFAULT NULL
) ENGINE=InnoDB DEFAULT CHARSET=utf8mb4 COLLATE=utf8mb4_0900_ai_ci;

--
-- Dumping data for table `account_temp_seq`
--

INSERT INTO `account_temp_seq` (`next_val`) VALUES
(51);

-- --------------------------------------------------------

--
-- Table structure for table `booking`
--

CREATE TABLE `booking` (
  `id` varchar(26) NOT NULL,
  `create_at` datetime(6) NOT NULL,
  `status` varchar(255) DEFAULT NULL,
  `update_at` datetime(6) DEFAULT NULL,
  `show_id` varchar(26) NOT NULL,
  `user_id` varchar(26) NOT NULL
) ENGINE=InnoDB DEFAULT CHARSET=utf8mb4 COLLATE=utf8mb4_0900_ai_ci;

--
-- Dumping data for table `booking`
--

INSERT INTO `booking` (`id`, `create_at`, `status`, `update_at`, `show_id`, `user_id`) VALUES
('76027d91-63cf320f-4f35d314', '2023-06-26 06:52:15.047000', 'BOOKED', '2023-06-26 06:54:11.632000', '9ec7e849-190e222e-de378f6a', '7540f518-84b36801-ec034014');

-- --------------------------------------------------------

--
-- Table structure for table `booking_seats`
--

CREATE TABLE `booking_seats` (
  `booking_id` varchar(26) NOT NULL,
  `seats_id` varchar(26) NOT NULL
) ENGINE=InnoDB DEFAULT CHARSET=utf8mb4 COLLATE=utf8mb4_0900_ai_ci;

--
-- Dumping data for table `booking_seats`
--

INSERT INTO `booking_seats` (`booking_id`, `seats_id`) VALUES
('76027d91-63cf320f-4f35d314', '4RD62LCqDP'),
('76027d91-63cf320f-4f35d314', '1vjhQQUkZz');

-- --------------------------------------------------------

--
-- Table structure for table `cinema_hall`
--

CREATE TABLE `cinema_hall` (
  `id` varchar(26) NOT NULL,
  `capacity` int NOT NULL,
  `create_at` datetime(6) NOT NULL,
  `name` varchar(255) NOT NULL,
  `total_col` int NOT NULL,
  `total_row` int NOT NULL,
  `update_at` datetime(6) DEFAULT NULL
) ENGINE=InnoDB DEFAULT CHARSET=utf8mb4 COLLATE=utf8mb4_0900_ai_ci;

--
-- Dumping data for table `cinema_hall`
--

INSERT INTO `cinema_hall` (`id`, `capacity`, `create_at`, `name`, `total_col`, `total_row`, `update_at`) VALUES
('1dfb8524-601aede0-ef0c4c0d', 40, '2023-06-19 11:55:43.268000', 'B', 8, 5, '2023-06-19 11:55:43.268000'),
('336bd103-a0f4802e-875659cb', 40, '2023-06-19 11:55:43.271000', 'C', 8, 5, '2023-06-19 11:55:43.271000'),
('bd52169a-73795f48-9625ea04', 40, '2023-06-19 11:55:43.263000', 'A', 8, 5, '2023-06-19 11:55:43.263000'),
('d42f2662-d807a285-e929a245', 40, '2023-06-19 11:55:43.274000', 'D', 8, 5, '2023-06-19 11:55:43.274000');

-- --------------------------------------------------------

--
-- Table structure for table `cinema_seat`
--

CREATE TABLE `cinema_seat` (
  `id` bigint NOT NULL,
  `col_index` int DEFAULT NULL,
  `create_at` datetime(6) NOT NULL,
  `name` varchar(255) DEFAULT NULL,
  `price` double DEFAULT NULL,
  `row_index` int DEFAULT NULL,
  `seat_type` varchar(255) DEFAULT NULL,
  `status` varchar(255) DEFAULT NULL,
  `update_at` datetime(6) DEFAULT NULL,
  `cinemahall_id` varchar(26) DEFAULT NULL
) ENGINE=InnoDB DEFAULT CHARSET=utf8mb4 COLLATE=utf8mb4_0900_ai_ci;

--
-- Dumping data for table `cinema_seat`
--

INSERT INTO `cinema_seat` (`id`, `col_index`, `create_at`, `name`, `price`, `row_index`, `seat_type`, `status`, `update_at`, `cinemahall_id`) VALUES
(1, 1, '2023-06-19 11:55:43.280000', 'A1.1', 10000, 1, 'REGULAR', 'AVAILABLE', '2023-06-19 11:55:43.280000', 'bd52169a-73795f48-9625ea04'),
(2, 2, '2023-06-19 11:55:43.287000', 'A1.2', 10000, 1, 'REGULAR', 'AVAILABLE', '2023-06-19 11:55:43.287000', 'bd52169a-73795f48-9625ea04'),
(3, 3, '2023-06-19 11:55:43.290000', 'A1.3', 10000, 1, 'REGULAR', 'AVAILABLE', '2023-06-19 11:55:43.290000', 'bd52169a-73795f48-9625ea04'),
(4, 4, '2023-06-19 11:55:43.293000', 'A1.4', 10000, 1, 'REGULAR', 'AVAILABLE', '2023-06-19 11:55:43.293000', 'bd52169a-73795f48-9625ea04'),
(5, 5, '2023-06-19 11:55:43.297000', 'A1.5', 10000, 1, 'REGULAR', 'AVAILABLE', '2023-06-19 11:55:43.297000', 'bd52169a-73795f48-9625ea04'),
(6, 6, '2023-06-19 11:55:43.300000', 'A1.6', 10000, 1, 'REGULAR', 'AVAILABLE', '2023-06-19 11:55:43.300000', 'bd52169a-73795f48-9625ea04'),
(7, 7, '2023-06-19 11:55:43.304000', 'A1.7', 10000, 1, 'REGULAR', 'AVAILABLE', '2023-06-19 11:55:43.304000', 'bd52169a-73795f48-9625ea04'),
(8, 8, '2023-06-19 11:55:43.309000', 'A1.8', 10000, 1, 'REGULAR', 'AVAILABLE', '2023-06-19 11:55:43.309000', 'bd52169a-73795f48-9625ea04'),
(9, 1, '2023-06-19 11:55:43.313000', 'A2.1', 10000, 2, 'REGULAR', 'AVAILABLE', '2023-06-19 11:55:43.313000', 'bd52169a-73795f48-9625ea04'),
(10, 2, '2023-06-19 11:55:43.316000', 'A2.2', 10000, 2, 'REGULAR', 'AVAILABLE', '2023-06-19 11:55:43.316000', 'bd52169a-73795f48-9625ea04'),
(11, 3, '2023-06-19 11:55:43.320000', 'A2.3', 10000, 2, 'REGULAR', 'AVAILABLE', '2023-06-19 11:55:43.320000', 'bd52169a-73795f48-9625ea04'),
(12, 4, '2023-06-19 11:55:43.324000', 'A2.4', 10000, 2, 'REGULAR', 'AVAILABLE', '2023-06-19 11:55:43.324000', 'bd52169a-73795f48-9625ea04'),
(13, 5, '2023-06-19 11:55:43.327000', 'A2.5', 10000, 2, 'REGULAR', 'AVAILABLE', '2023-06-19 11:55:43.327000', 'bd52169a-73795f48-9625ea04'),
(14, 6, '2023-06-19 11:55:43.331000', 'A2.6', 10000, 2, 'REGULAR', 'AVAILABLE', '2023-06-19 11:55:43.331000', 'bd52169a-73795f48-9625ea04'),
(15, 7, '2023-06-19 11:55:43.335000', 'A2.7', 10000, 2, 'REGULAR', 'AVAILABLE', '2023-06-19 11:55:43.335000', 'bd52169a-73795f48-9625ea04'),
(16, 8, '2023-06-19 11:55:43.339000', 'A2.8', 10000, 2, 'REGULAR', 'AVAILABLE', '2023-06-19 11:55:43.339000', 'bd52169a-73795f48-9625ea04'),
(17, 1, '2023-06-19 11:55:43.342000', 'A3.1', 10000, 3, 'REGULAR', 'AVAILABLE', '2023-06-19 11:55:43.342000', 'bd52169a-73795f48-9625ea04'),
(18, 2, '2023-06-19 11:55:43.346000', 'A3.2', 10000, 3, 'REGULAR', 'AVAILABLE', '2023-06-19 11:55:43.346000', 'bd52169a-73795f48-9625ea04'),
(19, 3, '2023-06-19 11:55:43.349000', 'A3.3', 10000, 3, 'REGULAR', 'AVAILABLE', '2023-06-19 11:55:43.349000', 'bd52169a-73795f48-9625ea04'),
(20, 4, '2023-06-19 11:55:43.353000', 'A3.4', 10000, 3, 'REGULAR', 'AVAILABLE', '2023-06-19 11:55:43.353000', 'bd52169a-73795f48-9625ea04'),
(21, 5, '2023-06-19 11:55:43.356000', 'A3.5', 10000, 3, 'REGULAR', 'AVAILABLE', '2023-06-19 11:55:43.356000', 'bd52169a-73795f48-9625ea04'),
(22, 6, '2023-06-19 11:55:43.359000', 'A3.6', 10000, 3, 'REGULAR', 'AVAILABLE', '2023-06-19 11:55:43.359000', 'bd52169a-73795f48-9625ea04'),
(23, 7, '2023-06-19 11:55:43.363000', 'A3.7', 10000, 3, 'REGULAR', 'AVAILABLE', '2023-06-19 11:55:43.363000', 'bd52169a-73795f48-9625ea04'),
(24, 8, '2023-06-19 11:55:43.366000', 'A3.8', 10000, 3, 'REGULAR', 'AVAILABLE', '2023-06-19 11:55:43.366000', 'bd52169a-73795f48-9625ea04'),
(25, 1, '2023-06-19 11:55:43.369000', 'A4.1', 10000, 4, 'REGULAR', 'AVAILABLE', '2023-06-19 11:55:43.369000', 'bd52169a-73795f48-9625ea04'),
(26, 2, '2023-06-19 11:55:43.373000', 'A4.2', 10000, 4, 'REGULAR', 'AVAILABLE', '2023-06-19 11:55:43.373000', 'bd52169a-73795f48-9625ea04'),
(27, 3, '2023-06-19 11:55:43.376000', 'A4.3', 10000, 4, 'REGULAR', 'AVAILABLE', '2023-06-19 11:55:43.376000', 'bd52169a-73795f48-9625ea04'),
(28, 4, '2023-06-19 11:55:43.379000', 'A4.4', 10000, 4, 'REGULAR', 'AVAILABLE', '2023-06-19 11:55:43.379000', 'bd52169a-73795f48-9625ea04'),
(29, 5, '2023-06-19 11:55:43.384000', 'A4.5', 10000, 4, 'REGULAR', 'AVAILABLE', '2023-06-19 11:55:43.384000', 'bd52169a-73795f48-9625ea04'),
(30, 6, '2023-06-19 11:55:43.388000', 'A4.6', 10000, 4, 'REGULAR', 'AVAILABLE', '2023-06-19 11:55:43.388000', 'bd52169a-73795f48-9625ea04'),
(31, 7, '2023-06-19 11:55:43.392000', 'A4.7', 10000, 4, 'REGULAR', 'AVAILABLE', '2023-06-19 11:55:43.392000', 'bd52169a-73795f48-9625ea04'),
(32, 8, '2023-06-19 11:55:43.395000', 'A4.8', 10000, 4, 'REGULAR', 'AVAILABLE', '2023-06-19 11:55:43.395000', 'bd52169a-73795f48-9625ea04'),
(33, 1, '2023-06-19 11:55:43.399000', 'A5.1', 10000, 5, 'REGULAR', 'AVAILABLE', '2023-06-19 11:55:43.399000', 'bd52169a-73795f48-9625ea04'),
(34, 2, '2023-06-19 11:55:43.403000', 'A5.2', 10000, 5, 'REGULAR', 'AVAILABLE', '2023-06-19 11:55:43.403000', 'bd52169a-73795f48-9625ea04'),
(35, 3, '2023-06-19 11:55:43.406000', 'A5.3', 10000, 5, 'REGULAR', 'AVAILABLE', '2023-06-19 11:55:43.406000', 'bd52169a-73795f48-9625ea04'),
(36, 4, '2023-06-19 11:55:43.409000', 'A5.4', 10000, 5, 'REGULAR', 'AVAILABLE', '2023-06-19 11:55:43.409000', 'bd52169a-73795f48-9625ea04'),
(37, 5, '2023-06-19 11:55:43.413000', 'A5.5', 10000, 5, 'REGULAR', 'AVAILABLE', '2023-06-19 11:55:43.413000', 'bd52169a-73795f48-9625ea04'),
(38, 6, '2023-06-19 11:55:43.416000', 'A5.6', 10000, 5, 'REGULAR', 'AVAILABLE', '2023-06-19 11:55:43.416000', 'bd52169a-73795f48-9625ea04'),
(39, 7, '2023-06-19 11:55:43.420000', 'A5.7', 10000, 5, 'REGULAR', 'AVAILABLE', '2023-06-19 11:55:43.420000', 'bd52169a-73795f48-9625ea04'),
(40, 8, '2023-06-19 11:55:43.423000', 'A5.8', 10000, 5, 'REGULAR', 'AVAILABLE', '2023-06-19 11:55:43.423000', 'bd52169a-73795f48-9625ea04'),
(41, 1, '2023-06-19 11:55:43.429000', 'B1.1', 10000, 1, 'REGULAR', 'AVAILABLE', '2023-06-19 11:55:43.429000', '1dfb8524-601aede0-ef0c4c0d'),
(42, 2, '2023-06-19 11:55:43.432000', 'B1.2', 10000, 1, 'REGULAR', 'AVAILABLE', '2023-06-19 11:55:43.432000', '1dfb8524-601aede0-ef0c4c0d'),
(43, 3, '2023-06-19 11:55:43.436000', 'B1.3', 10000, 1, 'REGULAR', 'AVAILABLE', '2023-06-19 11:55:43.436000', '1dfb8524-601aede0-ef0c4c0d'),
(44, 4, '2023-06-19 11:55:43.439000', 'B1.4', 10000, 1, 'REGULAR', 'AVAILABLE', '2023-06-19 11:55:43.439000', '1dfb8524-601aede0-ef0c4c0d'),
(45, 5, '2023-06-19 11:55:43.442000', 'B1.5', 10000, 1, 'REGULAR', 'AVAILABLE', '2023-06-19 11:55:43.442000', '1dfb8524-601aede0-ef0c4c0d'),
(46, 6, '2023-06-19 11:55:43.445000', 'B1.6', 10000, 1, 'REGULAR', 'AVAILABLE', '2023-06-19 11:55:43.445000', '1dfb8524-601aede0-ef0c4c0d'),
(47, 7, '2023-06-19 11:55:43.449000', 'B1.7', 10000, 1, 'REGULAR', 'AVAILABLE', '2023-06-19 11:55:43.449000', '1dfb8524-601aede0-ef0c4c0d'),
(48, 8, '2023-06-19 11:55:43.454000', 'B1.8', 10000, 1, 'REGULAR', 'AVAILABLE', '2023-06-19 11:55:43.454000', '1dfb8524-601aede0-ef0c4c0d'),
(49, 1, '2023-06-19 11:55:43.457000', 'B2.1', 10000, 2, 'REGULAR', 'AVAILABLE', '2023-06-19 11:55:43.457000', '1dfb8524-601aede0-ef0c4c0d'),
(50, 2, '2023-06-19 11:55:43.461000', 'B2.2', 10000, 2, 'REGULAR', 'AVAILABLE', '2023-06-19 11:55:43.461000', '1dfb8524-601aede0-ef0c4c0d'),
(51, 3, '2023-06-19 11:55:43.464000', 'B2.3', 10000, 2, 'REGULAR', 'AVAILABLE', '2023-06-19 11:55:43.464000', '1dfb8524-601aede0-ef0c4c0d'),
(52, 4, '2023-06-19 11:55:43.468000', 'B2.4', 10000, 2, 'REGULAR', 'AVAILABLE', '2023-06-19 11:55:43.468000', '1dfb8524-601aede0-ef0c4c0d'),
(53, 5, '2023-06-19 11:55:43.471000', 'B2.5', 10000, 2, 'REGULAR', 'AVAILABLE', '2023-06-19 11:55:43.471000', '1dfb8524-601aede0-ef0c4c0d'),
(54, 6, '2023-06-19 11:55:43.475000', 'B2.6', 10000, 2, 'REGULAR', 'AVAILABLE', '2023-06-19 11:55:43.475000', '1dfb8524-601aede0-ef0c4c0d'),
(55, 7, '2023-06-19 11:55:43.478000', 'B2.7', 10000, 2, 'REGULAR', 'AVAILABLE', '2023-06-19 11:55:43.478000', '1dfb8524-601aede0-ef0c4c0d'),
(56, 8, '2023-06-19 11:55:43.482000', 'B2.8', 10000, 2, 'REGULAR', 'AVAILABLE', '2023-06-19 11:55:43.482000', '1dfb8524-601aede0-ef0c4c0d'),
(57, 1, '2023-06-19 11:55:43.484000', 'B3.1', 10000, 3, 'REGULAR', 'AVAILABLE', '2023-06-19 11:55:43.484000', '1dfb8524-601aede0-ef0c4c0d'),
(58, 2, '2023-06-19 11:55:43.488000', 'B3.2', 10000, 3, 'REGULAR', 'AVAILABLE', '2023-06-19 11:55:43.488000', '1dfb8524-601aede0-ef0c4c0d'),
(59, 3, '2023-06-19 11:55:43.492000', 'B3.3', 10000, 3, 'REGULAR', 'AVAILABLE', '2023-06-19 11:55:43.492000', '1dfb8524-601aede0-ef0c4c0d'),
(60, 4, '2023-06-19 11:55:43.496000', 'B3.4', 10000, 3, 'REGULAR', 'AVAILABLE', '2023-06-19 11:55:43.496000', '1dfb8524-601aede0-ef0c4c0d'),
(61, 5, '2023-06-19 11:55:43.500000', 'B3.5', 10000, 3, 'REGULAR', 'AVAILABLE', '2023-06-19 11:55:43.500000', '1dfb8524-601aede0-ef0c4c0d'),
(62, 6, '2023-06-19 11:55:43.503000', 'B3.6', 10000, 3, 'REGULAR', 'AVAILABLE', '2023-06-19 11:55:43.503000', '1dfb8524-601aede0-ef0c4c0d'),
(63, 7, '2023-06-19 11:55:43.507000', 'B3.7', 10000, 3, 'REGULAR', 'AVAILABLE', '2023-06-19 11:55:43.507000', '1dfb8524-601aede0-ef0c4c0d'),
(64, 8, '2023-06-19 11:55:43.510000', 'B3.8', 10000, 3, 'REGULAR', 'AVAILABLE', '2023-06-19 11:55:43.510000', '1dfb8524-601aede0-ef0c4c0d'),
(65, 1, '2023-06-19 11:55:43.514000', 'B4.1', 10000, 4, 'REGULAR', 'AVAILABLE', '2023-06-19 11:55:43.514000', '1dfb8524-601aede0-ef0c4c0d'),
(66, 2, '2023-06-19 11:55:43.517000', 'B4.2', 10000, 4, 'REGULAR', 'AVAILABLE', '2023-06-19 11:55:43.517000', '1dfb8524-601aede0-ef0c4c0d'),
(67, 3, '2023-06-19 11:55:43.520000', 'B4.3', 10000, 4, 'REGULAR', 'AVAILABLE', '2023-06-19 11:55:43.520000', '1dfb8524-601aede0-ef0c4c0d'),
(68, 4, '2023-06-19 11:55:43.522000', 'B4.4', 10000, 4, 'REGULAR', 'AVAILABLE', '2023-06-19 11:55:43.522000', '1dfb8524-601aede0-ef0c4c0d'),
(69, 5, '2023-06-19 11:55:43.524000', 'B4.5', 10000, 4, 'REGULAR', 'AVAILABLE', '2023-06-19 11:55:43.524000', '1dfb8524-601aede0-ef0c4c0d'),
(70, 6, '2023-06-19 11:55:43.528000', 'B4.6', 10000, 4, 'REGULAR', 'AVAILABLE', '2023-06-19 11:55:43.528000', '1dfb8524-601aede0-ef0c4c0d'),
(71, 7, '2023-06-19 11:55:43.531000', 'B4.7', 10000, 4, 'REGULAR', 'AVAILABLE', '2023-06-19 11:55:43.531000', '1dfb8524-601aede0-ef0c4c0d'),
(72, 8, '2023-06-19 11:55:43.534000', 'B4.8', 10000, 4, 'REGULAR', 'AVAILABLE', '2023-06-19 11:55:43.534000', '1dfb8524-601aede0-ef0c4c0d'),
(73, 1, '2023-06-19 11:55:43.537000', 'B5.1', 10000, 5, 'REGULAR', 'AVAILABLE', '2023-06-19 11:55:43.537000', '1dfb8524-601aede0-ef0c4c0d'),
(74, 2, '2023-06-19 11:55:43.541000', 'B5.2', 10000, 5, 'REGULAR', 'AVAILABLE', '2023-06-19 11:55:43.541000', '1dfb8524-601aede0-ef0c4c0d'),
(75, 3, '2023-06-19 11:55:43.545000', 'B5.3', 10000, 5, 'REGULAR', 'AVAILABLE', '2023-06-19 11:55:43.545000', '1dfb8524-601aede0-ef0c4c0d'),
(76, 4, '2023-06-19 11:55:43.548000', 'B5.4', 10000, 5, 'REGULAR', 'AVAILABLE', '2023-06-19 11:55:43.548000', '1dfb8524-601aede0-ef0c4c0d'),
(77, 5, '2023-06-19 11:55:43.551000', 'B5.5', 10000, 5, 'REGULAR', 'AVAILABLE', '2023-06-19 11:55:43.551000', '1dfb8524-601aede0-ef0c4c0d'),
(78, 6, '2023-06-19 11:55:43.555000', 'B5.6', 10000, 5, 'REGULAR', 'AVAILABLE', '2023-06-19 11:55:43.555000', '1dfb8524-601aede0-ef0c4c0d'),
(79, 7, '2023-06-19 11:55:43.559000', 'B5.7', 10000, 5, 'REGULAR', 'AVAILABLE', '2023-06-19 11:55:43.559000', '1dfb8524-601aede0-ef0c4c0d'),
(80, 8, '2023-06-19 11:55:43.563000', 'B5.8', 10000, 5, 'REGULAR', 'AVAILABLE', '2023-06-19 11:55:43.563000', '1dfb8524-601aede0-ef0c4c0d'),
(81, 1, '2023-06-19 11:55:43.568000', 'C1.1', 10000, 1, 'REGULAR', 'AVAILABLE', '2023-06-19 11:55:43.568000', '336bd103-a0f4802e-875659cb'),
(82, 2, '2023-06-19 11:55:43.572000', 'C1.2', 10000, 1, 'REGULAR', 'AVAILABLE', '2023-06-19 11:55:43.572000', '336bd103-a0f4802e-875659cb'),
(83, 3, '2023-06-19 11:55:43.576000', 'C1.3', 10000, 1, 'REGULAR', 'AVAILABLE', '2023-06-19 11:55:43.576000', '336bd103-a0f4802e-875659cb'),
(84, 4, '2023-06-19 11:55:43.580000', 'C1.4', 10000, 1, 'REGULAR', 'AVAILABLE', '2023-06-19 11:55:43.580000', '336bd103-a0f4802e-875659cb'),
(85, 5, '2023-06-19 11:55:43.584000', 'C1.5', 10000, 1, 'REGULAR', 'AVAILABLE', '2023-06-19 11:55:43.584000', '336bd103-a0f4802e-875659cb'),
(86, 6, '2023-06-19 11:55:43.587000', 'C1.6', 10000, 1, 'REGULAR', 'AVAILABLE', '2023-06-19 11:55:43.587000', '336bd103-a0f4802e-875659cb'),
(87, 7, '2023-06-19 11:55:43.590000', 'C1.7', 10000, 1, 'REGULAR', 'AVAILABLE', '2023-06-19 11:55:43.590000', '336bd103-a0f4802e-875659cb'),
(88, 8, '2023-06-19 11:55:43.594000', 'C1.8', 10000, 1, 'REGULAR', 'AVAILABLE', '2023-06-19 11:55:43.594000', '336bd103-a0f4802e-875659cb'),
(89, 1, '2023-06-19 11:55:43.597000', 'C2.1', 10000, 2, 'REGULAR', 'AVAILABLE', '2023-06-19 11:55:43.597000', '336bd103-a0f4802e-875659cb'),
(90, 2, '2023-06-19 11:55:43.600000', 'C2.2', 10000, 2, 'REGULAR', 'AVAILABLE', '2023-06-19 11:55:43.600000', '336bd103-a0f4802e-875659cb'),
(91, 3, '2023-06-19 11:55:43.602000', 'C2.3', 10000, 2, 'REGULAR', 'AVAILABLE', '2023-06-19 11:55:43.602000', '336bd103-a0f4802e-875659cb'),
(92, 4, '2023-06-19 11:55:43.605000', 'C2.4', 10000, 2, 'REGULAR', 'AVAILABLE', '2023-06-19 11:55:43.605000', '336bd103-a0f4802e-875659cb'),
(93, 5, '2023-06-19 11:55:43.608000', 'C2.5', 10000, 2, 'REGULAR', 'AVAILABLE', '2023-06-19 11:55:43.608000', '336bd103-a0f4802e-875659cb'),
(94, 6, '2023-06-19 11:55:43.611000', 'C2.6', 10000, 2, 'REGULAR', 'AVAILABLE', '2023-06-19 11:55:43.611000', '336bd103-a0f4802e-875659cb'),
(95, 7, '2023-06-19 11:55:43.614000', 'C2.7', 10000, 2, 'REGULAR', 'AVAILABLE', '2023-06-19 11:55:43.614000', '336bd103-a0f4802e-875659cb'),
(96, 8, '2023-06-19 11:55:43.617000', 'C2.8', 10000, 2, 'REGULAR', 'AVAILABLE', '2023-06-19 11:55:43.617000', '336bd103-a0f4802e-875659cb'),
(97, 1, '2023-06-19 11:55:43.621000', 'C3.1', 10000, 3, 'REGULAR', 'AVAILABLE', '2023-06-19 11:55:43.621000', '336bd103-a0f4802e-875659cb'),
(98, 2, '2023-06-19 11:55:43.624000', 'C3.2', 10000, 3, 'REGULAR', 'AVAILABLE', '2023-06-19 11:55:43.624000', '336bd103-a0f4802e-875659cb'),
(99, 3, '2023-06-19 11:55:43.627000', 'C3.3', 10000, 3, 'REGULAR', 'AVAILABLE', '2023-06-19 11:55:43.627000', '336bd103-a0f4802e-875659cb'),
(100, 4, '2023-06-19 11:55:43.632000', 'C3.4', 10000, 3, 'REGULAR', 'AVAILABLE', '2023-06-19 11:55:43.632000', '336bd103-a0f4802e-875659cb'),
(101, 5, '2023-06-19 11:55:43.635000', 'C3.5', 10000, 3, 'REGULAR', 'AVAILABLE', '2023-06-19 11:55:43.635000', '336bd103-a0f4802e-875659cb'),
(102, 6, '2023-06-19 11:55:43.639000', 'C3.6', 10000, 3, 'REGULAR', 'AVAILABLE', '2023-06-19 11:55:43.639000', '336bd103-a0f4802e-875659cb'),
(103, 7, '2023-06-19 11:55:43.642000', 'C3.7', 10000, 3, 'REGULAR', 'AVAILABLE', '2023-06-19 11:55:43.642000', '336bd103-a0f4802e-875659cb'),
(104, 8, '2023-06-19 11:55:43.644000', 'C3.8', 10000, 3, 'REGULAR', 'AVAILABLE', '2023-06-19 11:55:43.644000', '336bd103-a0f4802e-875659cb'),
(105, 1, '2023-06-19 11:55:43.647000', 'C4.1', 10000, 4, 'REGULAR', 'AVAILABLE', '2023-06-19 11:55:43.647000', '336bd103-a0f4802e-875659cb'),
(106, 2, '2023-06-19 11:55:43.649000', 'C4.2', 10000, 4, 'REGULAR', 'AVAILABLE', '2023-06-19 11:55:43.649000', '336bd103-a0f4802e-875659cb'),
(107, 3, '2023-06-19 11:55:43.652000', 'C4.3', 10000, 4, 'REGULAR', 'AVAILABLE', '2023-06-19 11:55:43.652000', '336bd103-a0f4802e-875659cb'),
(108, 4, '2023-06-19 11:55:43.654000', 'C4.4', 10000, 4, 'REGULAR', 'AVAILABLE', '2023-06-19 11:55:43.654000', '336bd103-a0f4802e-875659cb'),
(109, 5, '2023-06-19 11:55:43.656000', 'C4.5', 10000, 4, 'REGULAR', 'AVAILABLE', '2023-06-19 11:55:43.656000', '336bd103-a0f4802e-875659cb'),
(110, 6, '2023-06-19 11:55:43.659000', 'C4.6', 10000, 4, 'REGULAR', 'AVAILABLE', '2023-06-19 11:55:43.659000', '336bd103-a0f4802e-875659cb'),
(111, 7, '2023-06-19 11:55:43.661000', 'C4.7', 10000, 4, 'REGULAR', 'AVAILABLE', '2023-06-19 11:55:43.661000', '336bd103-a0f4802e-875659cb'),
(112, 8, '2023-06-19 11:55:43.665000', 'C4.8', 10000, 4, 'REGULAR', 'AVAILABLE', '2023-06-19 11:55:43.665000', '336bd103-a0f4802e-875659cb'),
(113, 1, '2023-06-19 11:55:43.668000', 'C5.1', 10000, 5, 'REGULAR', 'AVAILABLE', '2023-06-19 11:55:43.668000', '336bd103-a0f4802e-875659cb'),
(114, 2, '2023-06-19 11:55:43.670000', 'C5.2', 10000, 5, 'REGULAR', 'AVAILABLE', '2023-06-19 11:55:43.670000', '336bd103-a0f4802e-875659cb'),
(115, 3, '2023-06-19 11:55:43.673000', 'C5.3', 10000, 5, 'REGULAR', 'AVAILABLE', '2023-06-19 11:55:43.673000', '336bd103-a0f4802e-875659cb'),
(116, 4, '2023-06-19 11:55:43.676000', 'C5.4', 10000, 5, 'REGULAR', 'AVAILABLE', '2023-06-19 11:55:43.676000', '336bd103-a0f4802e-875659cb'),
(117, 5, '2023-06-19 11:55:43.679000', 'C5.5', 10000, 5, 'REGULAR', 'AVAILABLE', '2023-06-19 11:55:43.679000', '336bd103-a0f4802e-875659cb'),
(118, 6, '2023-06-19 11:55:43.682000', 'C5.6', 10000, 5, 'REGULAR', 'AVAILABLE', '2023-06-19 11:55:43.682000', '336bd103-a0f4802e-875659cb'),
(119, 7, '2023-06-19 11:55:43.685000', 'C5.7', 10000, 5, 'REGULAR', 'AVAILABLE', '2023-06-19 11:55:43.685000', '336bd103-a0f4802e-875659cb'),
(120, 8, '2023-06-19 11:55:43.688000', 'C5.8', 10000, 5, 'REGULAR', 'AVAILABLE', '2023-06-19 11:55:43.688000', '336bd103-a0f4802e-875659cb'),
(121, 1, '2023-06-19 11:55:43.693000', 'D1.1', 10000, 1, 'REGULAR', 'AVAILABLE', '2023-06-19 11:55:43.693000', 'd42f2662-d807a285-e929a245'),
(122, 2, '2023-06-19 11:55:43.695000', 'D1.2', 10000, 1, 'REGULAR', 'AVAILABLE', '2023-06-19 11:55:43.695000', 'd42f2662-d807a285-e929a245'),
(123, 3, '2023-06-19 11:55:43.699000', 'D1.3', 10000, 1, 'REGULAR', 'AVAILABLE', '2023-06-19 11:55:43.699000', 'd42f2662-d807a285-e929a245'),
(124, 4, '2023-06-19 11:55:43.701000', 'D1.4', 10000, 1, 'REGULAR', 'AVAILABLE', '2023-06-19 11:55:43.701000', 'd42f2662-d807a285-e929a245'),
(125, 5, '2023-06-19 11:55:43.704000', 'D1.5', 10000, 1, 'REGULAR', 'AVAILABLE', '2023-06-19 11:55:43.704000', 'd42f2662-d807a285-e929a245'),
(126, 6, '2023-06-19 11:55:43.708000', 'D1.6', 10000, 1, 'REGULAR', 'AVAILABLE', '2023-06-19 11:55:43.708000', 'd42f2662-d807a285-e929a245'),
(127, 7, '2023-06-19 11:55:43.713000', 'D1.7', 10000, 1, 'REGULAR', 'AVAILABLE', '2023-06-19 11:55:43.713000', 'd42f2662-d807a285-e929a245'),
(128, 8, '2023-06-19 11:55:43.717000', 'D1.8', 10000, 1, 'REGULAR', 'AVAILABLE', '2023-06-19 11:55:43.717000', 'd42f2662-d807a285-e929a245'),
(129, 1, '2023-06-19 11:55:43.720000', 'D2.1', 10000, 2, 'REGULAR', 'AVAILABLE', '2023-06-19 11:55:43.720000', 'd42f2662-d807a285-e929a245'),
(130, 2, '2023-06-19 11:55:43.723000', 'D2.2', 10000, 2, 'REGULAR', 'AVAILABLE', '2023-06-19 11:55:43.723000', 'd42f2662-d807a285-e929a245'),
(131, 3, '2023-06-19 11:55:43.726000', 'D2.3', 10000, 2, 'REGULAR', 'AVAILABLE', '2023-06-19 11:55:43.726000', 'd42f2662-d807a285-e929a245'),
(132, 4, '2023-06-19 11:55:43.729000', 'D2.4', 10000, 2, 'REGULAR', 'AVAILABLE', '2023-06-19 11:55:43.729000', 'd42f2662-d807a285-e929a245'),
(133, 5, '2023-06-19 11:55:43.732000', 'D2.5', 10000, 2, 'REGULAR', 'AVAILABLE', '2023-06-19 11:55:43.732000', 'd42f2662-d807a285-e929a245'),
(134, 6, '2023-06-19 11:55:43.735000', 'D2.6', 10000, 2, 'REGULAR', 'AVAILABLE', '2023-06-19 11:55:43.735000', 'd42f2662-d807a285-e929a245'),
(135, 7, '2023-06-19 11:55:43.738000', 'D2.7', 10000, 2, 'REGULAR', 'AVAILABLE', '2023-06-19 11:55:43.738000', 'd42f2662-d807a285-e929a245'),
(136, 8, '2023-06-19 11:55:43.742000', 'D2.8', 10000, 2, 'REGULAR', 'AVAILABLE', '2023-06-19 11:55:43.742000', 'd42f2662-d807a285-e929a245'),
(137, 1, '2023-06-19 11:55:43.744000', 'D3.1', 10000, 3, 'REGULAR', 'AVAILABLE', '2023-06-19 11:55:43.744000', 'd42f2662-d807a285-e929a245'),
(138, 2, '2023-06-19 11:55:43.748000', 'D3.2', 10000, 3, 'REGULAR', 'AVAILABLE', '2023-06-19 11:55:43.748000', 'd42f2662-d807a285-e929a245'),
(139, 3, '2023-06-19 11:55:43.751000', 'D3.3', 10000, 3, 'REGULAR', 'AVAILABLE', '2023-06-19 11:55:43.751000', 'd42f2662-d807a285-e929a245'),
(140, 4, '2023-06-19 11:55:43.755000', 'D3.4', 10000, 3, 'REGULAR', 'AVAILABLE', '2023-06-19 11:55:43.755000', 'd42f2662-d807a285-e929a245'),
(141, 5, '2023-06-19 11:55:43.759000', 'D3.5', 10000, 3, 'REGULAR', 'AVAILABLE', '2023-06-19 11:55:43.759000', 'd42f2662-d807a285-e929a245'),
(142, 6, '2023-06-19 11:55:43.762000', 'D3.6', 10000, 3, 'REGULAR', 'AVAILABLE', '2023-06-19 11:55:43.762000', 'd42f2662-d807a285-e929a245'),
(143, 7, '2023-06-19 11:55:43.765000', 'D3.7', 10000, 3, 'REGULAR', 'AVAILABLE', '2023-06-19 11:55:43.765000', 'd42f2662-d807a285-e929a245'),
(144, 8, '2023-06-19 11:55:43.768000', 'D3.8', 10000, 3, 'REGULAR', 'AVAILABLE', '2023-06-19 11:55:43.768000', 'd42f2662-d807a285-e929a245'),
(145, 1, '2023-06-19 11:55:43.771000', 'D4.1', 10000, 4, 'REGULAR', 'AVAILABLE', '2023-06-19 11:55:43.771000', 'd42f2662-d807a285-e929a245'),
(146, 2, '2023-06-19 11:55:43.775000', 'D4.2', 10000, 4, 'REGULAR', 'AVAILABLE', '2023-06-19 11:55:43.775000', 'd42f2662-d807a285-e929a245'),
(147, 3, '2023-06-19 11:55:43.778000', 'D4.3', 10000, 4, 'REGULAR', 'AVAILABLE', '2023-06-19 11:55:43.778000', 'd42f2662-d807a285-e929a245'),
(148, 4, '2023-06-19 11:55:43.781000', 'D4.4', 10000, 4, 'REGULAR', 'AVAILABLE', '2023-06-19 11:55:43.781000', 'd42f2662-d807a285-e929a245'),
(149, 5, '2023-06-19 11:55:43.784000', 'D4.5', 10000, 4, 'REGULAR', 'AVAILABLE', '2023-06-19 11:55:43.784000', 'd42f2662-d807a285-e929a245'),
(150, 6, '2023-06-19 11:55:43.787000', 'D4.6', 10000, 4, 'REGULAR', 'AVAILABLE', '2023-06-19 11:55:43.787000', 'd42f2662-d807a285-e929a245'),
(151, 7, '2023-06-19 11:55:43.791000', 'D4.7', 10000, 4, 'REGULAR', 'AVAILABLE', '2023-06-19 11:55:43.791000', 'd42f2662-d807a285-e929a245'),
(152, 8, '2023-06-19 11:55:43.793000', 'D4.8', 10000, 4, 'REGULAR', 'AVAILABLE', '2023-06-19 11:55:43.793000', 'd42f2662-d807a285-e929a245'),
(153, 1, '2023-06-19 11:55:43.796000', 'D5.1', 10000, 5, 'REGULAR', 'AVAILABLE', '2023-06-19 11:55:43.796000', 'd42f2662-d807a285-e929a245'),
(154, 2, '2023-06-19 11:55:43.799000', 'D5.2', 10000, 5, 'REGULAR', 'AVAILABLE', '2023-06-19 11:55:43.799000', 'd42f2662-d807a285-e929a245'),
(155, 3, '2023-06-19 11:55:43.802000', 'D5.3', 10000, 5, 'REGULAR', 'AVAILABLE', '2023-06-19 11:55:43.802000', 'd42f2662-d807a285-e929a245'),
(156, 4, '2023-06-19 11:55:43.805000', 'D5.4', 10000, 5, 'REGULAR', 'AVAILABLE', '2023-06-19 11:55:43.805000', 'd42f2662-d807a285-e929a245'),
(157, 5, '2023-06-19 11:55:43.808000', 'D5.5', 10000, 5, 'REGULAR', 'AVAILABLE', '2023-06-19 11:55:43.808000', 'd42f2662-d807a285-e929a245'),
(158, 6, '2023-06-19 11:55:43.812000', 'D5.6', 10000, 5, 'REGULAR', 'AVAILABLE', '2023-06-19 11:55:43.812000', 'd42f2662-d807a285-e929a245'),
(159, 7, '2023-06-19 11:55:43.815000', 'D5.7', 10000, 5, 'REGULAR', 'AVAILABLE', '2023-06-19 11:55:43.815000', 'd42f2662-d807a285-e929a245'),
(160, 8, '2023-06-19 11:55:43.818000', 'D5.8', 10000, 5, 'REGULAR', 'AVAILABLE', '2023-06-19 11:55:43.818000', 'd42f2662-d807a285-e929a245');

-- --------------------------------------------------------

--
-- Table structure for table `cinema_show`
--

CREATE TABLE `cinema_show` (
  `id` varchar(26) NOT NULL,
  `create_at` datetime(6) NOT NULL,
  `end_time` datetime(6) DEFAULT NULL,
  `start_time` datetime(6) NOT NULL,
  `update_at` datetime(6) DEFAULT NULL,
  `cinema_hall_id` varchar(26) DEFAULT NULL,
  `movie_id` bigint DEFAULT NULL
) ENGINE=InnoDB DEFAULT CHARSET=utf8mb4 COLLATE=utf8mb4_0900_ai_ci;

--
-- Dumping data for table `cinema_show`
--

INSERT INTO `cinema_show` (`id`, `create_at`, `end_time`, `start_time`, `update_at`, `cinema_hall_id`, `movie_id`) VALUES
('00165067-e870465b-45245005', '2023-06-19 11:58:57.865000', '2023-06-10 14:58:00.000000', '2023-06-10 13:15:00.000000', '2023-06-19 11:58:57.865000', '336bd103-a0f4802e-875659cb', 10),
('0c591085-01d67658-65dd19df', '2023-06-19 11:58:56.874000', '2023-06-12 18:42:00.000000', '2023-06-12 17:00:00.000000', '2023-06-19 11:58:56.874000', 'd42f2662-d807a285-e929a245', 4),
('10dc60e3-8630f0f2-4e69201a', '2023-06-19 11:58:55.625000', '2023-06-08 15:30:00.000000', '2023-06-08 14:00:00.000000', '2023-06-19 11:58:55.625000', 'bd52169a-73795f48-9625ea04', 5),
('1253d416-1461a365-45f8c445', '2023-06-19 11:58:56.646000', '2023-06-08 19:58:00.000000', '2023-06-08 18:15:00.000000', '2023-06-19 11:58:56.646000', 'bd52169a-73795f48-9625ea04', 11),
('243863a7-c6674692-e1f80a99', '2023-06-19 11:58:57.045000', '2023-06-11 21:55:00.000000', '2023-06-11 19:45:00.000000', '2023-06-19 11:58:57.045000', '1dfb8524-601aede0-ef0c4c0d', 20),
('25d7d885-39cdc7e1-6aaabf75', '2023-06-19 11:58:55.798000', '2023-06-11 17:26:00.000000', '2023-06-11 15:45:00.000000', '2023-06-19 11:58:55.798000', 'd42f2662-d807a285-e929a245', 13),
('294022bf-3dcd2d6e-26e74c77', '2023-06-19 11:58:54.258000', '2023-06-08 23:25:00.000000', '2023-06-08 21:15:00.000000', '2023-06-19 11:58:54.258000', 'bd52169a-73795f48-9625ea04', 22),
('2e9977a7-e5770b06-eacbd3c3', '2023-06-19 11:58:55.264000', '2023-06-12 18:40:00.000000', '2023-06-12 16:30:00.000000', '2023-06-19 11:58:55.264000', '1dfb8524-601aede0-ef0c4c0d', 23),
('3366b2d8-914c4cdd-dd19921e', '2023-06-19 11:58:54.937000', '2023-06-10 14:10:00.000000', '2023-06-10 12:00:00.000000', '2023-06-19 11:58:54.937000', '336bd103-a0f4802e-875659cb', 19),
('33c9b15c-f26b7368-dbb825a3', '2023-06-19 11:58:54.071000', '2023-06-10 17:09:00.000000', '2023-06-10 14:45:00.000000', '2023-06-19 11:58:54.071000', '336bd103-a0f4802e-875659cb', 9),
('42334790-513e778b-d54e8923', '2023-06-19 11:58:58.513000', '2023-06-13 22:25:00.000000', '2023-06-13 20:15:00.000000', '2023-06-19 11:58:58.513000', '1dfb8524-601aede0-ef0c4c0d', 24),
('49bff82b-5212cbd4-2bb51ab5', '2023-06-19 11:58:54.776000', '2023-06-09 17:45:00.000000', '2023-06-09 16:15:00.000000', '2023-06-19 11:58:54.776000', 'd42f2662-d807a285-e929a245', 6),
('53343824-597887ef-e43f61be', '2023-06-19 11:58:59.414000', '2023-06-08 20:09:00.000000', '2023-06-08 17:45:00.000000', '2023-06-19 11:58:59.414000', 'bd52169a-73795f48-9625ea04', 9),
('5682ad59-1c54857b-7b257361', '2023-06-19 11:58:58.693000', '2023-06-09 19:00:00.000000', '2023-06-09 17:30:00.000000', '2023-06-19 11:58:58.693000', 'd42f2662-d807a285-e929a245', 5),
('61d2f5d8-15400daa-3f1fa87a', '2023-06-19 11:58:55.100000', '2023-06-07 20:33:00.000000', '2023-06-07 18:45:00.000000', '2023-06-19 11:58:55.100000', 'bd52169a-73795f48-9625ea04', 8),
('66bf2624-fb3bb5fa-210bed10', '2023-06-19 11:58:55.438000', '2023-06-12 18:40:00.000000', '2023-06-12 16:30:00.000000', '2023-06-19 11:58:55.438000', '1dfb8524-601aede0-ef0c4c0d', 23),
('681eef78-56f9e7e6-4ad01caf', '2023-06-19 11:58:59.056000', '2023-06-07 17:13:00.000000', '2023-06-07 15:00:00.000000', '2023-06-19 11:58:59.056000', 'bd52169a-73795f48-9625ea04', 7),
('6c099fa9-34b6b048-22457468', '2023-06-19 11:58:58.064000', '2023-06-08 22:55:00.000000', '2023-06-08 20:45:00.000000', '2023-06-19 11:58:58.064000', 'bd52169a-73795f48-9625ea04', 21),
('719b41d4-07cf3ce5-794cb046', '2023-06-19 11:58:56.135000', '2023-06-07 16:09:00.000000', '2023-06-07 13:30:00.000000', '2023-06-19 11:58:56.135000', 'bd52169a-73795f48-9625ea04', 1),
('81ac355e-7f992d9d-5cdfd666', '2023-06-19 11:58:59.237000', '2023-06-12 21:25:00.000000', '2023-06-12 19:15:00.000000', '2023-06-19 11:58:59.237000', '1dfb8524-601aede0-ef0c4c0d', 23),
('8ea0f565-e5aa3367-d72511a6', '2023-06-19 11:58:58.878000', '2023-06-10 20:55:00.000000', '2023-06-10 18:45:00.000000', '2023-06-19 11:58:58.878000', '336bd103-a0f4802e-875659cb', 20),
('9b5ee46d-26e93707-d9784912', '2023-06-19 11:58:58.281000', '2023-06-11 17:58:00.000000', '2023-06-11 16:15:00.000000', '2023-06-19 11:58:58.281000', 'd42f2662-d807a285-e929a245', 14),
('9c93fcf6-4ee7aba9-9824ff4d', '2023-06-19 11:58:56.299000', '2023-06-13 23:10:00.000000', '2023-06-13 21:00:00.000000', '2023-06-19 11:58:56.299000', '1dfb8524-601aede0-ef0c4c0d', 25),
('9ec7e849-190e222e-de378f6a', '2023-06-19 11:58:57.381000', '2023-06-13 18:02:00.000000', '2023-06-13 16:00:00.000000', '2023-06-19 11:58:57.381000', '1dfb8524-601aede0-ef0c4c0d', 2),
('a12c8eec-d852c20a-11213a08', '2023-06-19 11:58:57.213000', '2023-06-09 16:35:00.000000', '2023-06-09 14:15:00.000000', '2023-06-19 11:58:57.213000', 'd42f2662-d807a285-e929a245', 15),
('a2698bad-675973aa-182444c2', '2023-06-19 11:58:57.580000', '2023-06-12 20:10:00.000000', '2023-06-12 18:00:00.000000', '2023-06-19 11:58:57.580000', '1dfb8524-601aede0-ef0c4c0d', 18),
('a38986be-920b64bf-147258bc', '2023-06-19 11:58:56.463000', '2023-06-10 18:55:00.000000', '2023-06-10 16:30:00.000000', '2023-06-19 11:58:56.463000', '336bd103-a0f4802e-875659cb', 16),
('bba69e0b-82df5939-21a13bcc', '2023-06-19 11:58:54.432000', '2023-06-13 18:54:00.000000', '2023-06-13 17:00:00.000000', '2023-06-19 11:58:54.432000', 'd42f2662-d807a285-e929a245', 3),
('c21543d4-3f2474b3-b8f7484d', '2023-06-19 11:58:53.873000', '2023-06-12 21:40:00.000000', '2023-06-12 19:30:00.000000', '2023-06-19 11:58:53.873000', '1dfb8524-601aede0-ef0c4c0d', 17),
('d419322a-028817a7-fdfc00b4', '2023-06-19 11:58:55.976000', '2023-06-09 21:13:00.000000', '2023-06-09 19:00:00.000000', '2023-06-19 11:58:55.976000', '336bd103-a0f4802e-875659cb', 7),
('ed73b77c-cdda79ae-b32ba801', '2023-06-19 11:58:54.607000', '2023-06-11 22:16:00.000000', '2023-06-11 20:30:00.000000', '2023-06-19 11:58:54.607000', '1dfb8524-601aede0-ef0c4c0d', 12);

-- --------------------------------------------------------

--
-- Table structure for table `comment`
--

CREATE TABLE `comment` (
  `id` varchar(26) NOT NULL,
  `comment` varchar(255) NOT NULL,
  `create_at` datetime(6) NOT NULL,
  `disliked` int NOT NULL,
  `liked` int NOT NULL,
  `rated` int NOT NULL,
  `update_at` datetime(6) DEFAULT NULL,
  `movie_id` bigint DEFAULT NULL,
  `user_id` varchar(26) DEFAULT NULL
) ENGINE=InnoDB DEFAULT CHARSET=utf8mb4 COLLATE=utf8mb4_0900_ai_ci;

--
-- Dumping data for table `comment`
--

INSERT INTO `comment` (`id`, `comment`, `create_at`, `disliked`, `liked`, `rated`, `update_at`, `movie_id`, `user_id`) VALUES
('041acd90-861586b5-1faaba60', 'Tuyệt vời! Đây là một trong những bộ phim xuất sắc nhất mà tôi từng xem. Cốt truyện thông minh và diễn xuất ấn tượng. Đáng để dành thời gian để xem!', '2023-06-15 21:07:19.886000', 0, 0, 5, '2023-06-15 21:07:19.886000', 19, 'baf537e3-ee782072-6f273b97'),
('042ab23a-335c69a1-57b4b7cf', 'Phim này không phải là sở thích của tôi. Cốt truyện chưa thực sự cuốn hút và diễn xuất cũng không ấn tượng. Tôi hy vọng có nhiều bộ phim tốt hơn để xem.', '2023-06-15 21:07:18.816000', 0, 0, 2, '2023-06-15 21:07:18.816000', 7, 'baf537e3-ee782072-6f273b97'),
('05340f42-7dbe67b0-75755569', 'Phim này không phải là sở thích của tôi. Cốt truyện chưa thực sự cuốn hút và diễn xuất cũng không ấn tượng. Tôi hy vọng có nhiều bộ phim tốt hơn để xem.', '2023-06-15 21:07:19.548000', 0, 0, 2, '2023-06-15 21:07:19.548000', 15, 'baf537e3-ee782072-6f273b97'),
('05b012b1-a1b45ad9-39c40d31', 'Phim này thực sự tuyệt vời! Cốt truyện hấp dẫn và diễn xuất xuất sắc. Những cảnh quay đẹp mắt và tạo hình nhân vật rất đặc sắc. Một bộ phim không thể bỏ qua!', '2023-06-15 21:07:19.916000', 0, 0, 4, '2023-06-15 21:07:19.916000', 20, 'baf537e3-ee782072-6f273b97'),
('069b302e-3e96c47f-e0ac5774', 'Tuyệt vời! Phim có cốt truyện gây cấn và diễn xuất xuất sắc. Một trong những bộ phim hay nhất mà tôi từng xem.', '2023-06-15 21:07:20.033000', 0, 0, 5, '2023-06-15 21:07:20.033000', 21, 'baf537e3-ee782072-6f273b97'),
('09f971b1-3412e358-78f3debc', 'Phim này khá ổn. Cốt truyện có những tình tiết thú vị và diễn xuất tốt. Mặc dù không xuất sắc, nhưng vẫn xứng đáng xem.', '2023-06-15 21:07:19.006000', 0, 0, 3, '2023-06-15 21:07:19.006000', 10, 'baf537e3-ee782072-6f273b97'),
('0ccd1748-c32ddc49-3ca27197', 'Phim này khá ổn. Cốt truyện có những khía cạnh thú vị và diễn xuất cũng tốt. Tuy không xuất sắc nhưng vẫn xứng đáng xem.', '2023-06-15 21:07:18.385000', 0, 0, 3, '2023-06-15 21:07:18.385000', 3, 'baf537e3-ee782072-6f273b97'),
('0d34b45e-0c352464-3894c267', 'Phim này thực sự tuyệt vời! Cốt truyện hấp dẫn và diễn xuất xuất sắc. Mình đã bị lôi cuốn từ đầu đến cuối. Đáng để xem.', '2023-06-15 21:07:20.192000', 0, 0, 4, '2023-06-15 21:07:20.192000', 23, 'baf537e3-ee782072-6f273b97'),
('0ed22728-6ea55453-d3cbabec', 'Phim này khá ổn. Cốt truyện có những tình tiết thú vị và diễn xuất tốt. Mặc dù không xuất sắc, nhưng vẫn xứng đáng xem.', '2023-06-15 21:07:18.922000', 0, 0, 3, '2023-06-15 21:07:18.922000', 9, 'baf537e3-ee782072-6f273b97'),
('0f0b4be7-c6a297ba-bb08b1f1', 'Phim này khá ổn đấy. Cốt truyện có những điểm thú vị và diễn xuất cũng không tồi. Mình đã có trải nghiệm tốt.', '2023-06-15 21:07:20.446000', 0, 0, 3, '2023-06-15 21:07:20.446000', 25, 'baf537e3-ee782072-6f273b97'),
('0ff91fd1-93624a8a-15f8e991', 'Phim này không phải là sở thích của mình. Tôi không thấy hấp dẫn và cảm thấy nó khá nhàm chán. Có nhiều bộ phim tốt hơn để xem.', '2023-06-15 21:07:18.724000', 0, 0, 2, '2023-06-15 21:07:18.724000', 6, 'baf537e3-ee782072-6f273b97'),
('10adffc5-f235e9e3-54c91863', 'Phim này khá ổn. Cốt truyện có những tình tiết thú vị và diễn xuất tốt. Mặc dù không xuất sắc, nhưng vẫn xứng đáng xem.', '2023-06-15 21:07:19.572000', 0, 0, 3, '2023-06-15 21:07:19.572000', 16, 'baf537e3-ee782072-6f273b97'),
('117a421f-e47a8d2f-614bb437', 'Bộ phim này rất thú vị! Tôi thích cách diễn viên thể hiện vai diễn và cốt truyện hấp dẫn. Nếu bạn muốn xem một bộ phim giải trí thú vị, hãy thử ngay!', '2023-06-15 21:07:18.161000', 0, 0, 4, '2023-06-15 21:07:18.161000', 1, 'baf537e3-ee782072-6f273b97'),
('118966af-85d5f18b-760d3890', 'Tuyệt vời! Phim có cốt truyện gây cấn và diễn xuất xuất sắc. Mình đã bị lôi cuốn từ đầu đến cuối. Đây là một trong những bộ phim hay nhất mà tôi từng xem.', '2023-06-15 21:07:19.759000', 0, 0, 5, '2023-06-15 21:07:19.759000', 18, 'baf537e3-ee782072-6f273b97'),
('12626fe6-fa208b32-241635e9', 'Tuyệt vời! Phim có cốt truyện gây cấn và diễn xuất xuất sắc. Mình đã bị lôi cuốn từ đầu đến cuối. Đây là một trong những bộ phim hay nhất mà tôi từng xem.', '2023-06-15 21:07:19.676000', 0, 0, 5, '2023-06-15 21:07:19.676000', 17, 'baf537e3-ee782072-6f273b97'),
('138c9cec-eb3d3cef-e7e783a1', 'Phim này khá ổn. Cốt truyện có những tình tiết thú vị và diễn xuất tốt. Mặc dù không xuất sắc, nhưng vẫn xứng đáng xem.', '2023-06-15 21:07:19.190000', 0, 0, 3, '2023-06-15 21:07:19.190000', 12, 'baf537e3-ee782072-6f273b97'),
('13e630bd-037bb49c-4f6d4ff3', 'Phim này khá ổn đấy. Cốt truyện có những điểm thú vị và diễn xuất cũng không tồi. Nếu bạn muốn xem một bộ phim giải trí, hãy thử ngay!', '2023-06-15 21:07:19.979000', 0, 0, 3, '2023-06-15 21:07:19.979000', 20, 'baf537e3-ee782072-6f273b97'),
('166b01d6-f5217db2-6c5429a7', 'Phim này rất ấn tượng! Cốt truyện phong phú và lôi cuốn, diễn xuất xuất sắc và cảnh quay đẹp mắt. Tôi rất thích bộ phim này!', '2023-06-15 21:07:19.226000', 0, 0, 4, '2023-06-15 21:07:19.226000', 12, 'baf537e3-ee782072-6f273b97'),
('175e0853-62215d85-f61a73f0', 'Phim này không đáng xem. Cốt truyện nhạt nhẽo và diễn xuất kém. Mình không thấy hứng thú khi xem.', '2023-06-15 21:07:18.310000', 0, 0, 2, '2023-06-15 21:07:18.310000', 2, 'baf537e3-ee782072-6f273b97'),
('19143af4-cfd0d632-285eade4', 'Phim này rất ấn tượng! Cốt truyện phong phú và lôi cuốn, diễn xuất xuất sắc và cảnh quay đẹp mắt. Tôi rất thích bộ phim này!', '2023-06-15 21:07:18.866000', 0, 0, 4, '2023-06-15 21:07:18.866000', 8, 'baf537e3-ee782072-6f273b97'),
('1a0ed38b-672ad1db-0cce78ae', 'Tuyệt vời! Đây là một trong những bộ phim xuất sắc nhất mà tôi từng xem. Cốt truyện thông minh và diễn xuất ấn tượng. Đáng để dành thời gian để xem!', '2023-06-15 21:07:18.885000', 0, 0, 5, '2023-06-15 21:07:18.885000', 8, 'baf537e3-ee782072-6f273b97'),
('1b77dbb5-1fc96d06-42fb54fc', 'Phim này rất ấn tượng! Cốt truyện phong phú và lôi cuốn, diễn xuất xuất sắc và cảnh quay đẹp mắt. Tôi rất thích bộ phim này!', '2023-06-15 21:07:19.965000', 0, 0, 4, '2023-06-15 21:07:19.965000', 20, 'baf537e3-ee782072-6f273b97'),
('1b8bcf5f-87b498f6-dd2aa0d1', 'Phim này tuyệt vời! Tôi không thể rời mắt khỏi màn hình suốt cả thời gian. Cốt truyện độc đáo và diễn xuất xuất sắc. Rất đáng xem!', '2023-06-15 21:07:18.201000', 0, 0, 5, '2023-06-15 21:07:18.201000', 1, 'baf537e3-ee782072-6f273b97'),
('1c88eff9-cedfaaa0-51dc2897', 'Phim này rất ấn tượng! Cốt truyện phong phú và lôi cuốn, diễn xuất xuất sắc và cảnh quay đẹp mắt. Tôi rất thích bộ phim này!', '2023-06-15 21:07:19.507000', 0, 0, 4, '2023-06-15 21:07:19.507000', 15, 'baf537e3-ee782072-6f273b97'),
('1deb8680-2eec49ab-d65dde84', 'Phim này khá ổn đấy. Cốt truyện có những điểm thú vị và diễn xuất cũng không tồi. Nếu bạn muốn xem một bộ phim giải trí, hãy thử ngay!', '2023-06-15 21:07:19.519000', 0, 0, 3, '2023-06-15 21:07:19.519000', 15, 'baf537e3-ee782072-6f273b97'),
('203bed68-e984d496-22b1ebfd', 'Phim này khá ổn. Mình đã có những giây phút giải trí và cảm thấy thoải mái khi xem nó. Nếu bạn muốn xem một bộ phim nhẹ nhàng, hãy thử ngay!', '2023-06-15 21:07:18.524000', 0, 0, 3, '2023-06-15 21:07:18.524000', 4, 'baf537e3-ee782072-6f273b97'),
('21cbb984-8e30541b-77c89cba', 'Phim này rất ấn tượng! Cốt truyện phong phú và lôi cuốn, diễn xuất xuất sắc và cảnh quay đẹp mắt. Mình rất thích bộ phim này.', '2023-06-15 21:07:20.237000', 0, 0, 4, '2023-06-15 21:07:20.237000', 23, 'baf537e3-ee782072-6f273b97'),
('2283aa3d-98fced20-39552ac2', 'Phim này khá ổn. Cốt truyện có những tình tiết thú vị và diễn xuất tốt. Mặc dù không xuất sắc, nhưng vẫn xứng đáng xem.', '2023-06-15 21:07:19.928000', 0, 0, 3, '2023-06-15 21:07:19.928000', 20, 'baf537e3-ee782072-6f273b97'),
('244a2d5c-c13e026e-b5278e2d', 'Phim này không phải là sở thích của tôi. Cốt truyện chưa thực sự cuốn hút và diễn xuất cũng không ấn tượng. Tôi hy vọng có nhiều bộ phim tốt hơn để xem.', '2023-06-15 21:07:19.216000', 0, 0, 2, '2023-06-15 21:07:19.216000', 12, 'baf537e3-ee782072-6f273b97'),
('25ecc551-4f038dc1-27b2ef61', 'Phim này không phải là sở thích của tôi. Cốt truyện chưa thực sự cuốn hút và diễn xuất cũng không ấn tượng. Tôi hy vọng có nhiều bộ phim tốt hơn để xem.', '2023-06-15 21:07:19.065000', 0, 0, 2, '2023-06-15 21:07:19.065000', 10, 'baf537e3-ee782072-6f273b97'),
('26406c57-425c92a6-1f9024db', 'Tuyệt vời! Đây là một trong những bộ phim xuất sắc nhất mà tôi từng xem. Cốt truyện thông minh và diễn xuất ấn tượng. Đáng để dành thời gian để xem!', '2023-06-15 21:07:19.716000', 0, 0, 5, '2023-06-15 21:07:19.716000', 17, 'baf537e3-ee782072-6f273b97'),
('27fe9e03-35580229-cd9017c4', 'Phim này không phải là sở thích của tôi. Cốt truyện chưa thực sự cuốn hút và diễn xuất cũng không ấn tượng. Tôi hy vọng có nhiều bộ phim tốt hơn để xem.', '2023-06-15 21:07:20.001000', 0, 0, 2, '2023-06-15 21:07:20.001000', 20, 'baf537e3-ee782072-6f273b97'),
('2bb26d1b-9cdf1961-9dd6b9e2', 'Phim này khá ổn đấy. Cốt truyện có những điểm thú vị và diễn xuất cũng không tồi. Nếu bạn muốn xem một bộ phim giải trí, hãy thử ngay!', '2023-06-15 21:07:19.431000', 0, 0, 3, '2023-06-15 21:07:19.431000', 14, 'baf537e3-ee782072-6f273b97'),
('2bd33199-425383e4-749fb32d', 'Phim này khá ổn. Tuy không đạt tới mức xuất sắc, nhưng nó vẫn có những pha hành động hấp dẫn và diễn xuất tốt.', '2023-06-15 21:07:18.189000', 0, 0, 3, '2023-06-15 21:07:18.189000', 1, 'baf537e3-ee782072-6f273b97'),
('2e03c9e0-51770aaf-15d44f71', 'Phim này không phải là sở thích của tôi. Cốt truyện chưa thực sự cuốn hút và diễn xuất cũng không ấn tượng. Tôi hy vọng có nhiều bộ phim tốt hơn để xem.', '2023-06-15 21:07:19.113000', 0, 0, 2, '2023-06-15 21:07:19.113000', 11, 'baf537e3-ee782072-6f273b97'),
('2e1360d1-a48be99c-41e04e02', 'Tôi không thể tìm thấy từ nào để miêu tả phim này! Nó thực sự tuyệt vời. Cốt truyện gây cấn, hành động mãn nhãn và diễn xuất xuất sắc. Tôi đã bị lôi cuốn từ đầu đến cuối.', '2023-06-15 21:07:18.492000', 0, 0, 5, '2023-06-15 21:07:18.492000', 4, 'baf537e3-ee782072-6f273b97'),
('2e488a6d-b085089a-51990c3d', 'Phim này khá ổn. Cốt truyện có những tình tiết thú vị và diễn xuất tốt. Mặc dù không xuất sắc, nhưng vẫn xứng đáng xem.', '2023-06-15 21:07:19.665000', 0, 0, 3, '2023-06-15 21:07:19.665000', 17, 'baf537e3-ee782072-6f273b97'),
('2e7d8a6e-ac3d4572-386b2a25', 'Tuyệt vời! Đây là một trong những bộ phim xuất sắc nhất mà tôi từng xem. Cốt truyện thông minh và diễn xuất ấn tượng. Đáng để dành thời gian để xem!', '2023-06-15 21:07:18.806000', 0, 0, 5, '2023-06-15 21:07:18.806000', 7, 'baf537e3-ee782072-6f273b97'),
('2f0fdc37-d80755e6-9008b5d1', 'Phim này thực sự tuyệt vời! Cốt truyện hấp dẫn và diễn xuất xuất sắc. Những cảnh quay đẹp mắt và tạo hình nhân vật rất đặc sắc. Một bộ phim không thể bỏ qua!', '2023-06-15 21:07:19.560000', 0, 0, 4, '2023-06-15 21:07:19.560000', 16, 'baf537e3-ee782072-6f273b97'),
('30584f5b-4eb1a33c-f7a4cf2a', 'Phim này khá ổn. Cốt truyện có những tình tiết thú vị và diễn xuất tốt. Mặc dù không xuất sắc, nhưng vẫn xứng đáng xem.', '2023-06-15 21:07:18.751000', 0, 0, 3, '2023-06-15 21:07:18.751000', 7, 'baf537e3-ee782072-6f273b97'),
('320819cf-cc02cfa7-577580b7', 'Tuyệt vời! Đây là một trong những bộ phim xuất sắc nhất mà tôi từng xem. Cốt truyện thông minh và diễn xuất ấn tượng. Đáng để dành thời gian để xem!', '2023-06-15 21:07:19.251000', 0, 0, 5, '2023-06-15 21:07:19.251000', 12, 'baf537e3-ee782072-6f273b97'),
('3213e835-3a84c029-9a29b72a', 'Phim này khá ổn. Cốt truyện có những tình tiết thú vị và diễn xuất cũng tốt. Tuy không xuất sắc nhưng vẫn xứng đáng xem.', '2023-06-15 21:07:18.654000', 0, 0, 3, '2023-06-15 21:07:18.654000', 6, 'baf537e3-ee782072-6f273b97'),
('344a5394-4b5a5ce9-d4ed2cec', 'Phim này thực sự tuyệt vời! Cốt truyện hấp dẫn và diễn xuất xuất sắc. Những cảnh quay đẹp mắt và tạo hình nhân vật rất đặc sắc. Một bộ phim không thể bỏ qua!', '2023-06-15 21:07:18.826000', 0, 0, 4, '2023-06-15 21:07:18.826000', 8, 'baf537e3-ee782072-6f273b97'),
('3493bc55-be878fb0-fe032e1e', 'Tuyệt vời! Đây là một trong những bộ phim xuất sắc nhất mà tôi từng xem. Cốt truyện thông minh và diễn xuất ấn tượng. Đáng để dành thời gian để xem!', '2023-06-15 21:07:19.151000', 0, 0, 5, '2023-06-15 21:07:19.151000', 11, 'baf537e3-ee782072-6f273b97'),
('39ab56d7-f9956b78-128155e3', 'Tuyệt vời! Phim có cốt truyện gây cấn và diễn xuất xuất sắc. Mình đã bị lôi cuốn từ đầu đến cuối. Đây là một trong những bộ phim hay nhất mà tôi từng xem.', '2023-06-15 21:07:19.486000', 0, 0, 5, '2023-06-15 21:07:19.486000', 15, 'baf537e3-ee782072-6f273b97'),
('3aef331e-df887e70-592820a5', 'Tuyệt vời! Phim có cốt truyện gây cấn và diễn xuất xuất sắc. Mình đã bị lôi cuốn từ đầu đến cuối. Đây là một trong những bộ phim hay nhất mà tôi từng xem.', '2023-06-15 21:07:19.015000', 0, 0, 5, '2023-06-15 21:07:19.015000', 10, 'baf537e3-ee782072-6f273b97'),
('3d57d0b3-aa98d922-4d68b2e9', 'Phim này khá ổn đấy. Cốt truyện có những điểm thú vị và diễn xuất cũng không tồi. Mình đã có trải nghiệm tốt.', '2023-06-15 21:07:20.353000', 0, 0, 3, '2023-06-15 21:07:20.353000', 24, 'baf537e3-ee782072-6f273b97'),
('3d820577-d0428038-6f9c76ef', 'Tuyệt vời! Phim có cốt truyện gây cấn và diễn xuất xuất sắc. Mình đã bị lôi cuốn từ đầu đến cuối. Đây là một trong những bộ phim hay nhất mà tôi từng xem.', '2023-06-15 21:07:18.933000', 0, 0, 5, '2023-06-15 21:07:18.933000', 9, 'baf537e3-ee782072-6f273b97'),
('3e649316-40da5a3a-0b8c3624', 'Phim này rất ấn tượng! Cốt truyện phong phú và lôi cuốn, diễn xuất xuất sắc và cảnh quay đẹp mắt. Mình rất thích bộ phim này.', '2023-06-15 21:07:20.340000', 0, 0, 4, '2023-06-15 21:07:20.340000', 24, 'baf537e3-ee782072-6f273b97'),
('40a0229b-ca0b74fd-1dc9decb', 'Phim này khá ổn. Cốt truyện có những tình tiết thú vị và diễn xuất tốt. Mặc dù không xuất sắc, nhưng vẫn xứng đáng xem.', '2023-06-15 21:07:19.748000', 0, 0, 3, '2023-06-15 21:07:19.748000', 18, 'baf537e3-ee782072-6f273b97'),
('41978623-6e50552e-f6d50580', 'Phim này không phù hợp với sở thích của tôi. Cốt truyện chưa thực sự cuốn hút và diễn xuất không ấn tượng. Hy vọng sẽ có nhiều bộ phim tốt hơn để xem.', '2023-06-15 21:07:20.044000', 0, 0, 2, '2023-06-15 21:07:20.044000', 21, 'baf537e3-ee782072-6f273b97'),
('420fad9a-18c02015-6031a56c', 'Phim này thực sự tuyệt vời! Cốt truyện hấp dẫn và diễn xuất xuất sắc. Những cảnh quay đẹp mắt và tạo hình nhân vật rất đặc sắc. Một bộ phim không thể bỏ qua!', '2023-06-15 21:07:18.996000', 0, 0, 4, '2023-06-15 21:07:18.996000', 10, 'baf537e3-ee782072-6f273b97'),
('42ba28d9-02e662c5-2d71a760', 'Tuyệt vời! Đây là một trong những bộ phim xuất sắc nhất mà tôi từng xem. Cốt truyện thông minh và diễn xuất ấn tượng. Đáng để dành thời gian để xem!', '2023-06-15 21:07:19.632000', 0, 0, 5, '2023-06-15 21:07:19.632000', 16, 'baf537e3-ee782072-6f273b97'),
('4325b2b2-5fb71c5d-7942f278', 'Phim này khá ổn đấy. Cốt truyện có những điểm thú vị và diễn xuất cũng không tồi. Nếu bạn muốn xem một bộ phim giải trí, hãy thử ngay!', '2023-06-15 21:07:19.876000', 0, 0, 3, '2023-06-15 21:07:19.876000', 19, 'baf537e3-ee782072-6f273b97'),
('440d63a5-e983cfb9-dc741f23', 'Phim này khá ổn. Cốt truyện có những tình tiết thú vị và diễn xuất tốt. Mặc dù không xuất sắc, nhưng vẫn xứng đáng xem.', '2023-06-15 21:07:19.090000', 0, 0, 3, '2023-06-15 21:07:19.090000', 11, 'baf537e3-ee782072-6f273b97'),
('4471b2f6-03693d5a-2f314727', 'Phim này thực sự tuyệt vời! Cốt truyện hấp dẫn và diễn xuất xuất sắc. Những cảnh quay đẹp mắt và tạo hình nhân vật rất đặc sắc. Một bộ phim không thể bỏ qua!', '2023-06-15 21:07:19.822000', 0, 0, 4, '2023-06-15 21:07:19.822000', 19, 'baf537e3-ee782072-6f273b97'),
('45bf68ef-8dea91d3-359f3c3a', 'Phim này thực sự tuyệt vời! Tôi thích cốt truyện hấp dẫn và diễn xuất xuất sắc của các diễn viên. Mọi chi tiết trong phim đều được chăm chút kỹ lưỡng. Một tuyệt phẩm không thể bỏ qua!', '2023-06-15 21:07:18.369000', 0, 0, 4, '2023-06-15 21:07:18.369000', 3, 'baf537e3-ee782072-6f273b97'),
('49190eb1-2b1eef91-cc3962a8', 'Phim này khá ổn. Mình đã có những giây phút giải trí và cảm thấy thoải mái khi xem nó. Nếu bạn muốn xem một bộ phim nhẹ nhàng, hãy thử ngay!', '2023-06-15 21:07:18.609000', 0, 0, 3, '2023-06-15 21:07:18.609000', 5, 'baf537e3-ee782072-6f273b97'),
('49a561bd-75430966-7f26928b', 'Phim này không đáng xem. Cốt truyện nhạt nhẽo và diễn xuất kém. Mình không thấy hứng thú khi xem.', '2023-06-15 21:07:18.505000', 0, 0, 2, '2023-06-15 21:07:18.505000', 4, 'baf537e3-ee782072-6f273b97'),
('4ba9204c-280a7b83-bf027e52', 'Tuyệt vời! Đây là một trong những bộ phim xuất sắc nhất mà tôi từng xem. Cốt truyện thông minh và diễn xuất ấn tượng. Mình rất khuyến khích xem.', '2023-06-15 21:07:20.458000', 0, 0, 5, '2023-06-15 21:07:20.458000', 25, 'baf537e3-ee782072-6f273b97'),
('4e04092d-1c900668-6c9ca9a0', 'Phim này khá ổn đấy. Cốt truyện có những điểm thú vị và diễn xuất cũng không tồi. Nếu bạn muốn xem một bộ phim giải trí, hãy thử ngay!', '2023-06-15 21:07:19.620000', 0, 0, 3, '2023-06-15 21:07:19.620000', 16, 'baf537e3-ee782072-6f273b97'),
('4e4e1a75-a7d78556-a975a21c', 'Phim này khá ổn đấy. Cốt truyện có những điểm thú vị và diễn xuất cũng không tồi. Mình đã có trải nghiệm tốt.', '2023-06-15 21:07:20.252000', 0, 0, 3, '2023-06-15 21:07:20.252000', 23, 'baf537e3-ee782072-6f273b97'),
('4e74fcf3-17f2a495-392a2eab', 'Phim này khá ổn. Cốt truyện có những tình tiết thú vị và diễn xuất tốt. Mặc dù không xuất sắc, nhưng vẫn xứng đáng xem.', '2023-06-15 21:07:19.292000', 0, 0, 3, '2023-06-15 21:07:19.292000', 13, 'baf537e3-ee782072-6f273b97'),
('4ee1bec3-04126dc2-125763c4', 'Phim này thực sự tuyệt vời! Cốt truyện hấp dẫn và diễn xuất xuất sắc. Mình đã bị lôi cuốn từ đầu đến cuối. Đáng để xem.', '2023-06-15 21:07:20.011000', 0, 0, 4, '2023-06-15 21:07:20.011000', 21, 'baf537e3-ee782072-6f273b97'),
('4f3d3cc2-55abf0de-53157d1b', 'Phim này rất ấn tượng! Cốt truyện phong phú và lôi cuốn, diễn xuất xuất sắc và cảnh quay đẹp mắt. Mình rất thích bộ phim này.', '2023-06-15 21:07:20.054000', 0, 0, 4, '2023-06-15 21:07:20.054000', 21, 'baf537e3-ee782072-6f273b97'),
('50cb3c56-ccd14597-30c55429', 'Tuyệt vời! Đây là một trong những bộ phim xuất sắc nhất mà tôi từng xem. Cốt truyện thông minh và diễn xuất ấn tượng. Mình rất khuyến khích xem.', '2023-06-15 21:07:20.165000', 0, 0, 5, '2023-06-15 21:07:20.165000', 22, 'baf537e3-ee782072-6f273b97'),
('52ae24c7-17292d55-088dfa84', 'Phim này không phải là sở thích của tôi. Cốt truyện chưa thực sự cuốn hút và diễn xuất cũng không ấn tượng. Tôi hy vọng có nhiều bộ phim tốt hơn để xem.', '2023-06-15 21:07:19.811000', 0, 0, 2, '2023-06-15 21:07:19.811000', 18, 'baf537e3-ee782072-6f273b97'),
('53ef1349-05430012-a355ff57', 'Phim này không phải là sở thích của tôi. Cốt truyện chưa thực sự cuốn hút và diễn xuất cũng không ấn tượng. Tôi hy vọng có nhiều bộ phim tốt hơn để xem.', '2023-06-15 21:07:19.270000', 0, 0, 2, '2023-06-15 21:07:19.270000', 12, 'baf537e3-ee782072-6f273b97'),
('585465ba-254135dd-467b3b56', 'Phim này rất ấn tượng! Cốt truyện phong phú và lôi cuốn, diễn xuất xuất sắc và cảnh quay đẹp mắt. Tôi rất thích bộ phim này!', '2023-06-15 21:07:19.126000', 0, 0, 4, '2023-06-15 21:07:19.126000', 11, 'baf537e3-ee782072-6f273b97'),
('5d86d58c-37e52365-952af847', 'Phim này không phải là sở thích của mình. Tôi không thấy hấp dẫn và cảm thấy nó khá nhàm chán. Có nhiều bộ phim tốt hơn để xem.', '2023-06-15 21:07:18.268000', 0, 0, 2, '2023-06-15 21:07:18.268000', 1, 'baf537e3-ee782072-6f273b97'),
('5d94a195-cc27e232-e79ca904', 'Phim này khá ổn đấy. Cốt truyện có những điểm thú vị và diễn xuất cũng không tồi. Nếu bạn muốn xem một bộ phim giải trí, hãy thử ngay!', '2023-06-15 21:07:19.237000', 0, 0, 3, '2023-06-15 21:07:19.237000', 12, 'baf537e3-ee782072-6f273b97'),
('5da603d3-2e39b9f7-99679936', 'Phim này thực sự tuyệt vời! Cốt truyện hấp dẫn và diễn xuất xuất sắc. Những cảnh quay đẹp mắt và tạo hình nhân vật rất đặc sắc. Một bộ phim không thể bỏ qua!', '2023-06-15 21:07:18.741000', 0, 0, 4, '2023-06-15 21:07:18.741000', 7, 'baf537e3-ee782072-6f273b97'),
('6388511d-fe7fb7c7-6b69b79c', 'Tuyệt vời! Phim có cốt truyện gây cấn và diễn xuất xuất sắc. Mình đã bị lôi cuốn từ đầu đến cuối. Đây là một trong những bộ phim hay nhất mà tôi từng xem.', '2023-06-15 21:07:19.304000', 0, 0, 5, '2023-06-15 21:07:19.304000', 13, 'baf537e3-ee782072-6f273b97'),
('696845a6-d349c746-51d305b1', 'Phim này không phải là sở thích của tôi. Cốt truyện chưa thực sự cuốn hút và diễn xuất cũng không ấn tượng. Tôi hy vọng có nhiều bộ phim tốt hơn để xem.', '2023-06-15 21:07:19.902000', 0, 0, 2, '2023-06-15 21:07:19.902000', 19, 'baf537e3-ee782072-6f273b97'),
('6a233111-5789e92d-a6a9d0b2', 'Phim này không phải là sở thích của tôi. Cốt truyện chưa thực sự cuốn hút và diễn xuất cũng không ấn tượng. Tôi hy vọng có nhiều bộ phim tốt hơn để xem.', '2023-06-15 21:07:19.409000', 0, 0, 2, '2023-06-15 21:07:19.409000', 14, 'baf537e3-ee782072-6f273b97'),
('6b2c9d77-a79c7a08-d682d1d2', 'Phim này khá ổn đấy. Cốt truyện có những điểm thú vị và diễn xuất cũng không tồi. Nếu bạn muốn xem một bộ phim giải trí, hãy thử ngay!', '2023-06-15 21:07:18.965000', 0, 0, 3, '2023-06-15 21:07:18.965000', 9, 'baf537e3-ee782072-6f273b97'),
('6f1d5103-8a3ba14a-63b11c26', 'Phim này không phải là sở thích của tôi. Cốt truyện chưa thực sự cuốn hút và diễn xuất cũng không ấn tượng. Tôi hy vọng có nhiều bộ phim tốt hơn để xem.', '2023-06-15 21:07:18.857000', 0, 0, 2, '2023-06-15 21:07:18.857000', 8, 'baf537e3-ee782072-6f273b97'),
('746011cb-8a2f509f-47114907', 'Tuyệt vời! Đây là một trong những bộ phim xuất sắc nhất mà tôi từng xem. Cốt truyện thông minh và diễn xuất ấn tượng. Mình rất khuyến khích xem.', '2023-06-15 21:07:20.364000', 0, 0, 5, '2023-06-15 21:07:20.364000', 24, 'baf537e3-ee782072-6f273b97'),
('74f45140-f0cfd05a-c1a375cf', 'Phim này khá ổn đấy. Cốt truyện có những điểm thú vị và diễn xuất cũng không tồi. Nếu bạn muốn xem một bộ phim giải trí, hãy thử ngay!', '2023-06-15 21:07:18.797000', 0, 0, 3, '2023-06-15 21:07:18.797000', 7, 'baf537e3-ee782072-6f273b97'),
('75228d5f-14e264e1-c4d56cad', 'Phim này khá ổn. Cốt truyện có những tình tiết thú vị và diễn xuất tốt. Mặc dù không xuất sắc, nhưng vẫn xứng đáng xem.', '2023-06-15 21:07:19.833000', 0, 0, 3, '2023-06-15 21:07:19.833000', 19, 'baf537e3-ee782072-6f273b97'),
('75c03256-46ffa5d2-36f4128a', 'Phim này không phải là sở thích của tôi. Cốt truyện chưa thực sự cuốn hút và diễn xuất cũng không ấn tượng. Tôi hy vọng có nhiều bộ phim tốt hơn để xem.', '2023-06-15 21:07:19.314000', 0, 0, 2, '2023-06-15 21:07:19.314000', 13, 'baf537e3-ee782072-6f273b97'),
('7665bce5-742e2629-885e9db5', 'Phim này không phù hợp với sở thích của tôi. Cốt truyện chưa thực sự cuốn hút và diễn xuất không ấn tượng. Hy vọng sẽ có nhiều bộ phim tốt hơn để xem.', '2023-06-15 21:07:20.469000', 0, 0, 2, '2023-06-15 21:07:20.469000', 25, 'baf537e3-ee782072-6f273b97'),
('7727fd17-f683b0f0-a3c2e68e', 'Phim này không phù hợp với sở thích của tôi. Cốt truyện chưa thực sự cuốn hút và diễn xuất không ấn tượng. Hy vọng sẽ có nhiều bộ phim tốt hơn để xem.', '2023-06-15 21:07:20.376000', 0, 0, 2, '2023-06-15 21:07:20.376000', 24, 'baf537e3-ee782072-6f273b97'),
('79d2a37c-6d6b1ea5-fbf9d7ce', 'Tuyệt vời! Phim có cốt truyện sâu sắc và ý nghĩa. Diễn xuất xuất sắc và tạo hình nhân vật độc đáo. Mình đã yêu thích từ đầu đến cuối!', '2023-06-15 21:07:18.256000', 0, 0, 5, '2023-06-15 21:07:18.256000', 1, 'baf537e3-ee782072-6f273b97'),
('7a6f1992-acbc3ed9-16d6f216', 'Phim này thực sự tuyệt vời! Cốt truyện hấp dẫn và diễn xuất xuất sắc. Mình đã bị lôi cuốn từ đầu đến cuối. Đáng để xem.', '2023-06-15 21:07:20.293000', 0, 0, 4, '2023-06-15 21:07:20.293000', 24, 'baf537e3-ee782072-6f273b97'),
('7c20421c-57feb4ed-8e5759b1', 'Phim này rất ấn tượng! Cốt truyện phong phú và lôi cuốn, diễn xuất xuất sắc và cảnh quay đẹp mắt. Mình rất thích bộ phim này.', '2023-06-15 21:07:20.143000', 0, 0, 4, '2023-06-15 21:07:20.143000', 22, 'baf537e3-ee782072-6f273b97'),
('7d6f65bd-03e30dfd-0107a239', 'Phim này khá ổn đấy. Cốt truyện có những điểm thú vị và diễn xuất cũng không tồi. Nếu bạn muốn xem một bộ phim giải trí, hãy thử ngay!', '2023-06-15 21:07:19.334000', 0, 0, 3, '2023-06-15 21:07:19.334000', 13, 'baf537e3-ee782072-6f273b97'),
('7dd54351-ec60b408-0c225412', 'Tuyệt vời! Phim có cốt truyện sâu sắc và ý nghĩa. Diễn xuất xuất sắc và tạo hình nhân vật độc đáo. Mình đã yêu thích từ đầu đến cuối!', '2023-06-15 21:07:18.619000', 0, 0, 5, '2023-06-15 21:07:18.619000', 5, 'baf537e3-ee782072-6f273b97'),
('7f7d381a-e5eff4a4-e8793d18', 'Phim này không phù hợp với sở thích của tôi. Cốt truyện chưa thực sự cuốn hút và diễn xuất không ấn tượng. Hy vọng sẽ có nhiều bộ phim tốt hơn để xem.', '2023-06-15 21:07:20.175000', 0, 0, 2, '2023-06-15 21:07:20.175000', 22, 'baf537e3-ee782072-6f273b97'),
('7faf810c-e61e8d94-c1c29ba4', 'Phim này khá ổn đấy. Cốt truyện có những điểm thú vị và diễn xuất cũng không tồi. Nếu bạn muốn xem một bộ phim giải trí, hãy thử ngay!', '2023-06-15 21:07:19.706000', 0, 0, 3, '2023-06-15 21:07:19.706000', 17, 'baf537e3-ee782072-6f273b97'),
('80661971-49dd5fcf-5d5745c8', 'Phim này không phải là sở thích của tôi. Cốt truyện chưa thực sự cuốn hút và diễn xuất cũng không ấn tượng. Tôi hy vọng có nhiều bộ phim tốt hơn để xem.', '2023-06-15 21:07:19.854000', 0, 0, 2, '2023-06-15 21:07:19.854000', 19, 'baf537e3-ee782072-6f273b97'),
('82129f84-77dbbe2c-22b6dede', 'Tuyệt vời! Phim có cốt truyện gây cấn và diễn xuất xuất sắc. Mình đã bị lôi cuốn từ đầu đến cuối. Đây là một trong những bộ phim hay nhất mà tôi từng xem.', '2023-06-15 21:07:19.204000', 0, 0, 5, '2023-06-15 21:07:19.204000', 12, 'baf537e3-ee782072-6f273b97'),
('82a25974-a58403b2-a0842ab6', 'Phim này không phải là sở thích của tôi. Cốt truyện chưa thực sự cuốn hút và diễn xuất cũng không ấn tượng. Tôi hy vọng có nhiều bộ phim tốt hơn để xem.', '2023-06-15 21:07:19.025000', 0, 0, 2, '2023-06-15 21:07:19.025000', 10, 'baf537e3-ee782072-6f273b97'),
('82a6ef0d-0d2b4388-f457b86f', 'Không thích phim này lắm. Cốt truyện tẻ nhạt và diễn xuất kém. Mình không thấy hứng thú khi xem.', '2023-06-15 21:07:18.676000', 0, 0, 2, '2023-06-15 21:07:18.676000', 6, 'baf537e3-ee782072-6f273b97'),
('82e46b0c-a9a62e77-2041f970', 'Phim này không phải là sở thích của tôi. Cốt truyện chưa thực sự cuốn hút và diễn xuất cũng không ấn tượng. Tôi hy vọng có nhiều bộ phim tốt hơn để xem.', '2023-06-15 21:07:19.599000', 0, 0, 2, '2023-06-15 21:07:19.599000', 16, 'baf537e3-ee782072-6f273b97'),
('837b80a8-92b7f129-5c25ea33', 'Phim này thực sự tuyệt vời! Cốt truyện hấp dẫn và diễn xuất xuất sắc. Những cảnh quay đẹp mắt và tạo hình nhân vật rất đặc sắc. Một bộ phim không thể bỏ qua!', '2023-06-15 21:07:19.374000', 0, 0, 4, '2023-06-15 21:07:19.374000', 14, 'baf537e3-ee782072-6f273b97'),
('86313c0d-192f64a4-1221aeb4', 'Tuyệt vời! Phim có cốt truyện gây cấn và diễn xuất xuất sắc. Một trong những bộ phim hay nhất mà tôi từng xem.', '2023-06-15 21:07:20.317000', 0, 0, 5, '2023-06-15 21:07:20.317000', 24, 'baf537e3-ee782072-6f273b97'),
('86d406d2-11df07f2-b536e08e', 'Tuyệt vời! Phim có cốt truyện sâu sắc và ý nghĩa. Diễn xuất xuất sắc và tạo hình nhân vật độc đáo. Mình đã yêu thích từ đầu đến cuối!', '2023-06-15 21:07:18.444000', 0, 0, 5, '2023-06-15 21:07:18.444000', 3, 'baf537e3-ee782072-6f273b97'),
('8772f29c-247444c0-12cc1741', 'Phim này không phải là sở thích của mình. Tôi không thấy hấp dẫn và cảm thấy nó khá nhàm chán. Có nhiều bộ phim tốt hơn để xem.', '2023-06-15 21:07:18.544000', 0, 0, 2, '2023-06-15 21:07:18.544000', 4, 'baf537e3-ee782072-6f273b97'),
('8883fbc7-b7cf62c5-440b2ded', 'Phim này không phải là sở thích của tôi. Cốt truyện chưa thực sự cuốn hút và diễn xuất cũng không ấn tượng. Tôi hy vọng có nhiều bộ phim tốt hơn để xem.', '2023-06-15 21:07:18.985000', 0, 0, 2, '2023-06-15 21:07:18.985000', 9, 'baf537e3-ee782072-6f273b97'),
('892ee3e8-cf3b3cdb-51dc99f6', 'Phim này thực sự tuyệt vời! Cốt truyện hấp dẫn và diễn xuất xuất sắc. Những cảnh quay đẹp mắt và tạo hình nhân vật rất đặc sắc. Một bộ phim không thể bỏ qua!', '2023-06-15 21:07:19.079000', 0, 0, 4, '2023-06-15 21:07:19.079000', 11, 'baf537e3-ee782072-6f273b97'),
('89a5a5cf-7eb351d9-f425040f', 'Phim này khá ổn. Cốt truyện có những tình tiết thú vị và diễn xuất cũng tốt. Tuy không xuất sắc nhưng vẫn xứng đáng xem.', '2023-06-15 21:07:18.482000', 0, 0, 3, '2023-06-15 21:07:18.482000', 4, 'baf537e3-ee782072-6f273b97'),
('89be7f9f-35809ec8-8c106776', 'Phim này khá ổn. Cốt truyện có những tình tiết thú vị và diễn xuất cũng tốt. Tuy không xuất sắc nhưng vẫn xứng đáng xem.', '2023-06-15 21:07:18.290000', 0, 0, 3, '2023-06-15 21:07:18.290000', 2, 'baf537e3-ee782072-6f273b97'),
('8db287f7-a4b48f49-0d92fa00', 'Tuyệt vời! Phim có cốt truyện gây cấn và diễn xuất xuất sắc. Một trong những bộ phim hay nhất mà tôi từng xem.', '2023-06-15 21:07:20.214000', 0, 0, 5, '2023-06-15 21:07:20.214000', 23, 'baf537e3-ee782072-6f273b97'),
('90d5ac19-1d3baa95-1e7a30a9', 'Tuyệt vời! Phim có cốt truyện gây cấn và diễn xuất xuất sắc. Mình đã bị lôi cuốn từ đầu đến cuối. Đây là một trong những bộ phim hay nhất mà tôi từng xem.', '2023-06-15 21:07:18.763000', 0, 0, 5, '2023-06-15 21:07:18.763000', 7, 'baf537e3-ee782072-6f273b97'),
('91239290-1af01f17-9a520c65', 'Phim này không phù hợp với sở thích của tôi. Cốt truyện chưa thực sự cuốn hút và diễn xuất không ấn tượng. Hy vọng sẽ có nhiều bộ phim tốt hơn để xem.', '2023-06-15 21:07:20.132000', 0, 0, 2, '2023-06-15 21:07:20.132000', 22, 'baf537e3-ee782072-6f273b97'),
('928d3f00-0c3be6ab-03543214', 'Phim này khá ổn. Cốt truyện có những tình tiết thú vị và diễn xuất tốt. Mặc dù không xuất sắc, nhưng vẫn xứng đáng xem.', '2023-06-15 21:07:19.476000', 0, 0, 3, '2023-06-15 21:07:19.476000', 15, 'baf537e3-ee782072-6f273b97'),
('93231249-c133acac-246e9921', 'Phim này ổn đấy. Mình không có nhiều kỳ vọng và được gặp đúng những gì mình mong đợi. Nếu bạn đang tìm một bộ phim nhẹ nhàng, hãy xem nó!', '2023-06-15 21:07:18.433000', 0, 0, 3, '2023-06-15 21:07:18.433000', 3, 'baf537e3-ee782072-6f273b97'),
('9345f865-05233002-4dca2dd8', 'Phim này rất ấn tượng! Cốt truyện phong phú và lôi cuốn, diễn xuất xuất sắc và cảnh quay đẹp mắt. Tôi rất thích bộ phim này!', '2023-06-15 21:07:19.780000', 0, 0, 4, '2023-06-15 21:07:19.780000', 18, 'baf537e3-ee782072-6f273b97'),
('94270554-58aeb46c-be472291', 'Phim này tuyệt vời! Tôi không thể rời mắt khỏi màn hình. Cốt truyện độc đáo và diễn xuất xuất sắc. Tất cả các yếu tố đều hoàn hảo!', '2023-06-15 21:07:18.397000', 0, 0, 5, '2023-06-15 21:07:18.397000', 3, 'baf537e3-ee782072-6f273b97'),
('95b2f3f4-311ff358-1fc4a37b', 'Phim này khá ổn đấy. Cốt truyện có những điểm thú vị và diễn xuất cũng không tồi. Nếu bạn muốn xem một bộ phim giải trí, hãy thử ngay!', '2023-06-15 21:07:19.044000', 0, 0, 3, '2023-06-15 21:07:19.044000', 10, 'baf537e3-ee782072-6f273b97'),
('95eda488-d381431e-55b7c044', 'Phim này khá ổn. Cốt truyện có những tình tiết thú vị và diễn xuất tốt. Mặc dù không xuất sắc, nhưng vẫn xứng đáng xem.', '2023-06-15 21:07:18.836000', 0, 0, 3, '2023-06-15 21:07:18.836000', 8, 'baf537e3-ee782072-6f273b97'),
('96107906-6bfce48c-51e83466', 'Phim này thực sự tuyệt vời! Cốt truyện hấp dẫn và diễn xuất xuất sắc. Những cảnh quay đẹp mắt và tạo hình nhân vật rất đặc sắc. Một bộ phim không thể bỏ qua!', '2023-06-15 21:07:19.465000', 0, 0, 4, '2023-06-15 21:07:19.465000', 15, 'baf537e3-ee782072-6f273b97'),
('9632a8bc-d626de05-41fd4ee7', 'Tuyệt vời! Phim có cốt truyện gây cấn và diễn xuất xuất sắc. Mình đã bị lôi cuốn từ đầu đến cuối. Đây là một trong những bộ phim hay nhất mà tôi từng xem.', '2023-06-15 21:07:19.844000', 0, 0, 5, '2023-06-15 21:07:19.844000', 19, 'baf537e3-ee782072-6f273b97'),
('96d4dfcd-07f8c724-325e6517', 'Phim này thật tuyệt vời! Cốt truyện hấp dẫn và diễn xuất xuất sắc. Những cảnh quay đẹp mắt và tạo hình nhân vật rất đặc sắc. Một bộ phim không thể bỏ qua!', '2023-06-15 21:07:18.555000', 0, 0, 4, '2023-06-15 21:07:18.555000', 5, 'baf537e3-ee782072-6f273b97'),
('9996e4eb-21ab390f-8a0084fe', 'Phim này không phải là sở thích của tôi. Cốt truyện chưa thực sự cuốn hút và diễn xuất cũng không ấn tượng. Tôi hy vọng có nhiều bộ phim tốt hơn để xem.', '2023-06-15 21:07:19.686000', 0, 0, 2, '2023-06-15 21:07:19.686000', 17, 'baf537e3-ee782072-6f273b97'),
('999935fa-6a1d6930-4b9baa5a', 'Mình thích phim này! Cốt truyện thú vị và diễn xuất ấn tượng. Một bộ phim giải trí đáng xem!', '2023-06-15 21:07:18.322000', 0, 0, 4, '2023-06-15 21:07:18.322000', 2, 'baf537e3-ee782072-6f273b97'),
('9afa76f3-e4da4f82-ea615cbd', 'Phim này không phù hợp với sở thích của tôi. Cốt truyện chưa thực sự cuốn hút và diễn xuất không ấn tượng. Hy vọng sẽ có nhiều bộ phim tốt hơn để xem.', '2023-06-15 21:07:20.226000', 0, 0, 2, '2023-06-15 21:07:20.226000', 23, 'baf537e3-ee782072-6f273b97'),
('9b9ee814-23a7a4a6-437975fe', 'Tuyệt vời! Phim có cốt truyện sâu sắc và ý nghĩa. Diễn xuất xuất sắc và tạo hình nhân vật độc đáo. Mình đã yêu thích từ đầu đến cuối!', '2023-06-15 21:07:18.342000', 0, 0, 5, '2023-06-15 21:07:18.342000', 2, 'baf537e3-ee782072-6f273b97'),
('a0402896-e65d690b-b9179f4d', 'Phim này rất ấn tượng! Cốt truyện phong phú và lôi cuốn, diễn xuất xuất sắc và cảnh quay đẹp mắt. Mình rất thích bộ phim này.', '2023-06-15 21:07:20.435000', 0, 0, 4, '2023-06-15 21:07:20.435000', 25, 'baf537e3-ee782072-6f273b97'),
('a16b8b3b-89849650-7724d4d6', 'Phim này không phải là sở thích của tôi. Cốt truyện chưa thực sự cuốn hút và diễn xuất cũng không ấn tượng. Tôi hy vọng có nhiều bộ phim tốt hơn để xem.', '2023-06-15 21:07:19.361000', 0, 0, 2, '2023-06-15 21:07:19.361000', 13, 'baf537e3-ee782072-6f273b97'),
('a2d094b3-9776ea4f-6e9f0368', 'Không thích phim này lắm. Cốt truyện tẻ nhạt và diễn xuất kém. Mình không thấy hứng thú khi xem.', '2023-06-15 21:07:18.212000', 0, 0, 2, '2023-06-15 21:07:18.212000', 1, 'baf537e3-ee782072-6f273b97'),
('a4c2961a-77eb858d-86b4ae16', 'Phim này không phải là sở thích của tôi. Cốt truyện chưa thực sự cuốn hút và diễn xuất cũng không ấn tượng. Tôi hy vọng có nhiều bộ phim tốt hơn để xem.', '2023-06-15 21:07:18.776000', 0, 0, 2, '2023-06-15 21:07:18.776000', 7, 'baf537e3-ee782072-6f273b97'),
('a514a0ed-80471bd1-51cf66cd', 'Phim này rất ấn tượng! Cốt truyện phong phú và lôi cuốn, diễn xuất xuất sắc và cảnh quay đẹp mắt. Tôi rất thích bộ phim này!', '2023-06-15 21:07:19.865000', 0, 0, 4, '2023-06-15 21:07:19.865000', 19, 'baf537e3-ee782072-6f273b97'),
('a5ff34ea-ecca3f87-558ab7f9', 'Tuyệt vời! Phim có cốt truyện gây cấn và diễn xuất xuất sắc. Mình đã bị lôi cuốn từ đầu đến cuối. Đây là một trong những bộ phim hay nhất mà tôi từng xem.', '2023-06-15 21:07:19.941000', 0, 0, 5, '2023-06-15 21:07:19.941000', 20, 'baf537e3-ee782072-6f273b97'),
('a623973f-7fd5c123-c4e43df8', 'Phim này thực sự tuyệt vời! Cốt truyện hấp dẫn và diễn xuất xuất sắc. Những cảnh quay đẹp mắt và tạo hình nhân vật rất đặc sắc. Một bộ phim không thể bỏ qua!', '2023-06-15 21:07:19.176000', 0, 0, 4, '2023-06-15 21:07:19.176000', 12, 'baf537e3-ee782072-6f273b97'),
('a894b8d6-595ed3ce-e73a3b69', 'Phim này không phù hợp với sở thích của tôi. Cốt truyện chưa thực sự cuốn hút và diễn xuất không ấn tượng. Hy vọng sẽ có nhiều bộ phim tốt hơn để xem.', '2023-06-15 21:07:20.329000', 0, 0, 2, '2023-06-15 21:07:20.329000', 24, 'baf537e3-ee782072-6f273b97'),
('abb907a2-c7bb01bf-a40b5636', 'Phim này khá ổn. Cốt truyện có những tình tiết thú vị và diễn xuất tốt. Mình đã thưởng thức được.', '2023-06-15 21:07:20.400000', 0, 0, 3, '2023-06-15 21:07:20.400000', 25, 'baf537e3-ee782072-6f273b97'),
('ac5671db-e84fb1b2-2df991f7', 'Tuyệt vời! Phim có cốt truyện gây cấn và diễn xuất xuất sắc. Mình đã bị lôi cuốn từ đầu đến cuối. Đây là một trong những bộ phim hay nhất mà tôi từng xem.', '2023-06-15 21:07:19.398000', 0, 0, 5, '2023-06-15 21:07:19.398000', 14, 'baf537e3-ee782072-6f273b97'),
('ad1160c7-e29dff4a-4d4190ad', 'Phim này rất ấn tượng! Cốt truyện phong phú và lôi cuốn, diễn xuất xuất sắc và cảnh quay đẹp mắt. Tôi rất thích bộ phim này!', '2023-06-15 21:07:18.787000', 0, 0, 4, '2023-06-15 21:07:18.787000', 7, 'baf537e3-ee782072-6f273b97'),
('ad924d7e-443404cb-11b70833', 'Phim này không phải là sở thích của tôi. Cốt truyện chưa thực sự cuốn hút và diễn xuất cũng không ấn tượng. Tôi hy vọng có nhiều bộ phim tốt hơn để xem.', '2023-06-15 21:07:19.956000', 0, 0, 2, '2023-06-15 21:07:19.956000', 20, 'baf537e3-ee782072-6f273b97'),
('ae7f334f-70b2c871-bbf9ec11', 'Phim này khá ổn đấy. Cốt truyện có những điểm thú vị và diễn xuất cũng không tồi. Mình đã có trải nghiệm tốt.', '2023-06-15 21:07:20.065000', 0, 0, 3, '2023-06-15 21:07:20.065000', 21, 'baf537e3-ee782072-6f273b97'),
('afc0f4af-16955d7c-f981e825', 'Phim này thực sự tuyệt vời! Cốt truyện hấp dẫn và diễn xuất xuất sắc. Những cảnh quay đẹp mắt và tạo hình nhân vật rất đặc sắc. Một bộ phim không thể bỏ qua!', '2023-06-15 21:07:19.738000', 0, 0, 4, '2023-06-15 21:07:19.738000', 18, 'baf537e3-ee782072-6f273b97'),
('b05b42f8-e17aa80b-b143942c', 'Phim này không phải là sở thích của tôi. Cốt truyện chưa thực sự cuốn hút và diễn xuất cũng không ấn tượng. Tôi hy vọng có nhiều bộ phim tốt hơn để xem.', '2023-06-15 21:07:19.496000', 0, 0, 2, '2023-06-15 21:07:19.496000', 15, 'baf537e3-ee782072-6f273b97'),
('b13de10c-2a81140b-4190646f', 'Tuyệt vời! Phim có cốt truyện gây cấn và diễn xuất xuất sắc. Mình đã bị lôi cuốn từ đầu đến cuối. Đây là một trong những bộ phim hay nhất mà tôi từng xem.', '2023-06-15 21:07:18.847000', 0, 0, 5, '2023-06-15 21:07:18.847000', 8, 'baf537e3-ee782072-6f273b97'),
('b26a8dfb-f021ce3f-d1cb135e', 'Phim này không phải là sở thích của tôi. Cốt truyện chưa thực sự cuốn hút và diễn xuất cũng không ấn tượng. Tôi hy vọng có nhiều bộ phim tốt hơn để xem.', '2023-06-15 21:07:19.769000', 0, 0, 2, '2023-06-15 21:07:19.769000', 18, 'baf537e3-ee782072-6f273b97'),
('b406a5ad-9b6f5330-0411d9b6', 'Tuyệt vời! Phim có cốt truyện gây cấn và diễn xuất xuất sắc. Một trong những bộ phim hay nhất mà tôi từng xem.', '2023-06-15 21:07:20.121000', 0, 0, 5, '2023-06-15 21:07:20.121000', 22, 'baf537e3-ee782072-6f273b97'),
('b510a8f9-755e87e0-105c7aee', 'Mình thích phim này! Cốt truyện thú vị và diễn xuất ấn tượng. Một bộ phim giải trí đáng xem!', '2023-06-15 21:07:18.598000', 0, 0, 4, '2023-06-15 21:07:18.598000', 5, 'baf537e3-ee782072-6f273b97'),
('b70c55df-1d614858-d9e8ed7c', 'Phim này thực sự tuyệt vời! Cốt truyện hấp dẫn và diễn xuất xuất sắc. Những cảnh quay đẹp mắt và tạo hình nhân vật rất đặc sắc. Một bộ phim không thể bỏ qua!', '2023-06-15 21:07:19.656000', 0, 0, 4, '2023-06-15 21:07:19.656000', 17, 'baf537e3-ee782072-6f273b97'),
('b7daf0b8-5a0b2dcd-5aa2af09', 'Phim này khá ổn. Cốt truyện có những tình tiết thú vị và diễn xuất tốt. Mình đã thưởng thức được.', '2023-06-15 21:07:20.110000', 0, 0, 3, '2023-06-15 21:07:20.110000', 22, 'baf537e3-ee782072-6f273b97'),
('b86d4d56-03927779-15e7542d', 'Phim này không phù hợp với sở thích của tôi. Cốt truyện chưa thực sự cuốn hút và diễn xuất không ấn tượng. Hy vọng sẽ có nhiều bộ phim tốt hơn để xem.', '2023-06-15 21:07:20.087000', 0, 0, 2, '2023-06-15 21:07:20.087000', 21, 'baf537e3-ee782072-6f273b97'),
('b8d890f4-29a853ec-fe86c29b', 'Tuyệt vời! Đây là một trong những bộ phim xuất sắc nhất mà tôi từng xem. Cốt truyện thông minh và diễn xuất ấn tượng. Đáng để dành thời gian để xem!', '2023-06-15 21:07:19.990000', 0, 0, 5, '2023-06-15 21:07:19.990000', 20, 'baf537e3-ee782072-6f273b97'),
('ba4d3c37-da3c32b5-82a9fd48', 'Phim này khá ổn đấy. Cốt truyện có những điểm thú vị và diễn xuất cũng không tồi. Mình đã có trải nghiệm tốt.', '2023-06-15 21:07:20.155000', 0, 0, 3, '2023-06-15 21:07:20.155000', 22, 'baf537e3-ee782072-6f273b97'),
('bb3bf6ad-224aa3cf-9afa728c', 'Tuyệt vời! Đây là một trong những bộ phim xuất sắc nhất mà tôi từng xem. Cốt truyện thông minh và diễn xuất ấn tượng. Đáng để dành thời gian để xem!', '2023-06-15 21:07:19.442000', 0, 0, 5, '2023-06-15 21:07:19.442000', 14, 'baf537e3-ee782072-6f273b97'),
('bb823072-8b70760b-fe193803', 'Phim này khá ổn. Cốt truyện có những tình tiết thú vị và diễn xuất tốt. Mình đã thưởng thức được.', '2023-06-15 21:07:20.023000', 0, 0, 3, '2023-06-15 21:07:20.023000', 21, 'baf537e3-ee782072-6f273b97'),
('c15310c3-23a29c4d-45645c78', 'Phim này khá ổn đấy. Cốt truyện có những điểm thú vị và diễn xuất cũng không tồi. Nếu bạn muốn xem một bộ phim giải trí, hãy thử ngay!', '2023-06-15 21:07:18.875000', 0, 0, 3, '2023-06-15 21:07:18.875000', 8, 'baf537e3-ee782072-6f273b97'),
('c31c7f16-6e3250b6-6f7ae785', 'Phim này thật tuyệt vời! Tôi đã bị cuốn hút bởi cốt truyện hấp dẫn và diễn xuất xuất sắc. Đây là một bộ phim không thể bỏ qua!', '2023-06-15 21:07:18.280000', 0, 0, 4, '2023-06-15 21:07:18.280000', 2, 'baf537e3-ee782072-6f273b97'),
('c365f094-27967ae8-2d1edad2', 'Tuyệt vời! Đây là một trong những bộ phim xuất sắc nhất mà tôi từng xem. Cốt truyện thông minh và diễn xuất ấn tượng. Đáng để dành thời gian để xem!', '2023-06-15 21:07:19.053000', 0, 0, 5, '2023-06-15 21:07:19.053000', 10, 'baf537e3-ee782072-6f273b97'),
('c369786f-74b00c00-ae9d206f', 'Phim này khá ổn. Cốt truyện có những tình tiết thú vị và diễn xuất tốt. Mình đã thưởng thức được.', '2023-06-15 21:07:20.203000', 0, 0, 3, '2023-06-15 21:07:20.203000', 23, 'baf537e3-ee782072-6f273b97'),
('c37d0cb1-8c73c072-d59b35f8', 'Phim này thực sự tuyệt vời! Cốt truyện hấp dẫn và diễn xuất xuất sắc. Những cảnh quay đẹp mắt và tạo hình nhân vật rất đặc sắc. Một bộ phim không thể bỏ qua!', '2023-06-15 21:07:18.912000', 0, 0, 4, '2023-06-15 21:07:18.912000', 9, 'baf537e3-ee782072-6f273b97'),
('c3b8c990-79108d53-222e3ddf', 'Phim này không phải là sở thích của tôi. Cốt truyện chưa thực sự cuốn hút và diễn xuất cũng không ấn tượng. Tôi hy vọng có nhiều bộ phim tốt hơn để xem.', '2023-06-15 21:07:19.727000', 0, 0, 2, '2023-06-15 21:07:19.727000', 17, 'baf537e3-ee782072-6f273b97'),
('c57a9b3f-5f05e577-7549f327', 'Phim này khá ổn. Cốt truyện có những tình tiết thú vị và diễn xuất tốt. Mình đã thưởng thức được.', '2023-06-15 21:07:20.304000', 0, 0, 3, '2023-06-15 21:07:20.304000', 24, 'baf537e3-ee782072-6f273b97'),
('c66f779b-e1f58476-609fcae6', 'Tôi rất thích phim này! Cốt truyện hấp dẫn và nhân vật được phát triển tốt. Một bộ phim giải trí tuyệt vời!', '2023-06-15 21:07:18.422000', 0, 0, 4, '2023-06-15 21:07:18.422000', 3, 'baf537e3-ee782072-6f273b97'),
('c866868e-80e50810-d4f61e25', 'Phim này ổn đấy. Mình không có nhiều kỳ vọng và được gặp đúng những gì mình mong đợi. Nếu bạn đang tìm một bộ phim nhẹ nhàng, hãy xem nó!', '2023-06-15 21:07:18.701000', 0, 0, 3, '2023-06-15 21:07:18.701000', 6, 'baf537e3-ee782072-6f273b97'),
('c9a790c6-def86a32-6c6de0fe', 'Phim này rất ấn tượng! Cốt truyện phong phú và lôi cuốn, diễn xuất xuất sắc và cảnh quay đẹp mắt. Tôi rất thích bộ phim này!', '2023-06-15 21:07:19.035000', 0, 0, 4, '2023-06-15 21:07:19.035000', 10, 'baf537e3-ee782072-6f273b97'),
('cbc1d0a8-3c294785-03e44468', 'Phim này không phải là sở thích của mình. Tôi không thấy hấp dẫn và cảm thấy nó khá nhàm chán. Có nhiều bộ phim tốt hơn để xem.', '2023-06-15 21:07:18.357000', 0, 0, 2, '2023-06-15 21:07:18.357000', 2, 'baf537e3-ee782072-6f273b97'),
('cdd167f2-e19bbf68-57c21e1b', 'Phim này không phải là sở thích của tôi. Cốt truyện chưa thực sự cuốn hút và diễn xuất cũng không ấn tượng. Tôi hy vọng có nhiều bộ phim tốt hơn để xem.', '2023-06-15 21:07:19.454000', 0, 0, 2, '2023-06-15 21:07:19.454000', 14, 'baf537e3-ee782072-6f273b97'),
('ce040746-0c8f80a2-83e63975', 'Phim này thực sự tuyệt vời! Cốt truyện hấp dẫn và diễn xuất xuất sắc. Mình đã bị lôi cuốn từ đầu đến cuối. Đáng để xem.', '2023-06-15 21:07:20.390000', 0, 0, 4, '2023-06-15 21:07:20.390000', 25, 'baf537e3-ee782072-6f273b97'),
('cf3057c2-e58e0a48-c8694760', 'Tuyệt vời! Phim có cốt truyện gây cấn và diễn xuất xuất sắc. Mình đã bị lôi cuốn từ đầu đến cuối. Đây là một trong những bộ phim hay nhất mà tôi từng xem.', '2023-06-15 21:07:19.587000', 0, 0, 5, '2023-06-15 21:07:19.587000', 16, 'baf537e3-ee782072-6f273b97'),
('cf71b6e9-6b1e2bf4-35f16d2e', 'Tôi rất thích phim này! Cốt truyện hấp dẫn và nhân vật được phát triển tốt. Một bộ phim giải trí tuyệt vời!', '2023-06-15 21:07:18.687000', 0, 0, 4, '2023-06-15 21:07:18.687000', 6, 'baf537e3-ee782072-6f273b97'),
('d2f1c3b2-07d33274-f6dd7a9d', 'Phim này không phù hợp với sở thích của tôi. Cốt truyện chưa thực sự cuốn hút và diễn xuất không ấn tượng. Hy vọng sẽ có nhiều bộ phim tốt hơn để xem.', '2023-06-15 21:07:20.280000', 0, 0, 2, '2023-06-15 21:07:20.280000', 23, 'baf537e3-ee782072-6f273b97'),
('d3cd2188-1b6835f7-91808aa0', 'Tôi rất thích phim này! Cốt truyện hấp dẫn và nhân vật được phát triển tốt. Một bộ phim giải trí tuyệt vời!', '2023-06-15 21:07:18.224000', 0, 0, 4, '2023-06-15 21:07:18.224000', 1, 'baf537e3-ee782072-6f273b97'),
('d460a343-ab22ca1b-0c7b3fcf', 'Phim này rất ấn tượng! Cốt truyện phong phú và lôi cuốn, diễn xuất xuất sắc và cảnh quay đẹp mắt. Tôi rất thích bộ phim này!', '2023-06-15 21:07:19.609000', 0, 0, 4, '2023-06-15 21:07:19.609000', 16, 'baf537e3-ee782072-6f273b97'),
('d48623d9-cec1be95-d8b3cdda', 'Phim này không đáng xem. Cốt truyện nhạt nhẽo và diễn xuất kém. Mình không thấy hứng thú khi xem.', '2023-06-15 21:07:18.586000', 0, 0, 2, '2023-06-15 21:07:18.586000', 5, 'baf537e3-ee782072-6f273b97'),
('d64daeee-13b3fa75-eba6c0d6', 'Phim này tuyệt vời! Tôi không thể rời mắt khỏi màn hình. Cốt truyện độc đáo và diễn xuất xuất sắc. Tất cả các yếu tố đều hoàn hảo!', '2023-06-15 21:07:18.665000', 0, 0, 5, '2023-06-15 21:07:18.665000', 6, 'baf537e3-ee782072-6f273b97'),
('d696da11-cb9dc7bd-67aae402', 'Phim này rất ấn tượng! Cốt truyện phong phú và lôi cuốn, diễn xuất xuất sắc và cảnh quay đẹp mắt. Tôi rất thích bộ phim này!', '2023-06-15 21:07:19.421000', 0, 0, 4, '2023-06-15 21:07:19.421000', 14, 'baf537e3-ee782072-6f273b97'),
('d7125c5b-e08f2168-2ca86b19', 'Phim này rất ấn tượng! Cốt truyện phong phú và lôi cuốn, diễn xuất xuất sắc và cảnh quay đẹp mắt. Tôi rất thích bộ phim này!', '2023-06-15 21:07:19.324000', 0, 0, 4, '2023-06-15 21:07:19.324000', 13, 'baf537e3-ee782072-6f273b97'),
('d79c593f-bd884bb0-6898ba94', 'Tuyệt vời! Đây là một trong những bộ phim xuất sắc nhất mà tôi từng xem. Cốt truyện thông minh và diễn xuất ấn tượng. Mình rất khuyến khích xem.', '2023-06-15 21:07:20.075000', 0, 0, 5, '2023-06-15 21:07:20.075000', 21, 'baf537e3-ee782072-6f273b97'),
('d79e6fb3-dd72dec5-8758a88b', 'Tuyệt vời! Đây là một trong những bộ phim xuất sắc nhất mà tôi từng xem. Cốt truyện thông minh và diễn xuất ấn tượng. Đáng để dành thời gian để xem!', '2023-06-15 21:07:19.347000', 0, 0, 5, '2023-06-15 21:07:19.347000', 13, 'baf537e3-ee782072-6f273b97'),
('d8a6ea2b-32db7c3d-d78d7b43', 'Phim này không phải là sở thích của mình. Tôi không thấy hấp dẫn và cảm thấy nó khá nhàm chán. Có nhiều bộ phim tốt hơn để xem.', '2023-06-15 21:07:18.456000', 0, 0, 2, '2023-06-15 21:07:18.456000', 3, 'baf537e3-ee782072-6f273b97'),
('d91ef05a-80ad3575-40d24606', 'Phim này không phải là sở thích của tôi. Cốt truyện chưa thực sự cuốn hút và diễn xuất cũng không ấn tượng. Tôi hy vọng có nhiều bộ phim tốt hơn để xem.', '2023-06-15 21:07:19.643000', 0, 0, 2, '2023-06-15 21:07:19.643000', 16, 'baf537e3-ee782072-6f273b97'),
('db562fc3-754b4c8d-ba537b31', 'Phim này khá ổn đấy. Cốt truyện có những điểm thú vị và diễn xuất cũng không tồi. Nếu bạn muốn xem một bộ phim giải trí, hãy thử ngay!', '2023-06-15 21:07:19.139000', 0, 0, 3, '2023-06-15 21:07:19.139000', 11, 'baf537e3-ee782072-6f273b97'),
('db6bb530-56be30a9-c20a0702', 'Phim này ổn đấy. Mình không có nhiều kỳ vọng và được gặp đúng những gì mình mong đợi. Nếu bạn đang tìm một bộ phim nhẹ nhàng, hãy xem nó!', '2023-06-15 21:07:18.245000', 0, 0, 3, '2023-06-15 21:07:18.245000', 1, 'baf537e3-ee782072-6f273b97'),
('dd1d5df3-a8d91a99-466af118', 'Phim này thật tuyệt vời! Cốt truyện hấp dẫn và diễn xuất xuất sắc. Những pha hành động đỉnh cao và tạo hình nhân vật rất đặc sắc. Một bộ phim không thể bỏ qua!', '2023-06-15 21:07:18.470000', 0, 0, 4, '2023-06-15 21:07:18.470000', 4, 'baf537e3-ee782072-6f273b97'),
('ddb0c34b-ea7b0f5a-32085639', 'Tôi không thể tìm thấy từ nào để miêu tả phim này! Nó thực sự tuyệt vời. Cốt truyện gây cấn, cảnh quay đẹp mắt và diễn xuất xuất sắc. Tôi đã bị lôi cuốn từ đầu đến cuối.', '2023-06-15 21:07:18.575000', 0, 0, 5, '2023-06-15 21:07:18.576000', 5, 'baf537e3-ee782072-6f273b97'),
('e12bc7ed-4460dfe2-9974916c', 'Tuyệt vời! Phim có cốt truyện gây cấn và diễn xuất xuất sắc. Mình đã bị lôi cuốn từ đầu đến cuối. Đây là một trong những bộ phim hay nhất mà tôi từng xem.', '2023-06-15 21:07:19.101000', 0, 0, 5, '2023-06-15 21:07:19.101000', 11, 'baf537e3-ee782072-6f273b97'),
('e147ceba-7302ad89-2fd0303b', 'Tuyệt vời! Đây là một trong những bộ phim xuất sắc nhất mà tôi từng xem. Cốt truyện thông minh và diễn xuất ấn tượng. Đáng để dành thời gian để xem!', '2023-06-15 21:07:19.800000', 0, 0, 5, '2023-06-15 21:07:19.800000', 18, 'baf537e3-ee782072-6f273b97'),
('e1ddf6d9-6b4dbf68-6311f712', 'Tuyệt vời! Đây là một trong những bộ phim xuất sắc nhất mà tôi từng xem. Cốt truyện thông minh và diễn xuất ấn tượng. Đáng để dành thời gian để xem!', '2023-06-15 21:07:19.534000', 0, 0, 5, '2023-06-15 21:07:19.534000', 15, 'baf537e3-ee782072-6f273b97'),
('e3001214-e6ed2fc3-25504ff2', 'Tuyệt vời! Phim có cốt truyện sâu sắc và ý nghĩa. Diễn xuất xuất sắc và tạo hình nhân vật độc đáo. Mình đã yêu thích từ đầu đến cuối!', '2023-06-15 21:07:18.534000', 0, 0, 5, '2023-06-15 21:07:18.534000', 4, 'baf537e3-ee782072-6f273b97'),
('e3695b39-6fb7419c-b902a8f0', 'Tuyệt vời! Đây là một trong những bộ phim xuất sắc nhất mà tôi từng xem. Cốt truyện thông minh và diễn xuất ấn tượng. Đáng để dành thời gian để xem!', '2023-06-15 21:07:18.976000', 0, 0, 5, '2023-06-15 21:07:18.976000', 9, 'baf537e3-ee782072-6f273b97'),
('e6462277-0543e5f4-4349015d', 'Không thích phim này lắm. Cốt truyện tẻ nhạt và diễn xuất kém. Mình không thấy hứng thú khi xem.', '2023-06-15 21:07:18.410000', 0, 0, 2, '2023-06-15 21:07:18.410000', 3, 'baf537e3-ee782072-6f273b97'),
('e82a1bb1-6e0e71da-d9bef7c5', 'Phim này khá ổn. Mình đã có những giây phút giải trí và cảm thấy thoải mái khi xem nó. Nếu bạn muốn xem một bộ phim nhẹ nhàng, hãy thử ngay!', '2023-06-15 21:07:18.333000', 0, 0, 3, '2023-06-15 21:07:18.333000', 2, 'baf537e3-ee782072-6f273b97'),
('e8f14381-443f9e60-7783a284', 'Phim này không phải là sở thích của tôi. Cốt truyện chưa thực sự cuốn hút và diễn xuất cũng không ấn tượng. Tôi hy vọng có nhiều bộ phim tốt hơn để xem.', '2023-06-15 21:07:18.943000', 0, 0, 2, '2023-06-15 21:07:18.943000', 9, 'baf537e3-ee782072-6f273b97');
INSERT INTO `comment` (`id`, `comment`, `create_at`, `disliked`, `liked`, `rated`, `update_at`, `movie_id`, `user_id`) VALUES
('ea7fb41f-f329df22-a035723e', 'Phim này khá ổn. Cốt truyện có những tình tiết thú vị và diễn xuất tốt. Mặc dù không xuất sắc, nhưng vẫn xứng đáng xem.', '2023-06-15 21:07:19.387000', 0, 0, 3, '2023-06-15 21:07:19.387000', 14, 'baf537e3-ee782072-6f273b97'),
('ed20d3d7-ae9a5bd5-9ddcb8ee', 'Phim này không phù hợp với sở thích của tôi. Cốt truyện chưa thực sự cuốn hút và diễn xuất không ấn tượng. Hy vọng sẽ có nhiều bộ phim tốt hơn để xem.', '2023-06-15 21:07:20.422000', 0, 0, 2, '2023-06-15 21:07:20.422000', 25, 'baf537e3-ee782072-6f273b97'),
('f0b88747-75de9d5d-019321c2', 'Mình thích phim này! Cốt truyện thú vị và diễn xuất ấn tượng. Một bộ phim giải trí đáng xem!', '2023-06-15 21:07:18.515000', 0, 0, 4, '2023-06-15 21:07:18.515000', 4, 'baf537e3-ee782072-6f273b97'),
('f1e0ea5b-6889aee9-c8ae1900', 'Phim này thực sự tuyệt vời! Cốt truyện hấp dẫn và diễn xuất xuất sắc. Mình đã bị lôi cuốn từ đầu đến cuối. Đáng để xem.', '2023-06-15 21:07:20.098000', 0, 0, 4, '2023-06-15 21:07:20.098000', 22, 'baf537e3-ee782072-6f273b97'),
('f2cb5053-89920c1a-07c8ab7d', 'Phim này khá ổn đấy. Cốt truyện có những điểm thú vị và diễn xuất cũng không tồi. Nếu bạn muốn xem một bộ phim giải trí, hãy thử ngay!', '2023-06-15 21:07:19.790000', 0, 0, 3, '2023-06-15 21:07:19.790000', 18, 'baf537e3-ee782072-6f273b97'),
('f3d01623-3bb4a9df-30314083', 'Tuyệt vời! Phim có cốt truyện sâu sắc và ý nghĩa. Diễn xuất xuất sắc và tạo hình nhân vật độc đáo. Mình đã yêu thích từ đầu đến cuối!', '2023-06-15 21:07:18.714000', 0, 0, 5, '2023-06-15 21:07:18.714000', 6, 'baf537e3-ee782072-6f273b97'),
('f3d7bcd4-6671ae94-4ffc995a', 'Phim này không phải là sở thích của mình. Tôi không thấy hấp dẫn và cảm thấy nó khá nhàm chán. Có nhiều bộ phim tốt hơn để xem.', '2023-06-15 21:07:18.631000', 0, 0, 2, '2023-06-15 21:07:18.631000', 5, 'baf537e3-ee782072-6f273b97'),
('f419dbf9-a7f665aa-5951e82c', 'Tôi không thể tìm thấy từ nào để miêu tả phim này! Nó thực sự tuyệt vời. Cốt truyện gây cấn và diễn xuất tuyệt hảo. Tôi đã bị lôi cuốn từ đầu đến cuối.', '2023-06-15 21:07:18.301000', 0, 0, 5, '2023-06-15 21:07:18.301000', 2, 'baf537e3-ee782072-6f273b97'),
('f6965528-3b049924-eb66db96', 'Phim này không phải là sở thích của tôi. Cốt truyện chưa thực sự cuốn hút và diễn xuất cũng không ấn tượng. Tôi hy vọng có nhiều bộ phim tốt hơn để xem.', '2023-06-15 21:07:18.898000', 0, 0, 2, '2023-06-15 21:07:18.898000', 8, 'baf537e3-ee782072-6f273b97'),
('f9b9f400-342ba1e0-355ed30d', 'Phim này không phải là sở thích của tôi. Cốt truyện chưa thực sự cuốn hút và diễn xuất cũng không ấn tượng. Tôi hy vọng có nhiều bộ phim tốt hơn để xem.', '2023-06-15 21:07:19.163000', 0, 0, 2, '2023-06-15 21:07:19.163000', 11, 'baf537e3-ee782072-6f273b97'),
('fb99a427-d94e82de-e3c71488', 'Phim này khá ổn. Cốt truyện có những tình tiết thú vị và diễn xuất cũng tốt. Tuy không xuất sắc nhưng vẫn xứng đáng xem.', '2023-06-15 21:07:18.564000', 0, 0, 3, '2023-06-15 21:07:18.564000', 5, 'baf537e3-ee782072-6f273b97'),
('fc470241-6925b07c-5a1d9bbf', 'Phim này thực sự tuyệt vời! Cốt truyện hấp dẫn và diễn xuất xuất sắc. Những cảnh quay đẹp mắt và tạo hình nhân vật rất đặc sắc. Một bộ phim không thể bỏ qua!', '2023-06-15 21:07:19.282000', 0, 0, 4, '2023-06-15 21:07:19.282000', 13, 'baf537e3-ee782072-6f273b97'),
('fd099a75-c949ccaa-1dd3bffd', 'Tuyệt vời! Đây là một trong những bộ phim xuất sắc nhất mà tôi từng xem. Cốt truyện thông minh và diễn xuất ấn tượng. Mình rất khuyến khích xem.', '2023-06-15 21:07:20.264000', 0, 0, 5, '2023-06-15 21:07:20.264000', 23, 'baf537e3-ee782072-6f273b97'),
('fd5021e0-cbcc85b7-16a03e4d', 'Phim này rất ấn tượng! Cốt truyện phong phú và lôi cuốn, diễn xuất xuất sắc và cảnh quay đẹp mắt. Tôi rất thích bộ phim này!', '2023-06-15 21:07:18.954000', 0, 0, 4, '2023-06-15 21:07:18.954000', 9, 'baf537e3-ee782072-6f273b97'),
('fd564807-b6262c59-92d7e4c1', 'Tuyệt vời! Phim có cốt truyện gây cấn và diễn xuất xuất sắc. Một trong những bộ phim hay nhất mà tôi từng xem.', '2023-06-15 21:07:20.412000', 0, 0, 5, '2023-06-15 21:07:20.412000', 25, 'baf537e3-ee782072-6f273b97'),
('ff3b521a-4a01d49f-40284b71', 'Phim này rất ấn tượng! Cốt truyện phong phú và lôi cuốn, diễn xuất xuất sắc và cảnh quay đẹp mắt. Tôi rất thích bộ phim này!', '2023-06-15 21:07:19.696000', 0, 0, 4, '2023-06-15 21:07:19.696000', 17, 'baf537e3-ee782072-6f273b97'),
('ffac606a-3915968e-5b55ee8f', 'Phim này thực sự tuyệt vời! Cốt truyện hấp dẫn và diễn xuất xuất sắc. Những cảnh quay đẹp mắt và tạo hình nhân vật rất đặc sắc. Một bộ phim không thể bỏ qua!', '2023-06-15 21:07:18.644000', 0, 0, 4, '2023-06-15 21:07:18.644000', 6, 'baf537e3-ee782072-6f273b97');

-- --------------------------------------------------------

--
-- Table structure for table `genre`
--

CREATE TABLE `genre` (
  `id` bigint NOT NULL,
  `created_at` datetime(6) DEFAULT NULL,
  `genre` varchar(255) DEFAULT NULL,
  `last_updated` datetime(6) DEFAULT NULL
) ENGINE=InnoDB DEFAULT CHARSET=utf8mb4 COLLATE=utf8mb4_0900_ai_ci;

--
-- Dumping data for table `genre`
--

INSERT INTO `genre` (`id`, `created_at`, `genre`, `last_updated`) VALUES
(1, '2023-06-19 11:56:58.679000', 'science fiction', '2023-06-19 11:56:58.679000'),
(2, '2023-06-19 11:56:58.700000', 'comedy', '2023-06-19 11:56:58.700000'),
(3, '2023-06-19 11:56:58.709000', 'drama', '2023-06-19 11:56:58.709000'),
(4, '2023-06-19 11:56:58.723000', 'romance', '2023-06-19 11:56:58.723000'),
(5, '2023-06-19 11:56:58.733000', 'animation', '2023-06-19 11:56:58.733000'),
(6, '2023-06-19 11:56:58.743000', 'family', '2023-06-19 11:56:58.743000'),
(7, '2023-06-19 11:56:58.754000', 'horror', '2023-06-19 11:56:58.754000'),
(8, '2023-06-19 11:56:58.762000', 'action', '2023-06-19 11:56:58.762000'),
(9, '2023-06-19 11:56:58.770000', 'war', '2023-06-19 11:56:58.770000'),
(10, '2023-06-19 11:56:58.778000', 'adventure', '2023-06-19 11:56:58.778000'),
(11, '2023-06-19 11:56:58.784000', 'fantasy', '2023-06-19 11:56:58.785000'),
(12, '2023-06-19 11:56:58.791000', 'mystery', '2023-06-19 11:56:58.791000'),
(13, '2023-06-19 11:56:58.798000', 'crime', '2023-06-19 11:56:58.798000'),
(14, '2023-06-19 11:56:58.805000', 'history', '2023-06-19 11:56:58.805000'),
(15, '2023-06-19 11:56:58.813000', 'thriller', '2023-06-19 11:56:58.813000'),
(16, '2023-06-19 11:56:58.819000', 'music', '2023-06-19 11:56:58.819000');

-- --------------------------------------------------------

--
-- Table structure for table `movie`
--

CREATE TABLE `movie` (
  `id` bigint NOT NULL,
  `actors` varchar(255) DEFAULT NULL,
  `country` varchar(255) DEFAULT NULL,
  `created_at` datetime(6) DEFAULT NULL,
  `description` varchar(3000) DEFAULT NULL,
  `duration_in_mins` int DEFAULT NULL,
  `image` varchar(255) DEFAULT NULL,
  `language` varchar(255) DEFAULT NULL,
  `large_image` varchar(255) DEFAULT NULL,
  `last_updated` datetime(6) DEFAULT NULL,
  `release_date` varchar(255) DEFAULT NULL,
  `title` varchar(255) DEFAULT NULL,
  `trailer` varchar(255) DEFAULT NULL
) ENGINE=InnoDB DEFAULT CHARSET=utf8mb4 COLLATE=utf8mb4_0900_ai_ci;

--
-- Dumping data for table `movie`
--

INSERT INTO `movie` (`id`, `actors`, `country`, `created_at`, `description`, `duration_in_mins`, `image`, `language`, `large_image`, `last_updated`, `release_date`, `title`, `trailer`) VALUES
(1, 'Chris Pratt, Zoe Saldana, Dave Bautista, Karen Gillan, Pom Klementieff', 'US', '2023-06-19 11:57:19.338000', 'Nhóm Vệ binh dải Ngân Hà sau khi chia tay Thor và Gamora, đã mua lại xứ Knowhere từ chủ cũ Tivan, rồi thành lập trụ sở chính của họ ở đây.[a] Không lâu sau đó, họ bị tấn công bởi Adam Warlock, kẻ mạnh nhất được tạo ra bởi nữ hoàng Sovereign Ayesha. Bởi vì trong phần 2, cha con Peter Quill đã đánh tan tành phi đội tàu chiến của Ayesha, nên mụ thù dai và đã giành một chiếc kén từ bộ sưu tập Tivan và nhận nuôi đứa bé sinh ra từ đó, đặt tên Adam Warlock và lợi dụng Adam làm bảo kê.', 149, 'https://cdn.discordapp.com/attachments/1058632154696921108/1105736293549346856/129aeeb6-6ae6-4b4b-b4e1-5f38dd1e9bc6.png', 'VN', 'https://cdn.discordapp.com/attachments/1058632154696921108/1120198666817380402/photo-1-1540018246468599888897.png', '2023-06-19 11:57:19.338000', '03/05/2023', 'Vệ Binh Dải Ngân Hà 3', 'https://www.youtube.com/watch?v=u3V5KDHRQvk'),
(2, 'Thái Hoà, Thu Trang', 'US', '2023-06-19 11:57:19.374000', 'Lấy cảm hứng từ web drama Chuyện Xóm Tui, phiên bản điện ảnh sẽ mang một màu sắc hoàn toàn khác: hài hước hơn, gần gũi và nhiều cảm xúc hơn Bộ phim là câu chuyện của Nhót - người phụ nữ “chưa kịp già” đã sắp bị mãn kinh, vội vàng đi tìm chồng. Nhưng sâu thẳm trong cô, là khao khát muốn có một đứa con và luôn muốn hàn gắn với người cha suốt ngày say xỉn của mình.', 112, 'https://cdn.discordapp.com/attachments/1058632154696921108/1105736308749508658/tFMjE2A.png', 'VN', 'https://cdn.discordapp.com/attachments/1058632154696921108/1120199748780044379/339440745_953868245642419_1190126796390971936_n.png', '2023-06-19 11:57:19.374000', '28/04/2023', 'Con Nhót Mót Chồng', 'https://www.youtube.com/watch?v=Zu2z-SY3hCk'),
(3, 'Pachrapa Chaichua, Pongsak Pongsuwan, Ananda Everingham, Rusameekae Fagerlund, Napapa Thantrakul', 'US', '2023-06-19 11:57:19.395000', 'Dựa trên truyền thuyết về nàng Nak, không xuất hiện trong lịch sử - Tid Noi là câu chuyện khai thác về một nhân vật mới trong mối quan hệ giữa Pee Mak và Mae Nak. Khác với suy đoán về một chuyện tình tay ba ngang trái, Tid Noi đơn thuần là anh bạn hàng xóm mang trong mình tình yêu đơn phương thuần khiết dành cho cô gái nhà bên là Nak.', 104, 'https://cdn.discordapp.com/attachments/1058632154696921108/1120200232853057607/tinh-nguoi-duyen-ma-ngoai-truyen-1094241.png', 'VN', 'https://cdn.discordapp.com/attachments/1058632154696921108/1120199976304267294/maxresdefault.png', '2023-06-19 11:57:19.395000', '05/05/2023', 'Tình Người Duyên Ma: Ngoại Truyện', 'https://www.youtube.com/watch?v=6oztXW8xqHk'),
(4, 'Olivia Cooke, Kenneth Branagh, William Shatner, Laurie Holden, Kevin Dennis', 'US', '2023-06-19 11:57:19.412000', 'Cô Bé Cứu Hoả (tên tiếng Anh: Fireheart) đưa người xem bước vào hành trình phiêu lưu kỳ thú của Georgia Nolan - một cô bé thông minh, nhiệt huyết với ước mơ trở thành lính cứu hoả như ba mình. Tuy nhiên, năm 1932 tại New York, phụ nữ không được phép làm công việc này. Nhưng cơ hội “vàng” đã đến khi Georgia nảy ra ý định cải trang thành Joe - một chàng trai vụng về gia nhập đội cứu hoả do chính ba mình thành lập. Vừa phải bảo vệ danh tính thật, vừa phải dấn thân vào phi vụ mạo hiểm: Giải cứu những người lính cứu hoả của thành phố đã lần lượt biến mất trong ngọn lửa bí ẩn thiêu rụi Nhà hát Broadway, liệu Georgia có dũng cảm vượt qua tất cả và thành công?', 92, 'https://cdn.discordapp.com/attachments/1058632154696921108/1105736407181426698/co-be-cuu-hoa.png', 'VN', 'https://cdn.discordapp.com/attachments/1058632154696921108/1120200473014698004/maxresdefault.png', '2023-06-19 11:57:19.412000', '12/05/2023', 'Cô Bé Cứu Hỏa', 'https://www.youtube.com/watch?v=3suZMzK8Uu4'),
(5, 'Kim Bo-ra, Kim Jae-hyun, Shin So-yul', 'US', '2023-06-19 11:57:19.425000', 'Lời đồn ma ám về nhà ga Oksu ngày càng nhiều khi những vụ án kinh hoàng liên tục xảy ra. Một đường ray cũ kỹ, một chiếc giếng bỏ hoang, những con số gây ám ảnh hay những vết thương kỳ dị trên thi thể người xấu số... Tất cả dẫn đến một bí mật đau lòng bị chôn vùi nhiều năm trước.', 80, 'https://cdn.discordapp.com/attachments/1058632154696921108/1105736488135696424/kisagari_poster.png', 'VN', 'https://cdn.discordapp.com/attachments/1058632154696921108/1120200686429290596/maxresdefault.png', '2023-06-19 11:57:19.425000', '28/04/2023', 'Trạm Tàu Ma', 'https://www.youtube.com/watch?v=gHeWP9R6-eU'),
(6, 'Vasiliy Rovenskiy', 'US', '2023-06-19 11:57:19.440000', 'Câu chuyện xoay quanh tình bạn của chú mèo Vincent và chú chuột Maurice. Vincent vừa nhận được công việc bảo vệ kiệt tác tranh Mona Lisa trong một viện bảo tàng, còn Maurice lại có niềm đam mê gặm nhấm bức tranh này. Mọi chuyện phức tạp hơn khi có người cũng đang nung nấu ý định cướp lấy tuyệt tác Mona Lisa. Liệu Vincent và đồng đội của mình có thể cứu lấy những kiệt tác của Davinci và bảo vệ danh cho bảo tàng không?', 80, 'https://cdn.discordapp.com/attachments/1058632154696921108/1105736559338192896/meo-vie-ao-tag.png', 'VN', 'https://cdn.discordapp.com/attachments/1058632154696921108/1120200976020815942/maxresdefault.png', '2023-06-19 11:57:19.440000', '28/04/2023', 'Mèo Siêu Quậy Ở Viện Bảo Tàng', 'https://www.youtube.com/watch?v=8luiie842wA'),
(7, 'Jake Gyllenhaal, Dar Salim, Antony Starr, Alexander Ludwig, Emily Beecham', 'US', '2023-06-19 11:57:19.457000', 'Trong nhiệm vụ cuối cùng ở Afghanistan, Trung sĩ John Kinley cùng đội với phiên dịch viên bản địa Ahmed. Khi đơn vị của họ bị phục kích, Kinley và Ahmed là 2 người sống sót duy nhất. Bị kẻ địch truy đuổi, Ahmed liều mạng đưa Kinley đang bị thương băng qua nhiều dặm đường địa hình khắc nghiệt đến nơi an toàn. Trở về Mỹ, Kinley biết rằng Ahmed và gia đình không dc cấp giấy thông hành tới Mỹ như đã hứa. Quyết tâm bảo vệ bạn mình và đền ơn cứu mạng, Kinley trở lại chiến trường để giúp Ahmed và gia đình trước khi lực lượng phiến quân phát hiện ra họ.', 123, 'https://cdn.discordapp.com/attachments/1058632154696921108/1106239014870204547/poster_payoff_khe_uoc_12.png', 'VN', 'https://cdn.discordapp.com/attachments/1058632154696921108/1120201367785570415/maxresdefault.png', '2023-06-19 11:57:19.457000', '21/04/2023', 'Khế Ước', 'https://www.youtube.com/watch?v=02PPMPArNEQ'),
(8, 'Park Sung-woong, Lee Yi-kyung, Yeom Hye-ran, Oh Dal-Su, Choi Min-soo', 'US', '2023-06-19 11:57:19.472000', 'Phim Đầu Gấu Đụng Đầu Đất dựa trên câu chuyện thần thoại nổi tiếng tại Hàn Quốc về hai chú gấu sinh đôi hoá thành người sau khi ăn tỏi và ngải cứu trong 100 ngày. Chú gấu ăn tỏi trở thành Na Woong-nam, được một cặp vợ chồng nhà khoa học mang về nuôi nấng, tuy chỉ mới 25 tuổi nhưng lại sở hữu “giao diện” của một ông chú 52 với cái “đầu đất” ngây thơ, hiền lành. Trong khi đó, chú gấu ăn ngải cứu trở thành “đầu gấu” Lee Jeong-hak, được một tên trùm tổ chức tội phạm mang về nuôi và bị lợi dụng như một món “vũ khí” phòng vệ. Trong một tình huống bất đắc dĩ, Na Woong-nam đã trực tiếp đối đầu cùng anh em song sinh Lee Jeong-hak để ngăn chặn một vụ khủng bố virus có tầm lây lan mạnh. Sức mạnh của loài gấu bộc phát sẽ đẩy cuộc đụng độ của cặp gấu song sinh hoá người đi đến hồi kết nào?', 98, 'https://cdn.discordapp.com/attachments/1058632154696921108/1105736697163026512/dau-gau-gap-dau-dat.png', 'VN', '', '2023-06-19 11:57:19.472000', '21/04/2023', 'Đầu Gấu Gặp Đầu Đất', 'https://www.youtube.com/watch?v=nPSGk6ZInrg'),
(9, 'John Francis Daley, Jonathan M. Goldstein', 'US', '2023-06-19 11:57:19.489000', 'Theo chân một tên trộm quyến rũ và một nhóm những kẻ bịp bợm nghiệp dư thực hiện vụ trộm sử thi nhằm lấy lại một di vật đã mất, nhưng mọi thứ trở nên nguy hiểm khó lường hơn bao giờ hết khi họ đã chạm trán nhầm người. Ngục Tối Và Rồng: Danh Dự Của Kẻ Trộm mang thế giới huyền ảo của trò chơi nhập vai huyền thoại lên màn ảnh rộng bằng một cuộc phiêu lưu tràn ngập các màn hành động đã mắt cùng màu sắc hài hước, vui nhộn.', 134, 'https://cdn.discordapp.com/attachments/1058632154696921108/1105736771150549103/700x1000___2.png', 'VN', 'https://cdn.discordapp.com/attachments/1058632154696921108/1120201832120197140/Dungeons-Dragons-3423d.png', '2023-06-19 11:57:19.489000', '21/04/2023', 'Ngục Tối Và Rồng: Danh Dự Của Kẻ Trộm', 'https://www.youtube.com/watch?v=IiMinixSXII'),
(10, 'Chris Pratt, Anya Taylor-Joy, Charlie Day, Jack Black, Keegan-Michael Key', 'US', '2023-06-19 11:57:19.509000', 'Đây là bộ phim chuyển thể thứ ba của thương hiệu này, sau bộ phim hoạt hình Nhật Bản Super Mario Bros.: Nhiệm vụ vĩ đại giải cứu công chúa Peach! (1986) và bộ phim điện ảnh người đóng Super Mario Bros. (1993). Do Aaron Horvath và Michael Jelenic làm đạo diễn, Pierre Leduc và Fabien Polack làm đồng đạo diễn và được Matthew Fogel chắp bút phần biên kịch, bộ phim có dàn diễn viên lồng tiếng bao gồm Chris Pratt, Anya Taylor-Joy, Charlie Day, Jack Black, Keegan-Michael Key, Seth Rogen, Fred Armisen, Sebastian Maniscalco, Charles Martinet và Kevin Michael Richardson. Tác phẩm theo chân hai anh em mang tên Mario và Luigi, hai anh thợ sửa ống nước người Mỹ gốc Ý được chuyển đến một thế giới khác và bị vướng vào trận chiến giữa Vương quốc Nấm, do Công chúa Peach lãnh đạo và Koopas, do Bowser lãnh đạo.', 93, 'https://cdn.discordapp.com/attachments/1058632154696921108/1105736836598485082/1200wx1800h-1-1680765880-poster.png', 'VN', 'https://cdn.discordapp.com/attachments/1058632154696921108/1120202072546082926/maxresdefault.png', '2023-06-19 11:57:19.509000', '07/04/2023', 'Anh Em Super Mario', 'https://www.youtube.com/watch?v=TnGl01FkMMo'),
(11, 'Penelope Sangiorgi, Rocco Marazzita, Lucia Caporaso, Daniele De Martino, Chiara Casolari', 'US', '2023-06-19 11:57:19.526000', 'Sau cái chết của cha, Emma (Penelope Sangiorgi) vội vã bay từ New York về quê nhà ở Ý để lo hậu sự. Trong thời gian diễn ra tang lễ, Emma ở một mình trong căn nhà mà cha mẹ để lại. Lúc này, cô bị buộc phải đối mặt với một thực thể tà ác có khả năng kết nối thông qua một chiếc radio bị nguyền rủa. Để sống sót và bảo vệ những người mình yêu thương, Emma phải tìm ra bí mật đen tối ẩn sau chiếc radio ma quỷ kia…', 93, 'https://cdn.discordapp.com/attachments/1058632154696921108/1105736900960079973/Am-Vuc-Chet-Sound-of-Silence-2023-poster.png', 'VN', 'https://cdn.discordapp.com/attachments/1058632154696921108/1120202427300327505/xem-phim-am-vuc-chet.png', '2023-06-19 11:57:19.526000', '21/04/2023', 'Âm Vực Chết', 'https://www.youtube.com/watch?v=239gO3anEwE'),
(12, 'Sarah Grey, Meg Foster, Sarah Dumont, Alexis Knapp, Mena Suvari', 'US', '2023-06-19 11:57:19.536000', 'Câu chuyện bắt đầu khi Elly được gia đình của một người bạn nhờ chăm sóc một người phụ nữ lớn tuổi sống trong một căn nhà gỗ hẻo lánh trong vài ngày. Nhận lời đồng ý, nhưng sau đó Elly phát hiện ra sự xuất hiện của một con quỷ đang ẩn náu trong người phụ nữ chỉ chực chờ để thoát ra. Cùng lúc đó, những bí ẩn về cái chết của mẹ cô dần dần được gợi mở bởi những cơn ác mộng mà Elly phải trải qua.', 96, 'https://cdn.discordapp.com/attachments/1058632154696921108/1105736973521534996/con-thinh-no-tu-coi-am-1094250.png', 'VN', 'https://cdn.discordapp.com/attachments/1058632154696921108/1120202639930560612/maxresdefault.png', '2023-06-19 11:57:19.536000', '12/05/2023', 'Cơn Thịnh Nộ Từ Cõi Âm', 'https://www.youtube.com/watch?v=Ry2lqIHcURY'),
(13, 'Jorma Tommila, Aksel Hennie, Jack Doolan, Onni Tommila, Mimosa Willamo', 'US', '2023-06-19 11:57:19.550000', 'Lấy bối cảnh năm 1944, SISU kể câu chuyện về một cựu binh phát hiện ra mỏ vàng trong vùng hoang dã của Phần Lan. Trên đường vào thành phố bán vàng, những tên lính Phát Xít tàn bạo đang thực hiện nhiệm vụ tàn phá khắp nơi đã phát hiện ra kho báu và cướp lấy nó từ tay anh ta. Cựu binh quyết tâm đòi lại tất cả, từ nợ cho đến thù, thậm chí nếu điều đó có nghĩa là giết hết tất cả lính Phát Xít.', 91, 'https://cdn.discordapp.com/attachments/1058632154696921108/1105737028894736445/sisu.png', 'VN', 'https://cdn.discordapp.com/attachments/1058632154696921108/1120202811775406200/1920x1000_1_1_.png', '2023-06-19 11:57:19.550000', '12/05/2023', 'Sisu: Già Gân Báo Thù', 'https://www.youtube.com/watch?v=2NnPzpuU5ao'),
(14, 'Ben Affleck, Alice Braga, William Fichtner, J. D. Pardo, Jeff Fahey', 'US', '2023-06-19 11:57:19.567000', 'Phim theo chân thám tử Daniel Rourke (Ben Affleck) trong hành trình tìm kiếm cô con gái bị mất tích. Anh sớm nhận ra tất cả những chuyện bí ẩn này đều liên quan đến một người đàn ông có sức mạnh thôi miên. Với sự hỗ trợ từ nhà ngoại cảm Diana Cruz (Alice Braga), Daniel bắt đầu truy đuổi hắn và phải tìm mọi cách để đưa con gái mình trở về nhà an toàn.', 93, 'https://cdn.discordapp.com/attachments/1058632154696921108/1105737099354853407/nhung-ke-thao-tung.png', 'VN', 'https://cdn.discordapp.com/attachments/1058632154696921108/1120203447753523240/341675557_1373095650148226_5090936415944190301_n.png', '2023-06-19 11:57:19.567000', '12/05/2023', 'Những Kẻ Thao Túng', 'https://www.youtube.com/watch?v=eHsWYmnXk1o'),
(15, 'Vin Diesel, Michelle Rodriguez, Tyrese Gibson, Ludacris, Jason Momoa', 'US', '2023-06-19 11:57:19.581000', 'Trở lại sau hai năm, Fast & Furious 10 - còn có tên Fast X - là một trong những bom tấn của mùa phim hè. Tác phẩm tạo được sự quan tâm lớn khi là phần mở đầu trong hai phim sẽ khép lại series hành động nổi tiếng sau hơn 20 năm. Phim bắt đầu với sự kiện diễn ra năm 2011, khi Dominic (Vin Diesel) - nhân vật chính - cùng đồng đội cướp tài sản của ông trùm Hernán Reyes. Sau vụ đụng độ, Hernan Reyes thiệt mạng nhưng con trai của lão - Dante Reyes (Jason Momoa) - ghi nhớ mối thù, lập kế hoạch trả đũa Dominic và gia đình anh. Nhiều năm sau, Dante tái xuất với nhiều đồng minh, lên kế hoạch hại con trai tám tuổi của nam chính.', 130, 'https://cdn.discordapp.com/attachments/1058632154696921108/1106238898151096371/74d035165134327.png', 'VN', 'https://cdn.discordapp.com/attachments/1058632154696921108/1120203757226053632/gr9KBOV.png', '2023-06-19 11:57:19.581000', '17/05/2023', 'Fast & Furious 10', 'https://www.youtube.com/watch?v=aOb15GVFZxU'),
(16, 'Halle Bailey, Jonah Hauer-King, Daveed Diggs, Awkwafina, Jacob Tremblay', 'US', '2023-06-19 11:57:19.599000', 'Nàng Tiên Cá là câu chuyện được yêu thích về Ariel - một nàng tiên cá trẻ xinh đẹp và mạnh mẽ với khát khao phiêu lưu. Ariel là con gái út của Vua Triton và cũng là người ngang ngạnh nhất, nàng khao khát khám phá về thế giới bên kia đại dương. Trong một lần ghé thăm đất liền, nàng đã phải lòng Hoàng tử Eric bảnh bao. Trong khi tiên cá bị cấm tiếp xúc với con người, Ariel đã làm theo trái tim mình. Nàng đã thỏa thuận với phù thủy biển Ursula hung ác để cơ hội sống cuộc sống trên đất liền. Nhưng cuối cùng việc này lại đe dọa tới mạng sống của Ariel và vương miện của cha nàng.', 135, 'https://cdn.discordapp.com/attachments/1058632154696921108/1105737244410646528/nang-tien-ca-2-1679082319495.png', 'VN', 'https://cdn.discordapp.com/attachments/1058632154696921108/1120204202854064228/little-mermaid-poster.png', '2023-06-19 11:57:19.599000', '26/05/2023', 'Nàng Tiên Cá', 'https://www.youtube.com/watch?v=kpGo2_d3oYE'),
(17, 'Wasabi Mizuta, Megumi Oohara, Yumi Kakazu, Subaru Kimura, Tomokazu Seki', 'US', '2023-06-19 11:57:19.614000', 'Phần phim mới nhất xoay quanh chuyến phiêu lưu của Doraemon, Nobita và những người bạn thân tới Paradapia - một hòn đảo hình trăng lưỡi liềm lơ lửng trên bầu trời. Ở nơi đó, tất cả đều hoàn hảo… đến mức cậu nhóc Nobita mê ngủ ngày cũng có thể trở thành một thần đồng toán học, một siêu sao thể thao. Cả hội Doraemon cùng sử dụng một món bảo bối độc đáo chưa từng xuất hiện trước đây để đến với vương quốc tuyệt vời này. Cùng với những người bạn ở đây, đặc biệt là chàng robot mèo Sonya, cả hội đã có chuyến hành trình tới vương quốc trên mây tuyệt vời… cho đến khi những bí mật đằng sau vùng đất lý tưởng này được hé lộ.', 120, 'https://cdn.discordapp.com/attachments/1058632154696921108/1106238634660728943/main_poster_-_dmmovie2023.png', 'VN', 'https://cdn.discordapp.com/attachments/1058632154696921108/1120204407791956078/maxresdefault.png', '2023-06-19 11:57:19.614000', '26/05/2023', 'Doraemon: Nobita Và Vùng Đất Lý Tưởng Trên Bầu Trời', 'https://www.youtube.com/watch?v=jyCSIPhNJGw'),
(18, 'Shameik Moore', 'US', '2023-06-19 11:57:19.633000', 'Miles Morales tái xuất trong phần tiếp theo của bom tấn hoạt hình từng đoạt giải Oscar - Spider-Man: Across the Spider-Verse. Sau khi gặp lại Gwen Stacy, chàng Spider-Man thân thiện đến từ Brooklyn phải du hành qua đa vũ trụ và gặp một nhóm Người Nhện chịu trách nhiệm bảo vệ các vũ trụ song song. Nhưng khi nhóm siêu anh hùng xung đột về cách xử lý một mối đe dọa mới, Miles buộc phải đọ sức với các Người Nhện khác và phải xác định lại ý nghĩa của việc trở thành một người hùng để có thể cứu những người cậu yêu thương nhất.', 120, 'https://cdn.discordapp.com/attachments/1058632154696921108/1106239406718844968/SpidermanPOSTER-011.png', 'VN', 'https://cdn.discordapp.com/attachments/1058632154696921108/1120204572112195664/980x448_18_.png', '2023-06-19 11:57:19.633000', '01/06/2023', 'Người Nhện: Du Hành Vũ Trụ Nhện', 'https://www.youtube.com/watch?v=shW9i6k8cB0'),
(19, 'Anthony Ramos, Dominique Fishback, Tobe Nwigwe, Peter Cullen, Ron Perlman', 'US', '2023-06-19 11:57:19.648000', 'Một cuộc chiến với quy mô hoành tráng, những trận chiến căng thẳng, những cơn mưa lửa đạn tràn ngập giữa hàng loạt các robot ngang tài ngang sức dần được tiết lộ ở những khung hình cuối của đoạn trailer. Thế nhưng liệu sự kết hợp ăn ý giữa Autobots và Maximals liệu có đủ để chống lại cả một đội quân đông đảo của Scourge hay không, liệu có Transformer nào sẽ phải hy sinh ở cuộc chiến này? Hay phải chăng sẽ còn cách nào khác để cứu Trái Đất như lời Elena hé lộ?', 120, 'https://cdn.discordapp.com/attachments/1058632154696921108/1106238526716125314/tf7_700x1000.png', 'VN', 'https://media.discordapp.net/attachments/1058632154696921108/1120204908008833024/maxresdefault.png?width=1193&height=671', '2023-06-19 11:57:19.648000', '09/06/2023', 'Transformers: Quái Thú Trỗi Dậy', 'https://www.youtube.com/watch?v=itnqEauWQZM'),
(20, 'Ezra Miller, Kiersey Clemons, Billy Crudup, Johnny Depp', 'US', '2023-06-19 11:57:19.665000', 'Câu chuyện của Flash bắt đầu khi Barry Allen (Ezra Miller thủ vai) sử dụng siêu năng lực của mình để du hành thời gian nhằm thay đổi những sự kiện trong quá khứ. Nhưng khi nỗ lực cứu lấy gia đình mình vô tình thay đổi tương lai, Barry bị kẹt lại trong một thực tại, nơi tướng Zod tái xuất và đe dọa hủy diệt tất cả, nhưng không có bất cứ siêu anh hùng nào đứng ra giải cứu… Trừ khi Barry có thể thuyết phục một Batman rất khác và giải cứu một cư dân Kryptonian đang bị cầm tù… dẫu có thể đó không phải người mà anh thực sự tìm kiếm. Để giải cứu thế giới hiện tại cũng như trở lại tương lai mình từng biết, niềm hy vọng duy nhất của Barry là phải chạy đua vì cuộc đời mình. Vậy nhưng, sự hy sinh tuyệt đối đó có là đủ để đưa thế giới về lại như ban đầu?', 120, 'https://cdn.discordapp.com/attachments/1058632154696921108/1106239864397103224/the-flash-movie-poster-ezra-miller-barry-allen.png', 'VN', 'https://cdn.discordapp.com/attachments/1058632154696921108/1120205446255489044/stretched-1920-1080-1302431.png', '2023-06-19 11:57:19.665000', '16/06/2023', 'Flash', 'https://www.youtube.com/watch?v=hebWYacbdvc'),
(21, 'Jennifer Lawrence, Andrew Barth Feldman, Laura Benanti, Matthew Broderick, Ebon Moss-Bachrach', 'US', '2023-06-19 11:57:19.679000', 'ội dung phim kể về một cô gái lẳng lơ, sống nay đây mai đó với đủ loại công việc. Cho đến một ngày, cô nhận lời của một cặp vợ chồng trung niên là quyến rũ cậu con trai 19 tuổi của họ. Cũng từ đây, hành trình của bà cô U40 đi cò cưa trai trẻ bắt đầu với bao tình huống éo le, khó đỡ.', 120, 'https://cdn.discordapp.com/attachments/1058632154696921108/1106239984714907741/Vu-Em-Day-Yeu-No-Hard-Feelings-2023-poster.png', 'VN', 'https://cdn.discordapp.com/attachments/1058632154696921108/1120205935349072063/Harpers-Bazaar-Phim-No-Hard-Feelings-cua-Jennifer-Lawrence_04.png', '2023-06-19 11:57:19.679000', '23/06/2023', 'Vú Em Dạy “Yêu”', 'https://www.youtube.com/watch?v=P15S6ND8kbQ'),
(22, 'Harrison Ford', 'US', '2023-06-19 11:57:19.693000', 'Tác phẩm là phần thứ năm trong loạt phim Indiana Jones, tiếp nối câu chuyện sau Indiana Jones and the Kingdom of the Crystal Skull (2008). Với những câu chuyện phiêu lưu kỳ thú, Indiana Jones (Harrison Ford) là một trong những anh hùng huyền thoại của các khán giả thế hệ 7x và 8x. Indiana Jones 5 sẽ pha trộn giữa thực tế, hư cấu. Lần này Indiana Jones sẽ đối mặt với Đức quốc xã trong thời gian diễn ra cuộc chạy đua vào không gian như thế nào? Bộ phim hứa hẹn sẽ là một chuyến hành trình cuối cùng đáng nhớ của Indiana Jones và là lời chào tạm biệt tốt nhất dành cho nhân vật này trên màn ảnh.', 120, 'https://cdn.discordapp.com/attachments/1058632154696921108/1106240080680587324/indiana-jones-vong-quay-dinh-menh-thumb.png', 'VN', 'https://cdn.discordapp.com/attachments/1058632154696921108/1120206316384833556/maxresdefault.png', '2023-06-19 11:57:19.693000', '30/06/2023', 'Indiana Jones & Vòng Quay Định Mệnh', 'https://www.youtube.com/watch?v=eQfMbSe7F2g'),
(23, 'Ty Simpkins, Patrick Wilson, Hiam Abbass, Sinclair Daniel, Andrew Astor', 'US', '2023-06-19 11:57:19.705000', 'Đã 10 năm trôi qua kể từ màn đối đầu quỷ dữ theo đúng nghĩa đen diễn ra ở Insidious 2, sang chấn từ sự việc vẫn âm ỉ, nhất là đối với Josh và con trai lớn Dalton của anh. Vì cả hai đã chọn quên đi quá khứ cũng như đè nén khả năng đặc biệt của bản thân, giờ trong tâm trí họ tồn tại một khoảng trống khiến hai cha con luôn cảm thấy bản thân như đang bị chìm trong sương mù và cơn ác mộng dai dẳng về cánh cửa đỏ họ không thể nhớ đã gặp ở đâu. Và hôm nay, khi Dalton chuẩn bị lên đường học đại học, những con quỷ quay về để hoàn thành chuyện còn dang dở năm nào. Tệ hơn, giờ hai cha con không có Elise hỗ trợ nữa.', 120, 'https://cdn.discordapp.com/attachments/1058632154696921108/1106240371983392918/quyquyetcuadoPOSTER-01.png', 'VN', 'https://cdn.discordapp.com/attachments/1058632154696921108/1120206464804470805/maxresdefault.png', '2023-06-19 11:57:19.705000', '07/07/2023', 'Quỷ Quyệt Cửa Đỏ Vô Định', 'https://www.youtube.com/watch?v=ZuQuOnYnr3Q'),
(24, 'Margot Robbie', 'US', '2023-06-19 11:57:19.716000', 'Lấy bối cảnh tại \'Barbieland\' một xã hội tươi đẹp, đầy màu sắc với Kens và Barbies. Ken của Ryan Gosling, được cho là một \'thằng cực kỳ ngu ngốc\', rất mê Barbie, nhưng lại yêu thế giới thực, nơi mà có tất cả các lý do mà Barbie ghét (tiêu chuẩn về vẻ đẹp, giới tính,... ). Ken và Barbie rời \'Barbieland\' để đến thế giới thực và CEO Mattel (Will Ferrell) phải đuổi theo để đưa họ trở lại Barbieland.', 120, 'https://cdn.discordapp.com/attachments/1058632154696921108/1106240470784413776/o1YxyJFVbQvqwfWnf6aVyjcUhcZ.png', 'VN', 'https://cdn.discordapp.com/attachments/1058632154696921108/1120206644043858000/maxresdefault.png', '2023-06-19 11:57:19.716000', '21/07/2023', 'Barbie', 'https://www.youtube.com/watch?v=GRyt3Ov4zz0'),
(25, 'Cillian Murphy, Emily Blunt, Florence Pugh, Matt Damon, Dane DeHaan', 'US', '2023-06-19 11:57:19.730000', 'Kịch bản của bộ phim dựa trên cuốn sách đoạt giải Pulitzer American Prometheus: The Triumph and Tragedy of J. Robert Oppenheimer, của Kai Bird và Martin J. Sherwin. Oppenheimer là bộ phim thuộc thể loại sử thi giật gân, với nhân vật trung tâm là J. Robert Oppenheimer, nhà vật lý lý thuyết người đứng đầu phòng thí nghiệm Los Alamos, thời kỳ Thế chiến II. Ông đóng vai trò quan trọng trong Dự án Manhattan, tiên phong trong nhiệm vụ phát triển vũ khí hạt nhân, và được coi là một trong những “cha đẻ của bom nguyên tử”.', 120, 'https://cdn.discordapp.com/attachments/1058632154696921108/1106240615706005587/oppenheimer-poster-1658411601593.png', 'VN', 'https://cdn.discordapp.com/attachments/1058632154696921108/1120206871396089876/maxresdefault.png', '2023-06-19 11:57:19.730000', '21/07/2023', 'Oppenheimer', 'https://www.youtube.com/watch?v=bK6ldnjE3Y0'),
(26, 'Minami Takayama, Wakana Yamazaki, Rikiya Koyama, Megumi Hayashibara, Shuuichi Ikeda', 'US', '2023-06-19 11:57:19.744000', 'Lấy bối cảnh ở vùng biển gần đảo Hachijo-jima, Tokyo. Các kỹ sư khắp nơi trên thế giới đã tập hợp lại để vận hành toàn diện \'Phao Thái Bình Dương\' - một cơ sở ngoài khơi để kết nối các camera an ninh thuộc sở hữu của lực lượng cảnh sát toàn cầu. Một thử nghiệm về một \'công nghệ mới\' nhất định dựa trên hệ thống nhận dạng khuôn mặt đang được tiến hành ở đó.', 120, 'https://cdn.discordapp.com/attachments/1058632154696921108/1106240703450861730/conantausatdenPOSTER-01.png', 'VN', 'https://cdn.discordapp.com/attachments/1058632154696921108/1120207210266492999/Conan-movie-26-1-game4v-1683595773-53.png', '2023-06-19 11:57:19.744000', '21/07/2023', 'Thám Tử Lừng Danh Conan: Tàu Ngầm Sắt Màu Đen', 'https://www.youtube.com/watch?v=UKoz2Xh3ojc'),
(27, 'Rosario Dawson, Chase W. Dillon, LaKeith Stanfield, Tiffany Haddish, Owen Wilson', 'US', '2023-06-19 11:57:19.758000', 'Không một sinh vật sống nào có thể liên tục chỉ tồn tại trong thế giới thực mà không hóa điên. Ngay cả chim sơn ca và châu chấu cũng được một số người cho là có biết mơ. Dinh thự Hill thì chẳng còn tỉnh táo nữa. Nó đứng một mình trên những ngọn đồi, lưu giữ bóng tối trong lòng. Nó đã đứng như vậy trong suốt tám mươi năm và có thể sẽ tiếp tục đứng vững thêm tám mươi năm nữa.', 120, 'https://cdn.discordapp.com/attachments/1058632154696921108/1106240872040910939/rsz_haunted_mansion_teaser_poster.png', 'VN', 'https://cdn.discordapp.com/attachments/1058632154696921108/1120207692431106118/haunted-mansion-cast-disney-characters_v52qnN8.png', '2023-06-19 11:57:19.758000', '28/07/2023', 'Dinh Thự Ma Ám', 'https://www.youtube.com/watch?v=gartMjonTXc'),
(28, 'George Lopez', 'US', '2023-06-19 11:57:19.773000', 'Câu chuyện về nguồn gốc của Jaime Reyes trong nguyên tác khá đơn giản và dễ hiểu. Reyes là một cậu thiếu niên sống cùng gia đình, bao gồm cha mẹ và em gái, tại El Paso, Texas, Mỹ. Trong một ngày trên đường đi học về, cậu tình cờ nhặt được một vật thể kỳ lạ có hình giống một con bọ hung. Và tính tò mò đã khiến Reyes quyết định mang nó về nhà, mà không hề biết rằng điều này sẽ thay đổi cuộc sống và tương lai cậu mãi mãi.', 120, 'https://cdn.discordapp.com/attachments/1058632154696921108/1106240970170826752/fjej3p5vsaefncy-1670085354902.png', 'VN', 'https://cdn.discordapp.com/attachments/1058632154696921108/1120208115313414205/Screenshot-2023-04-03-at-10.png', '2023-06-19 11:57:19.773000', '18/08/2023', 'Blue Beetle', 'https://www.youtube.com/watch?v=vS3_72Gb-bI'),
(29, 'Denzel Washington, Dakota Fanning, Gaia Scodellaro, David Denman, Eugenio Mastrandrea', 'US', '2023-06-19 11:57:19.787000', 'Sau khi phải tự tay tiêu diệt những người đồng đội cũ trong The Equalizer 2 (2018), Robert McCall (Denzel Washington) quyết định nghỉ hưu thực sự và chuyển đến sinh sống tại miền Nam nước Ý. Tại đây, ông dường như đã tìm thấy một quê nhà mới với cuộc sống bình yên bên cạnh những người dân hiếu khách. Thế nhưng, mỗi khi McCall muốn thoát khỏi quá khứ bạo lực thì rắc rối lại tự tìm đến ông. Một tổ chức mafia bắt đầu vươn vòi bạch tuộc với vùng quê này với hàng loạt các hoạt động phi pháp, giết người và thậm chí là khủng bố cảnh sát. Khi tính mạng của bạn bè bị đe dọa, Robert McCall buộc phải tái xuất để xóa số băng đảng tội phạm này mãi mãi.', 120, 'https://cdn.discordapp.com/attachments/1058632154696921108/1106241024726151168/thienacdoidau-01.png', 'VN', 'https://cdn.discordapp.com/attachments/1058632154696921108/1120208285790912602/m4mjezid_1920x1080-thienacdoidau2.png', '2023-06-19 11:57:19.787000', '01/09/2023', 'Thiện Ác Đối Đầu 3', 'https://www.youtube.com/watch?v=19ikl8vy4zs'),
(30, 'Kenneth Branagh, Michelle Yeoh, Jamie Dornan, Tina Fey, Jude Hill', 'US', '2023-06-19 11:57:19.800000', 'Án Mạng Ở Venice được lấy cảm hứng từ cuốn tiểu thuyết Hallowe’en Party năm 1969 của Agatha Christie, nhưng vẫn chưa rõ nó sẽ bám sát nguyên tác đến mức nào. Nội dung được tóm gọn như sau: “Bây giờ đã nghỉ hưu và sống lưu vong tự áp đặt tại thành phố quyến rũ nhất thế giới, [Hercule] Poirot miễn cưỡng tham dự một buổi cầu hồn tại một cung điện bị ma ám, mục nát. Khi một trong những vị khách bị sát hại, viên thám tử bị đẩy vào một thế giới nham hiểm của bóng tối và bí mật.”', 120, 'https://cdn.discordapp.com/attachments/1058632154696921108/1106241116640120973/An-Mang-O-Venice-Haunting-in-Venice-2023-poster.png', 'VN', 'https://cdn.discordapp.com/attachments/1058632154696921108/1120208664024842250/A_Haunting_in_Venice_logo.png', '2023-06-19 11:57:19.800000', '15/09/2023', 'Án Mạng Ở Venice', 'https://www.youtube.com/watch?v=oRCKIP5paEU'),
(31, 'Timothee Chalamet, Zendaya, Rebecca Ferguson, Javier Bardem, Florence Pugh', 'US', '2023-06-19 11:57:19.814000', 'Dune chuyển thể từ tiểu thuyết nổi tiếng cùng tên của nhà văn Frank Herbert, xuất bản tại Việt Nam với tựa đề Xứ cát. Kịch bản theo chân công tước Paul Atreides (Timothée Chalamet đóng) trong hành trình sinh tử bảo vệ vận mệnh của cả thiên hà', 120, 'https://cdn.discordapp.com/attachments/1058632154696921108/1106241194754854953/Dune-2-Poster.png', 'VN', 'https://cdn.discordapp.com/attachments/1058632154696921108/1120208840613433384/Dune-2-screenplay-imax.png', '2023-06-19 11:57:19.814000', '03/11/2023', 'Dune 2', 'https://www.youtube.com/watch?v=Way9Dexny3w'),
(32, 'Anna Kendrick, Justin Timberlake, Eric André, Kid Cudi, Daveed Diggs', 'US', '2023-06-19 11:57:19.832000', 'Bộ phim mở ra cuộc hành trình phiêu lưu âm nhạc kỳ thú của bộ đôi Poppy và Branch. Sau 2 phần phim từng chiếu trước đây, trải qua những chuyến phiêu lưu cùng với nhau, Poppy và Brand đã chính thức ở bên nhau như một cặp đôi. Mở đầu trailer là khung cảnh của buổi tiệc cưới hoàng gia đang được chuẩn bị. Tụ hội trong ngày vui của vợ chồng Bridget và Gristle là anh Mây cầu vồng và Tí Kim Cương lấp lánh. Ngoài ra, còn có John Dory, anh trai thất lạc của Branch. Sự xuất hiện của John Dory tại bữa tiệc đã hé lộ những bí mật được che giấu lâu nay.', 120, 'https://cdn.discordapp.com/attachments/1058632154696921108/1106241367170105374/rZGFcl01VIdfMpLOIuiO6IFdq1U.png', 'VN', 'https://cdn.discordapp.com/attachments/1058632154696921108/1120209274119925760/maxresdefault.png', '2023-06-19 11:57:19.832000', '17/11/2023', 'Quỷ Lùn Tinh Nghịch: Đồng Tâm Hiệp Nhạc', 'https://www.youtube.com/watch?v=qZ40Z62tcXM');

-- --------------------------------------------------------

--
-- Table structure for table `movie_genre`
--

CREATE TABLE `movie_genre` (
  `movie_id` bigint NOT NULL,
  `genre_id` bigint NOT NULL
) ENGINE=InnoDB DEFAULT CHARSET=utf8mb4 COLLATE=utf8mb4_0900_ai_ci;

--
-- Dumping data for table `movie_genre`
--

INSERT INTO `movie_genre` (`movie_id`, `genre_id`) VALUES
(1, 10),
(1, 1),
(1, 2),
(2, 3),
(2, 2),
(3, 4),
(3, 2),
(4, 6),
(4, 5),
(5, 7),
(6, 2),
(6, 5),
(7, 3),
(7, 8),
(7, 9),
(8, 2),
(8, 8),
(9, 10),
(9, 11),
(10, 10),
(10, 11),
(10, 2),
(10, 6),
(10, 5),
(11, 7),
(11, 15),
(12, 7),
(13, 8),
(13, 9),
(14, 12),
(14, 13),
(14, 15),
(15, 8),
(15, 13),
(15, 15),
(16, 10),
(16, 4),
(16, 11),
(16, 6),
(17, 10),
(17, 1),
(17, 5),
(18, 10),
(18, 1),
(18, 2),
(18, 8),
(18, 5),
(19, 10),
(19, 1),
(19, 8),
(20, 10),
(20, 11),
(20, 1),
(20, 8),
(21, 4),
(21, 2),
(22, 10),
(22, 8),
(23, 7),
(23, 15),
(24, 2),
(25, 3),
(25, 9),
(25, 14),
(26, 12),
(26, 8),
(26, 13),
(26, 5),
(27, 7),
(27, 2),
(27, 6),
(28, 10),
(28, 1),
(28, 8),
(28, 15),
(29, 8),
(29, 13),
(29, 15),
(30, 3),
(30, 12),
(30, 13),
(31, 10),
(31, 1),
(31, 8),
(32, 11),
(32, 16),
(32, 2),
(32, 6),
(32, 5);

-- --------------------------------------------------------

--
-- Table structure for table `payment`
--

CREATE TABLE `payment` (
  `id` varchar(26) NOT NULL,
  `amount` double DEFAULT NULL,
  `create_at` datetime(6) NOT NULL,
  `status` varchar(255) DEFAULT NULL,
  `update_at` datetime(6) DEFAULT NULL,
  `booking_id` varchar(26) DEFAULT NULL
) ENGINE=InnoDB DEFAULT CHARSET=utf8mb4 COLLATE=utf8mb4_0900_ai_ci;

--
-- Dumping data for table `payment`
--

INSERT INTO `payment` (`id`, `amount`, `create_at`, `status`, `update_at`, `booking_id`) VALUES
('f1d2859f-7086d6a9-5bed308f', 20000, '2023-06-26 06:52:24.176000', 'PAID', '2023-06-26 06:53:20.094000', '76027d91-63cf320f-4f35d314');

-- --------------------------------------------------------

--
-- Table structure for table `role`
--

CREATE TABLE `role` (
  `id` bigint NOT NULL,
  `name` varchar(255) DEFAULT NULL
) ENGINE=InnoDB DEFAULT CHARSET=utf8mb4 COLLATE=utf8mb4_0900_ai_ci;

--
-- Dumping data for table `role`
--

INSERT INTO `role` (`id`, `name`) VALUES
(1, 'ROLE_ADMIN'),
(3, 'ROLE_SUPER_ADMIN'),
(2, 'ROLE_USER');

-- --------------------------------------------------------

--
-- Table structure for table `role_seq`
--

CREATE TABLE `role_seq` (
  `next_val` bigint DEFAULT NULL
) ENGINE=InnoDB DEFAULT CHARSET=utf8mb4 COLLATE=utf8mb4_0900_ai_ci;

--
-- Dumping data for table `role_seq`
--

INSERT INTO `role_seq` (`next_val`) VALUES
(101);

-- --------------------------------------------------------

--
-- Table structure for table `show_seat`
--

CREATE TABLE `show_seat` (
  `id` varchar(26) NOT NULL,
  `create_at` datetime(6) NOT NULL,
  `status` varchar(255) DEFAULT NULL,
  `update_at` datetime(6) DEFAULT NULL,
  `cinema_seat_id` bigint DEFAULT NULL,
  `show_id` varchar(26) DEFAULT NULL
) ENGINE=InnoDB DEFAULT CHARSET=utf8mb4 COLLATE=utf8mb4_0900_ai_ci;

--
-- Dumping data for table `show_seat`
--

INSERT INTO `show_seat` (`id`, `create_at`, `status`, `update_at`, `cinema_seat_id`, `show_id`) VALUES
('02qS9lOS04', '2023-06-19 11:58:56.611000', 'AVAILABLE', '2023-06-19 11:58:56.611000', 114, 'a38986be-920b64bf-147258bc'),
('049asw9yjp', '2023-06-19 11:58:56.183000', 'AVAILABLE', '2023-06-19 11:58:56.183000', 11, '719b41d4-07cf3ce5-794cb046'),
('04kpzPAeIl', '2023-06-19 11:58:57.019000', 'AVAILABLE', '2023-06-19 11:58:57.019000', 155, '0c591085-01d67658-65dd19df'),
('08XX35ketY', '2023-06-19 11:58:59.558000', 'AVAILABLE', '2023-06-19 11:58:59.558000', 33, '53343824-597887ef-e43f61be'),
('0dWxMBdlkC', '2023-06-19 11:58:56.394000', 'AVAILABLE', '2023-06-19 11:58:56.394000', 64, '9c93fcf6-4ee7aba9-9824ff4d'),
('0er4dHGZED', '2023-06-19 11:58:55.081000', 'AVAILABLE', '2023-06-19 11:58:55.081000', 117, '3366b2d8-914c4cdd-dd19921e'),
('0EZbJPfENW', '2023-06-19 11:58:56.456000', 'AVAILABLE', '2023-06-19 11:58:56.456000', 80, '9c93fcf6-4ee7aba9-9824ff4d'),
('0hkeJTBo55', '2023-06-19 11:58:54.674000', 'AVAILABLE', '2023-06-19 11:58:54.674000', 56, 'ed73b77c-cdda79ae-b32ba801'),
('0iiIZTsQJ6', '2023-06-19 11:58:58.960000', 'AVAILABLE', '2023-06-19 11:58:58.960000', 99, '8ea0f565-e5aa3367-d72511a6'),
('0j9EkqbbpB', '2023-06-19 11:58:55.417000', 'AVAILABLE', '2023-06-19 11:58:55.417000', 76, '2e9977a7-e5770b06-eacbd3c3'),
('0KT34nus1I', '2023-06-19 11:58:59.159000', 'AVAILABLE', '2023-06-19 11:58:59.159000', 24, '681eef78-56f9e7e6-4ad01caf'),
('0OJTMrF7jG', '2023-06-19 11:58:54.091000', 'AVAILABLE', '2023-06-19 11:58:54.091000', 83, '33c9b15c-f26b7368-dbb825a3'),
('0oV3SsFJ0i', '2023-06-19 11:58:58.380000', 'AVAILABLE', '2023-06-19 11:58:58.380000', 137, '9b5ee46d-26e93707-d9784912'),
('0pCasKtWZB', '2023-06-19 11:58:55.409000', 'AVAILABLE', '2023-06-19 11:58:55.409000', 74, '2e9977a7-e5770b06-eacbd3c3'),
('0qt7dRn9OY', '2023-06-19 11:58:58.773000', 'AVAILABLE', '2023-06-19 11:58:58.773000', 137, '5682ad59-1c54857b-7b257361'),
('0XIVoSO4Jv', '2023-06-19 11:58:57.350000', 'AVAILABLE', '2023-06-19 11:58:57.350000', 154, 'a12c8eec-d852c20a-11213a08'),
('11CElYNhLl', '2023-06-19 11:58:56.969000', 'AVAILABLE', '2023-06-19 11:58:56.969000', 144, '0c591085-01d67658-65dd19df'),
('12OpkTAXth', '2023-06-19 11:58:55.855000', 'AVAILABLE', '2023-06-19 11:58:55.855000', 133, '25d7d885-39cdc7e1-6aaabf75'),
('12xgx5sFNV', '2023-06-19 11:58:57.523000', 'AVAILABLE', '2023-06-19 11:58:57.523000', 74, '9ec7e849-190e222e-de378f6a'),
('15S3le7hDz', '2023-06-19 11:58:53.925000', 'AVAILABLE', '2023-06-19 11:58:53.925000', 47, 'c21543d4-3f2474b3-b8f7484d'),
('15TOYm1ChZ', '2023-06-19 11:58:54.802000', 'AVAILABLE', '2023-06-19 11:58:54.802000', 126, '49bff82b-5212cbd4-2bb51ab5'),
('1aAZDH6Tx4', '2023-06-19 11:58:58.012000', 'AVAILABLE', '2023-06-19 11:58:58.012000', 111, '00165067-e870465b-45245005'),
('1Bjj4ZGLBu', '2023-06-19 11:58:54.783000', 'AVAILABLE', '2023-06-19 11:58:54.783000', 121, '49bff82b-5212cbd4-2bb51ab5'),
('1DH9eOq2rQ', '2023-06-19 11:58:54.214000', 'AVAILABLE', '2023-06-19 11:58:54.214000', 112, '33c9b15c-f26b7368-dbb825a3'),
('1dhp4pSOGl', '2023-06-19 11:58:57.292000', 'AVAILABLE', '2023-06-19 11:58:57.292000', 140, 'a12c8eec-d852c20a-11213a08'),
('1EaY9bxlHV', '2023-06-19 11:58:59.395000', 'AVAILABLE', '2023-06-19 11:58:59.395000', 77, '81ac355e-7f992d9d-5cdfd666'),
('1hRfEkapDM', '2023-06-19 11:58:57.966000', 'AVAILABLE', '2023-06-19 11:58:57.966000', 101, '00165067-e870465b-45245005'),
('1Ixb8g6FyF', '2023-06-19 11:58:54.760000', 'AVAILABLE', '2023-06-19 11:58:54.760000', 78, 'ed73b77c-cdda79ae-b32ba801'),
('1Lu1sRM6fZ', '2023-06-19 11:58:58.585000', 'AVAILABLE', '2023-06-19 11:58:58.585000', 57, '42334790-513e778b-d54e8923'),
('1NcKqyfvIV', '2023-06-19 11:58:58.633000', 'AVAILABLE', '2023-06-19 11:58:58.633000', 68, '42334790-513e778b-d54e8923'),
('1OJOmgjKvZ', '2023-06-19 11:58:56.603000', 'AVAILABLE', '2023-06-19 11:58:56.603000', 112, 'a38986be-920b64bf-147258bc'),
('1PEHu9mcmw', '2023-06-19 11:58:57.545000', 'AVAILABLE', '2023-06-19 11:58:57.545000', 77, '9ec7e849-190e222e-de378f6a'),
('1qLv67SI7w', '2023-06-19 11:58:57.566000', 'AVAILABLE', '2023-06-19 11:58:57.566000', 80, '9ec7e849-190e222e-de378f6a'),
('1qVmH3HF2o', '2023-06-19 11:58:58.480000', 'AVAILABLE', '2023-06-19 11:58:58.480000', 152, '9b5ee46d-26e93707-d9784912'),
('1taBEhlExD', '2023-06-19 11:58:58.981000', 'AVAILABLE', '2023-06-19 11:58:58.981000', 104, '8ea0f565-e5aa3367-d72511a6'),
('1vjhQQUkZz', '2023-06-19 11:58:57.412000', 'BOOKED', '2023-06-26 06:54:11.667000', 48, '9ec7e849-190e222e-de378f6a'),
('1WDYcPGhGg', '2023-06-19 11:58:54.026000', 'AVAILABLE', '2023-06-19 11:58:54.026000', 72, 'c21543d4-3f2474b3-b8f7484d'),
('1WTgoCGsjB', '2023-06-19 11:58:55.938000', 'AVAILABLE', '2023-06-19 11:58:55.938000', 152, '25d7d885-39cdc7e1-6aaabf75'),
('1xC3MLCp5I', '2023-06-19 11:58:54.108000', 'AVAILABLE', '2023-06-19 11:58:54.108000', 87, '33c9b15c-f26b7368-dbb825a3'),
('23uAd50gKw', '2023-06-19 11:58:55.611000', 'AVAILABLE', '2023-06-19 11:58:55.611000', 79, '66bf2624-fb3bb5fa-210bed10'),
('23xufBAfeu', '2023-06-19 11:58:56.011000', 'AVAILABLE', '2023-06-19 11:58:56.011000', 89, 'd419322a-028817a7-fdfc00b4'),
('2bCENYzRnp', '2023-06-19 11:58:58.736000', 'AVAILABLE', '2023-06-19 11:58:58.736000', 129, '5682ad59-1c54857b-7b257361'),
('2BGnKNFJij', '2023-06-19 11:58:55.517000', 'AVAILABLE', '2023-06-19 11:58:55.517000', 59, '66bf2624-fb3bb5fa-210bed10'),
('2BMzFCCDIG', '2023-06-19 11:58:54.103000', 'AVAILABLE', '2023-06-19 11:58:54.103000', 86, '33c9b15c-f26b7368-dbb825a3'),
('2BWCKpiLJ5', '2023-06-19 11:58:54.791000', 'AVAILABLE', '2023-06-19 11:58:54.791000', 123, '49bff82b-5212cbd4-2bb51ab5'),
('2CEpzNIeU4', '2023-06-19 11:58:57.790000', 'AVAILABLE', '2023-06-19 11:58:57.790000', 67, 'a2698bad-675973aa-182444c2'),
('2E5W0dAg7E', '2023-06-19 11:58:55.566000', 'AVAILABLE', '2023-06-19 11:58:55.566000', 68, '66bf2624-fb3bb5fa-210bed10'),
('2HMpSLcHbO', '2023-06-19 11:58:54.013000', 'AVAILABLE', '2023-06-19 11:58:54.013000', 69, 'c21543d4-3f2474b3-b8f7484d'),
('2i4rugdU12', '2023-06-19 11:58:59.099000', 'AVAILABLE', '2023-06-19 11:58:59.099000', 10, '681eef78-56f9e7e6-4ad01caf'),
('2IdQIdzh7l', '2023-06-19 11:58:54.534000', 'AVAILABLE', '2023-06-19 11:58:54.534000', 145, 'bba69e0b-82df5939-21a13bcc'),
('2iMnC0xkiD', '2023-06-19 11:58:58.473000', 'AVAILABLE', '2023-06-19 11:58:58.473000', 150, '9b5ee46d-26e93707-d9784912'),
('2johG6vgUK', '2023-06-19 11:58:55.806000', 'AVAILABLE', '2023-06-19 11:58:55.806000', 121, '25d7d885-39cdc7e1-6aaabf75'),
('2JxUQgKPub', '2023-06-19 11:58:54.906000', 'AVAILABLE', '2023-06-19 11:58:54.906000', 154, '49bff82b-5212cbd4-2bb51ab5'),
('2KPMDtfVZI', '2023-06-19 11:58:59.020000', 'AVAILABLE', '2023-06-19 11:58:59.020000', 113, '8ea0f565-e5aa3367-d72511a6'),
('2LyxdouomB', '2023-06-19 11:58:54.157000', 'AVAILABLE', '2023-06-19 11:58:54.157000', 99, '33c9b15c-f26b7368-dbb825a3'),
('2ONLt7f2e3', '2023-06-19 11:58:54.966000', 'AVAILABLE', '2023-06-19 11:58:54.966000', 87, '3366b2d8-914c4cdd-dd19921e'),
('2rmSyLnVlF', '2023-06-19 11:58:55.902000', 'AVAILABLE', '2023-06-19 11:58:55.902000', 143, '25d7d885-39cdc7e1-6aaabf75'),
('2TSp51Ol4i', '2023-06-19 11:58:59.432000', 'AVAILABLE', '2023-06-19 11:58:59.432000', 4, '53343824-597887ef-e43f61be'),
('2VShDbXq3M', '2023-06-19 11:58:54.627000', 'AVAILABLE', '2023-06-19 11:58:54.627000', 44, 'ed73b77c-cdda79ae-b32ba801'),
('2vZRqD0Zpv', '2023-06-19 11:58:57.647000', 'AVAILABLE', '2023-06-19 11:58:57.647000', 49, 'a2698bad-675973aa-182444c2'),
('2Zt1YeDmJo', '2023-06-19 11:58:56.937000', 'AVAILABLE', '2023-06-19 11:58:56.937000', 136, '0c591085-01d67658-65dd19df'),
('36zY2vRiNU', '2023-06-19 11:58:58.040000', 'AVAILABLE', '2023-06-19 11:58:58.040000', 117, '00165067-e870465b-45245005'),
('3Bi7KcBTd9', '2023-06-19 11:58:56.470000', 'AVAILABLE', '2023-06-19 11:58:56.470000', 81, 'a38986be-920b64bf-147258bc'),
('3fk2wPXNbT', '2023-06-19 11:58:56.566000', 'AVAILABLE', '2023-06-19 11:58:56.566000', 104, 'a38986be-920b64bf-147258bc'),
('3H7ZFonQiZ', '2023-06-19 11:58:54.124000', 'AVAILABLE', '2023-06-19 11:58:54.124000', 91, '33c9b15c-f26b7368-dbb825a3'),
('3hE9bEpble', '2023-06-19 11:58:56.212000', 'AVAILABLE', '2023-06-19 11:58:56.212000', 19, '719b41d4-07cf3ce5-794cb046'),
('3HgMbzaoey', '2023-06-19 11:58:54.284000', 'AVAILABLE', '2023-06-19 11:58:54.284000', 4, '294022bf-3dcd2d6e-26e74c77'),
('3IojpqV5Yn', '2023-06-19 11:58:54.553000', 'AVAILABLE', '2023-06-19 11:58:54.553000', 150, 'bba69e0b-82df5939-21a13bcc'),
('3Jq1kNuRwE', '2023-06-19 11:58:54.048000', 'AVAILABLE', '2023-06-19 11:58:54.048000', 77, 'c21543d4-3f2474b3-b8f7484d'),
('3MHZ5qWiJH', '2023-06-19 11:58:57.424000', 'AVAILABLE', '2023-06-19 11:58:57.424000', 51, '9ec7e849-190e222e-de378f6a'),
('3p8exDqBiB', '2023-06-19 11:58:58.151000', 'AVAILABLE', '2023-06-19 11:58:58.151000', 16, '6c099fa9-34b6b048-22457468'),
('3RgXOdLIT3', '2023-06-19 11:58:59.223000', 'AVAILABLE', '2023-06-19 11:58:59.223000', 38, '681eef78-56f9e7e6-4ad01caf'),
('3WckgJL8LQ', '2023-06-19 11:58:55.195000', 'AVAILABLE', '2023-06-19 11:58:55.195000', 25, '61d2f5d8-15400daa-3f1fa87a'),
('3X4BYip1we', '2023-06-19 11:58:55.562000', 'AVAILABLE', '2023-06-19 11:58:55.562000', 67, '66bf2624-fb3bb5fa-210bed10'),
('3Z4HBKANNL', '2023-06-19 11:58:57.756000', 'AVAILABLE', '2023-06-19 11:58:57.756000', 63, 'a2698bad-675973aa-182444c2'),
('3ZL7wKpd7O', '2023-06-19 11:58:55.672000', 'AVAILABLE', '2023-06-19 11:58:55.672000', 12, '10dc60e3-8630f0f2-4e69201a'),
('40nGc8wGGu', '2023-06-19 11:58:57.331000', 'AVAILABLE', '2023-06-19 11:58:57.331000', 149, 'a12c8eec-d852c20a-11213a08'),
('40RB7xH1lo', '2023-06-19 11:58:56.421000', 'AVAILABLE', '2023-06-19 11:58:56.421000', 71, '9c93fcf6-4ee7aba9-9824ff4d'),
('466XcmlMSk', '2023-06-19 11:58:59.315000', 'AVAILABLE', '2023-06-19 11:58:59.315000', 58, '81ac355e-7f992d9d-5cdfd666'),
('47TqZ7P53J', '2023-06-19 11:58:59.015000', 'AVAILABLE', '2023-06-19 11:58:59.015000', 112, '8ea0f565-e5aa3367-d72511a6'),
('4aQeVHAMhJ', '2023-06-19 11:58:58.609000', 'AVAILABLE', '2023-06-19 11:58:58.609000', 62, '42334790-513e778b-d54e8923'),
('4ddVzK9FX0', '2023-06-19 11:58:58.925000', 'AVAILABLE', '2023-06-19 11:58:58.925000', 91, '8ea0f565-e5aa3367-d72511a6'),
('4F9XtWNHZq', '2023-06-19 11:58:55.393000', 'AVAILABLE', '2023-06-19 11:58:55.393000', 70, '2e9977a7-e5770b06-eacbd3c3'),
('4gWo3jxVtK', '2023-06-19 11:58:56.309000', 'AVAILABLE', '2023-06-19 11:58:56.309000', 42, '9c93fcf6-4ee7aba9-9824ff4d'),
('4GY1E6WzFg', '2023-06-19 11:58:56.215000', 'AVAILABLE', '2023-06-19 11:58:56.215000', 20, '719b41d4-07cf3ce5-794cb046'),
('4HcLGi0vuI', '2023-06-19 11:58:54.004000', 'AVAILABLE', '2023-06-19 11:58:54.004000', 67, 'c21543d4-3f2474b3-b8f7484d'),
('4HUJxILBP9', '2023-06-19 11:58:56.158000', 'AVAILABLE', '2023-06-19 11:58:56.158000', 5, '719b41d4-07cf3ce5-794cb046'),
('4inWd9kiiX', '2023-06-19 11:58:58.655000', 'AVAILABLE', '2023-06-19 11:58:58.655000', 73, '42334790-513e778b-d54e8923'),
('4iUMzVH1K1', '2023-06-19 11:58:57.098000', 'AVAILABLE', '2023-06-19 11:58:57.098000', 53, '243863a7-c6674692-e1f80a99'),
('4J6qEwTkek', '2023-06-19 11:58:57.253000', 'AVAILABLE', '2023-06-19 11:58:57.253000', 130, 'a12c8eec-d852c20a-11213a08'),
('4KT2ba8moq', '2023-06-19 11:58:54.183000', 'AVAILABLE', '2023-06-19 11:58:54.183000', 105, '33c9b15c-f26b7368-dbb825a3'),
('4kTmftO24b', '2023-06-19 11:58:56.508000', 'AVAILABLE', '2023-06-19 11:58:56.508000', 89, 'a38986be-920b64bf-147258bc'),
('4MSNhKpMW4', '2023-06-19 11:58:57.904000', 'AVAILABLE', '2023-06-19 11:58:57.904000', 88, '00165067-e870465b-45245005'),
('4NhAuvGBG7', '2023-06-19 11:58:56.039000', 'AVAILABLE', '2023-06-19 11:58:56.039000', 96, 'd419322a-028817a7-fdfc00b4'),
('4NtTY5AVvI', '2023-06-19 11:58:58.972000', 'AVAILABLE', '2023-06-19 11:58:58.972000', 102, '8ea0f565-e5aa3367-d72511a6'),
('4p5iFzybrY', '2023-06-19 11:58:56.127000', 'AVAILABLE', '2023-06-19 11:58:56.127000', 120, 'd419322a-028817a7-fdfc00b4'),
('4r9AyUNhui', '2023-06-19 11:58:56.032000', 'AVAILABLE', '2023-06-19 11:58:56.032000', 94, 'd419322a-028817a7-fdfc00b4'),
('4RD62LCqDP', '2023-06-19 11:58:57.390000', 'BOOKED', '2023-06-26 06:54:11.694000', 42, '9ec7e849-190e222e-de378f6a'),
('4tKe5iu8gq', '2023-06-19 11:58:56.477000', 'AVAILABLE', '2023-06-19 11:58:56.478000', 83, 'a38986be-920b64bf-147258bc'),
('4uDIoKTjwm', '2023-06-19 11:58:56.354000', 'AVAILABLE', '2023-06-19 11:58:56.354000', 54, '9c93fcf6-4ee7aba9-9824ff4d'),
('4uGZU0Y5gF', '2023-06-19 11:58:59.328000', 'AVAILABLE', '2023-06-19 11:58:59.328000', 61, '81ac355e-7f992d9d-5cdfd666'),
('4UipVLE6lQ', '2023-06-19 11:58:54.576000', 'AVAILABLE', '2023-06-19 11:58:54.576000', 156, 'bba69e0b-82df5939-21a13bcc'),
('4WDSu2qZ0S', '2023-06-19 11:58:57.327000', 'AVAILABLE', '2023-06-19 11:58:57.327000', 148, 'a12c8eec-d852c20a-11213a08'),
('4ydGdQt5TP', '2023-06-19 11:58:56.637000', 'AVAILABLE', '2023-06-19 11:58:56.637000', 120, 'a38986be-920b64bf-147258bc'),
('53HFiRh9n7', '2023-06-19 11:58:55.987000', 'AVAILABLE', '2023-06-19 11:58:55.987000', 82, 'd419322a-028817a7-fdfc00b4'),
('55UNChuqnx', '2023-06-19 11:58:55.092000', 'AVAILABLE', '2023-06-19 11:58:55.092000', 120, '3366b2d8-914c4cdd-dd19921e'),
('55WSCKjbsk', '2023-06-19 11:58:56.658000', 'AVAILABLE', '2023-06-19 11:58:56.658000', 2, '1253d416-1461a365-45f8c445'),
('56pwmPBvgd', '2023-06-19 11:58:55.359000', 'AVAILABLE', '2023-06-19 11:58:55.359000', 62, '2e9977a7-e5770b06-eacbd3c3'),
('59dyvLcM15', '2023-06-19 11:58:53.972000', 'AVAILABLE', '2023-06-19 11:58:53.972000', 59, 'c21543d4-3f2474b3-b8f7484d'),
('5bIYdH6UzQ', '2023-06-19 11:58:54.787000', 'AVAILABLE', '2023-06-19 11:58:54.787000', 122, '49bff82b-5212cbd4-2bb51ab5'),
('5cRT3ajAqq', '2023-06-19 11:58:55.255000', 'AVAILABLE', '2023-06-19 11:58:55.255000', 40, '61d2f5d8-15400daa-3f1fa87a'),
('5eFX9YGpeL', '2023-06-19 11:58:59.045000', 'AVAILABLE', '2023-06-19 11:58:59.045000', 119, '8ea0f565-e5aa3367-d72511a6'),
('5fwVaROGPS', '2023-06-19 11:58:59.083000', 'AVAILABLE', '2023-06-19 11:58:59.083000', 6, '681eef78-56f9e7e6-4ad01caf'),
('5gHYIgVrh2', '2023-06-19 11:58:53.947000', 'AVAILABLE', '2023-06-19 11:58:53.947000', 52, 'c21543d4-3f2474b3-b8f7484d'),
('5naFoaLzAd', '2023-06-19 11:58:54.227000', 'AVAILABLE', '2023-06-19 11:58:54.227000', 115, '33c9b15c-f26b7368-dbb825a3'),
('5pcMwkuo3e', '2023-06-19 11:58:54.663000', 'AVAILABLE', '2023-06-19 11:58:54.663000', 53, 'ed73b77c-cdda79ae-b32ba801'),
('5u0LAzVYfk', '2023-06-19 11:58:54.895000', 'AVAILABLE', '2023-06-19 11:58:54.895000', 151, '49bff82b-5212cbd4-2bb51ab5'),
('5w7Z0KOomo', '2023-06-19 11:58:56.933000', 'AVAILABLE', '2023-06-19 11:58:56.933000', 135, '0c591085-01d67658-65dd19df'),
('5X6QIczE6I', '2023-06-19 11:58:58.545000', 'AVAILABLE', '2023-06-19 11:58:58.545000', 48, '42334790-513e778b-d54e8923'),
('5zKbmQElCn', '2023-06-19 11:58:58.709000', 'AVAILABLE', '2023-06-19 11:58:58.709000', 123, '5682ad59-1c54857b-7b257361'),
('622vpJR9UD', '2023-06-19 11:58:56.961000', 'AVAILABLE', '2023-06-19 11:58:56.961000', 142, '0c591085-01d67658-65dd19df'),
('6aZGcpSG5T', '2023-06-19 11:58:56.887000', 'AVAILABLE', '2023-06-19 11:58:56.887000', 123, '0c591085-01d67658-65dd19df'),
('6bhvYnNz1O', '2023-06-19 11:58:58.003000', 'AVAILABLE', '2023-06-19 11:58:58.003000', 109, '00165067-e870465b-45245005'),
('6cAxnnwnqQ', '2023-06-19 11:58:58.888000', 'AVAILABLE', '2023-06-19 11:58:58.888000', 82, '8ea0f565-e5aa3367-d72511a6'),
('6CsdzSQ3kL', '2023-06-19 11:58:58.076000', 'AVAILABLE', '2023-06-19 11:58:58.076000', 2, '6c099fa9-34b6b048-22457468'),
('6FjLAV9rSi', '2023-06-19 11:58:58.795000', 'AVAILABLE', '2023-06-19 11:58:58.795000', 142, '5682ad59-1c54857b-7b257361'),
('6GJ8P4BB48', '2023-06-19 11:58:54.326000', 'AVAILABLE', '2023-06-19 11:58:54.326000', 14, '294022bf-3dcd2d6e-26e74c77'),
('6GnGl6pzWu', '2023-06-19 11:58:54.705000', 'AVAILABLE', '2023-06-19 11:58:54.705000', 64, 'ed73b77c-cdda79ae-b32ba801'),
('6gz3XOENiN', '2023-06-19 11:58:53.921000', 'AVAILABLE', '2023-06-19 11:58:53.921000', 46, 'c21543d4-3f2474b3-b8f7484d'),
('6H0yDCy7R6', '2023-06-19 11:58:59.122000', 'AVAILABLE', '2023-06-19 11:58:59.122000', 15, '681eef78-56f9e7e6-4ad01caf'),
('6jOgwg5IfT', '2023-06-19 11:58:54.652000', 'AVAILABLE', '2023-06-19 11:58:54.652000', 50, 'ed73b77c-cdda79ae-b32ba801'),
('6lbpZGtZ5p', '2023-06-19 11:58:55.553000', 'AVAILABLE', '2023-06-19 11:58:55.553000', 65, '66bf2624-fb3bb5fa-210bed10'),
('6LsHFBr2Qd', '2023-06-19 11:58:54.174000', 'AVAILABLE', '2023-06-19 11:58:54.174000', 103, '33c9b15c-f26b7368-dbb825a3'),
('6mhY9C5uy5', '2023-06-19 11:58:55.348000', 'AVAILABLE', '2023-06-19 11:58:55.348000', 59, '2e9977a7-e5770b06-eacbd3c3'),
('6MRquUCkeF', '2023-06-19 11:58:56.382000', 'AVAILABLE', '2023-06-19 11:58:56.382000', 61, '9c93fcf6-4ee7aba9-9824ff4d'),
('6Od4dvpor1', '2023-06-19 11:58:56.249000', 'AVAILABLE', '2023-06-19 11:58:56.249000', 29, '719b41d4-07cf3ce5-794cb046'),
('6PmbbBlVqT', '2023-06-19 11:58:55.177000', 'AVAILABLE', '2023-06-19 11:58:55.177000', 20, '61d2f5d8-15400daa-3f1fa87a'),
('6sQfVUuMl0', '2023-06-19 11:58:55.474000', 'AVAILABLE', '2023-06-19 11:58:55.474000', 48, '66bf2624-fb3bb5fa-210bed10'),
('6srlfm5r8a', '2023-06-19 11:58:58.977000', 'AVAILABLE', '2023-06-19 11:58:58.977000', 103, '8ea0f565-e5aa3367-d72511a6'),
('6tZY218e7V', '2023-06-19 11:58:57.130000', 'AVAILABLE', '2023-06-19 11:58:57.130000', 61, '243863a7-c6674692-e1f80a99'),
('6ZL1FtLPT4', '2023-06-19 11:58:57.773000', 'AVAILABLE', '2023-06-19 11:58:57.773000', 65, 'a2698bad-675973aa-182444c2'),
('77BeNpRQH9', '2023-06-19 11:58:56.386000', 'AVAILABLE', '2023-06-19 11:58:56.386000', 62, '9c93fcf6-4ee7aba9-9824ff4d'),
('77nSh3SxSQ', '2023-06-19 11:58:56.194000', 'AVAILABLE', '2023-06-19 11:58:56.194000', 14, '719b41d4-07cf3ce5-794cb046'),
('7aJmrYu54F', '2023-06-19 11:58:55.683000', 'AVAILABLE', '2023-06-19 11:58:55.683000', 15, '10dc60e3-8630f0f2-4e69201a'),
('7AX3IHUIMO', '2023-06-19 11:58:55.873000', 'AVAILABLE', '2023-06-19 11:58:55.873000', 137, '25d7d885-39cdc7e1-6aaabf75'),
('7bqiTymvKx', '2023-06-19 11:58:56.532000', 'AVAILABLE', '2023-06-19 11:58:56.532000', 95, 'a38986be-920b64bf-147258bc'),
('7FMiO63qRK', '2023-06-19 11:58:59.357000', 'AVAILABLE', '2023-06-19 11:58:59.357000', 68, '81ac355e-7f992d9d-5cdfd666'),
('7iROzMaL52', '2023-06-19 11:58:55.133000', 'AVAILABLE', '2023-06-19 11:58:55.133000', 8, '61d2f5d8-15400daa-3f1fa87a'),
('7Laeup7jQG', '2023-06-19 11:58:56.323000', 'AVAILABLE', '2023-06-19 11:58:56.323000', 46, '9c93fcf6-4ee7aba9-9824ff4d'),
('7m25Ay68NK', '2023-06-19 11:58:54.805000', 'AVAILABLE', '2023-06-19 11:58:54.805000', 127, '49bff82b-5212cbd4-2bb51ab5'),
('7mtUryqtAU', '2023-06-19 11:58:57.408000', 'AVAILABLE', '2023-06-19 11:58:57.408000', 47, '9ec7e849-190e222e-de378f6a'),
('7NNJ6hIXtC', '2023-06-19 11:58:59.585000', 'AVAILABLE', '2023-06-19 11:58:59.585000', 39, '53343824-597887ef-e43f61be'),
('7otQYv8jSM', '2023-06-19 11:58:55.909000', 'AVAILABLE', '2023-06-19 11:58:55.909000', 145, '25d7d885-39cdc7e1-6aaabf75'),
('7P1HoJzhvq', '2023-06-19 11:58:54.615000', 'AVAILABLE', '2023-06-19 11:58:54.615000', 41, 'ed73b77c-cdda79ae-b32ba801'),
('7PaaRQnUBh', '2023-06-19 11:58:59.458000', 'AVAILABLE', '2023-06-19 11:58:59.458000', 10, '53343824-597887ef-e43f61be'),
('7pXYKGbetL', '2023-06-19 11:58:54.868000', 'AVAILABLE', '2023-06-19 11:58:54.868000', 144, '49bff82b-5212cbd4-2bb51ab5'),
('7rWcZ8oNg0', '2023-06-19 11:58:56.171000', 'AVAILABLE', '2023-06-19 11:58:56.171000', 8, '719b41d4-07cf3ce5-794cb046'),
('7SfSXUMSIH', '2023-06-19 11:58:58.044000', 'AVAILABLE', '2023-06-19 11:58:58.044000', 118, '00165067-e870465b-45245005'),
('7tpvhkuxWd', '2023-06-19 11:58:54.709000', 'AVAILABLE', '2023-06-19 11:58:54.709000', 65, 'ed73b77c-cdda79ae-b32ba801'),
('7wAYszALFX', '2023-06-19 11:58:57.961000', 'AVAILABLE', '2023-06-19 11:58:57.961000', 100, '00165067-e870465b-45245005'),
('7wMOa0eS8C', '2023-06-19 11:58:54.302000', 'AVAILABLE', '2023-06-19 11:58:54.302000', 8, '294022bf-3dcd2d6e-26e74c77'),
('7YeZO9b9LY', '2023-06-19 11:58:54.557000', 'AVAILABLE', '2023-06-19 11:58:54.557000', 151, 'bba69e0b-82df5939-21a13bcc'),
('7zndL8RVG4', '2023-06-19 11:58:57.934000', 'AVAILABLE', '2023-06-19 11:58:57.934000', 94, '00165067-e870465b-45245005'),
('86d1g8veaN', '2023-06-19 11:58:58.934000', 'AVAILABLE', '2023-06-19 11:58:58.934000', 93, '8ea0f565-e5aa3367-d72511a6'),
('8ajiR18kyP', '2023-06-19 11:58:57.886000', 'AVAILABLE', '2023-06-19 11:58:57.886000', 84, '00165067-e870465b-45245005'),
('8BW7rNw1sY', '2023-06-19 11:58:57.067000', 'AVAILABLE', '2023-06-19 11:58:57.067000', 45, '243863a7-c6674692-e1f80a99'),
('8C5CcJ328I', '2023-06-19 11:58:54.442000', 'AVAILABLE', '2023-06-19 11:58:54.442000', 121, 'bba69e0b-82df5939-21a13bcc'),
('8DZHAjbiFV', '2023-06-19 11:58:54.725000', 'AVAILABLE', '2023-06-19 11:58:54.725000', 69, 'ed73b77c-cdda79ae-b32ba801'),
('8EL9xZke2r', '2023-06-19 11:58:54.690000', 'AVAILABLE', '2023-06-19 11:58:54.690000', 60, 'ed73b77c-cdda79ae-b32ba801'),
('8OiuvLK7Hv', '2023-06-19 11:58:54.826000', 'AVAILABLE', '2023-06-19 11:58:54.826000', 133, '49bff82b-5212cbd4-2bb51ab5'),
('8QSgUSxVun', '2023-06-19 11:58:58.714000', 'AVAILABLE', '2023-06-19 11:58:58.714000', 124, '5682ad59-1c54857b-7b257361'),
('8Rl7KThQMI', '2023-06-19 11:58:56.358000', 'AVAILABLE', '2023-06-19 11:58:56.358000', 55, '9c93fcf6-4ee7aba9-9824ff4d'),
('8sxqJaRuj6', '2023-06-19 11:58:55.328000', 'AVAILABLE', '2023-06-19 11:58:55.328000', 54, '2e9977a7-e5770b06-eacbd3c3'),
('8UF08B5L1L', '2023-06-19 11:58:57.334000', 'AVAILABLE', '2023-06-19 11:58:57.334000', 150, 'a12c8eec-d852c20a-11213a08'),
('8uUTsd4CAf', '2023-06-19 11:58:54.482000', 'AVAILABLE', '2023-06-19 11:58:54.482000', 132, 'bba69e0b-82df5939-21a13bcc'),
('8wbA7XsvjK', '2023-06-19 11:58:58.397000', 'AVAILABLE', '2023-06-19 11:58:58.397000', 140, '9b5ee46d-26e93707-d9784912'),
('8WQMstYJNI', '2023-06-19 11:58:55.737000', 'AVAILABLE', '2023-06-19 11:58:55.737000', 28, '10dc60e3-8630f0f2-4e69201a'),
('8XATUghOZN', '2023-06-19 11:58:58.156000', 'AVAILABLE', '2023-06-19 11:58:58.156000', 17, '6c099fa9-34b6b048-22457468'),
('8yuSIPrcpB', '2023-06-19 11:58:55.226000', 'AVAILABLE', '2023-06-19 11:58:55.226000', 33, '61d2f5d8-15400daa-3f1fa87a'),
('94Z4eB6goX', '2023-06-19 11:58:54.741000', 'AVAILABLE', '2023-06-19 11:58:54.741000', 73, 'ed73b77c-cdda79ae-b32ba801'),
('985YAV8yXz', '2023-06-19 11:58:55.041000', 'AVAILABLE', '2023-06-19 11:58:55.041000', 107, '3366b2d8-914c4cdd-dd19921e'),
('98XEm5GCvP', '2023-06-19 11:58:57.559000', 'AVAILABLE', '2023-06-19 11:58:57.559000', 79, '9ec7e849-190e222e-de378f6a'),
('9CTnVmnejz', '2023-06-19 11:58:58.745000', 'AVAILABLE', '2023-06-19 11:58:58.745000', 131, '5682ad59-1c54857b-7b257361'),
('9cXjBtl8nM', '2023-06-19 11:58:56.850000', 'AVAILABLE', '2023-06-19 11:58:56.850000', 35, '1253d416-1461a365-45f8c445'),
('9dcdnTjY6F', '2023-06-19 11:58:58.990000', 'AVAILABLE', '2023-06-19 11:58:58.990000', 106, '8ea0f565-e5aa3367-d72511a6'),
('9Du4fgyH6p', '2023-06-19 11:58:57.107000', 'AVAILABLE', '2023-06-19 11:58:57.107000', 55, '243863a7-c6674692-e1f80a99'),
('9EXX0drxdy', '2023-06-19 11:58:55.413000', 'AVAILABLE', '2023-06-19 11:58:55.413000', 75, '2e9977a7-e5770b06-eacbd3c3'),
('9gJ5okSMIB', '2023-06-19 11:58:58.271000', 'AVAILABLE', '2023-06-19 11:58:58.271000', 40, '6c099fa9-34b6b048-22457468'),
('9Q6XSUDwT8', '2023-06-19 11:58:55.687000', 'AVAILABLE', '2023-06-19 11:58:55.687000', 16, '10dc60e3-8630f0f2-4e69201a'),
('9S8iQRFNJY', '2023-06-19 11:58:56.238000', 'AVAILABLE', '2023-06-19 11:58:56.238000', 26, '719b41d4-07cf3ce5-794cb046'),
('9u66vLLU8E', '2023-06-19 11:58:54.856000', 'AVAILABLE', '2023-06-19 11:58:54.856000', 141, '49bff82b-5212cbd4-2bb51ab5'),
('9UMCEQrXjf', '2023-06-19 11:58:58.081000', 'AVAILABLE', '2023-06-19 11:58:58.081000', 3, '6c099fa9-34b6b048-22457468'),
('9wc0TdKmOt', '2023-06-19 11:58:55.397000', 'AVAILABLE', '2023-06-19 11:58:55.397000', 71, '2e9977a7-e5770b06-eacbd3c3'),
('A0uHKZM9aj', '2023-06-19 11:58:54.018000', 'AVAILABLE', '2023-06-19 11:58:54.018000', 70, 'c21543d4-3f2474b3-b8f7484d'),
('A2fKcQXylE', '2023-06-19 11:58:59.407000', 'AVAILABLE', '2023-06-19 11:58:59.407000', 80, '81ac355e-7f992d9d-5cdfd666'),
('a3A8ofYhDu', '2023-06-19 11:58:55.449000', 'AVAILABLE', '2023-06-19 11:58:55.449000', 42, '66bf2624-fb3bb5fa-210bed10'),
('a3FhLstzZQ', '2023-06-19 11:58:57.486000', 'AVAILABLE', '2023-06-19 11:58:57.486000', 67, '9ec7e849-190e222e-de378f6a'),
('A472Pt3uuo', '2023-06-19 11:58:54.951000', 'AVAILABLE', '2023-06-19 11:58:54.951000', 83, '3366b2d8-914c4cdd-dd19921e'),
('a4KkcNBx7b', '2023-06-19 11:58:56.721000', 'AVAILABLE', '2023-06-19 11:58:56.721000', 15, '1253d416-1461a365-45f8c445'),
('a6uga7JgYS', '2023-06-19 11:58:56.738000', 'AVAILABLE', '2023-06-19 11:58:56.738000', 19, '1253d416-1461a365-45f8c445'),
('A7123TiSK9', '2023-06-19 11:58:56.276000', 'AVAILABLE', '2023-06-19 11:58:56.276000', 36, '719b41d4-07cf3ce5-794cb046'),
('A82m39x92x', '2023-06-19 11:58:57.472000', 'AVAILABLE', '2023-06-19 11:58:57.472000', 64, '9ec7e849-190e222e-de378f6a'),
('AANKyFdSdb', '2023-06-19 11:58:58.964000', 'AVAILABLE', '2023-06-19 11:58:58.964000', 100, '8ea0f565-e5aa3367-d72511a6'),
('AAqcyQunwU', '2023-06-19 11:58:54.457000', 'AVAILABLE', '2023-06-19 11:58:54.457000', 125, 'bba69e0b-82df5939-21a13bcc'),
('AarWDSfLnB', '2023-06-19 11:58:55.906000', 'AVAILABLE', '2023-06-19 11:58:55.906000', 144, '25d7d885-39cdc7e1-6aaabf75'),
('abFSO0kUmp', '2023-06-19 11:58:58.867000', 'AVAILABLE', '2023-06-19 11:58:58.867000', 159, '5682ad59-1c54857b-7b257361'),
('aC9N2kYBjh', '2023-06-19 11:58:58.072000', 'AVAILABLE', '2023-06-19 11:58:58.072000', 1, '6c099fa9-34b6b048-22457468'),
('Ad1ZUndvtD', '2023-06-19 11:58:54.749000', 'AVAILABLE', '2023-06-19 11:58:54.749000', 75, 'ed73b77c-cdda79ae-b32ba801'),
('aeL2CVgRbQ', '2023-06-19 11:58:56.965000', 'AVAILABLE', '2023-06-19 11:58:56.965000', 143, '0c591085-01d67658-65dd19df'),
('aFFepfrNDN', '2023-06-19 11:58:54.910000', 'AVAILABLE', '2023-06-19 11:58:54.910000', 155, '49bff82b-5212cbd4-2bb51ab5'),
('AfsALi5HCa', '2023-06-19 11:58:54.247000', 'AVAILABLE', '2023-06-19 11:58:54.247000', 120, '33c9b15c-f26b7368-dbb825a3'),
('AGiXrSRbVx', '2023-06-19 11:58:54.955000', 'AVAILABLE', '2023-06-19 11:58:54.955000', 84, '3366b2d8-914c4cdd-dd19921e'),
('AHAJ0hP6yw', '2023-06-19 11:58:59.580000', 'AVAILABLE', '2023-06-19 11:58:59.580000', 38, '53343824-597887ef-e43f61be'),
('ahQmXF5tOe', '2023-06-19 11:58:54.111000', 'AVAILABLE', '2023-06-19 11:58:54.111000', 88, '33c9b15c-f26b7368-dbb825a3'),
('aK2VnSxdEw', '2023-06-19 11:58:57.284000', 'AVAILABLE', '2023-06-19 11:58:57.284000', 138, 'a12c8eec-d852c20a-11213a08'),
('amReyikPdO', '2023-06-19 11:58:54.734000', 'AVAILABLE', '2023-06-19 11:58:54.734000', 71, 'ed73b77c-cdda79ae-b32ba801'),
('APAhDjRawC', '2023-06-19 11:58:54.415000', 'AVAILABLE', '2023-06-19 11:58:54.415000', 38, '294022bf-3dcd2d6e-26e74c77'),
('AQrCA5NghU', '2023-06-19 11:58:58.186000', 'AVAILABLE', '2023-06-19 11:58:58.186000', 23, '6c099fa9-34b6b048-22457468'),
('AR3SVJQ7ip', '2023-06-19 11:58:56.496000', 'AVAILABLE', '2023-06-19 11:58:56.496000', 88, 'a38986be-920b64bf-147258bc'),
('ArBmTg2y0k', '2023-06-19 11:58:58.560000', 'AVAILABLE', '2023-06-19 11:58:58.560000', 51, '42334790-513e778b-d54e8923'),
('Asi2zMFBXE', '2023-06-19 11:58:56.860000', 'AVAILABLE', '2023-06-19 11:58:56.860000', 38, '1253d416-1461a365-45f8c445'),
('asJ3RbDQBJ', '2023-06-19 11:58:55.477000', 'AVAILABLE', '2023-06-19 11:58:55.477000', 49, '66bf2624-fb3bb5fa-210bed10'),
('aw0G3ZAQbf', '2023-06-19 11:58:59.487000', 'AVAILABLE', '2023-06-19 11:58:59.487000', 17, '53343824-597887ef-e43f61be'),
('AwJIz3RcDg', '2023-06-19 11:58:54.764000', 'AVAILABLE', '2023-06-19 11:58:54.764000', 79, 'ed73b77c-cdda79ae-b32ba801'),
('aWvhJcSkwH', '2023-06-19 11:58:57.146000', 'AVAILABLE', '2023-06-19 11:58:57.146000', 65, '243863a7-c6674692-e1f80a99'),
('aWXh95FRgJ', '2023-06-19 11:58:56.116000', 'AVAILABLE', '2023-06-19 11:58:56.116000', 117, 'd419322a-028817a7-fdfc00b4'),
('AwZ3HyyrFB', '2023-06-19 11:58:57.343000', 'AVAILABLE', '2023-06-19 11:58:57.343000', 152, 'a12c8eec-d852c20a-11213a08'),
('AzMPUexbuR', '2023-06-19 11:58:56.401000', 'AVAILABLE', '2023-06-19 11:58:56.401000', 66, '9c93fcf6-4ee7aba9-9824ff4d'),
('aZxEtvSB4t', '2023-06-19 11:58:55.230000', 'AVAILABLE', '2023-06-19 11:58:55.230000', 34, '61d2f5d8-15400daa-3f1fa87a'),
('B1Ob78d3sk', '2023-06-19 11:58:57.900000', 'AVAILABLE', '2023-06-19 11:58:57.900000', 87, '00165067-e870465b-45245005'),
('B2El1NcATI', '2023-06-19 11:58:58.489000', 'AVAILABLE', '2023-06-19 11:58:58.489000', 155, '9b5ee46d-26e93707-d9784912'),
('b5NyswmEPG', '2023-06-19 11:58:56.230000', 'AVAILABLE', '2023-06-19 11:58:56.230000', 24, '719b41d4-07cf3ce5-794cb046'),
('B6t0NraYUO', '2023-06-19 11:58:54.087000', 'AVAILABLE', '2023-06-19 11:58:54.087000', 82, '33c9b15c-f26b7368-dbb825a3'),
('b9AGPK9ECi', '2023-06-19 11:58:54.745000', 'AVAILABLE', '2023-06-19 11:58:54.745000', 74, 'ed73b77c-cdda79ae-b32ba801'),
('bBhwfqEklc', '2023-06-19 11:58:57.782000', 'AVAILABLE', '2023-06-19 11:58:57.782000', 66, 'a2698bad-675973aa-182444c2'),
('bdbV1xRYhV', '2023-06-19 11:58:55.149000', 'AVAILABLE', '2023-06-19 11:58:55.149000', 12, '61d2f5d8-15400daa-3f1fa87a'),
('bDz3wMAtrM', '2023-06-19 11:58:54.115000', 'AVAILABLE', '2023-06-19 11:58:54.115000', 89, '33c9b15c-f26b7368-dbb825a3'),
('Be3IkOOwLG', '2023-06-19 11:58:55.543000', 'AVAILABLE', '2023-06-19 11:58:55.543000', 63, '66bf2624-fb3bb5fa-210bed10'),
('bHcpPSE6Ox', '2023-06-19 11:58:56.075000', 'AVAILABLE', '2023-06-19 11:58:56.075000', 106, 'd419322a-028817a7-fdfc00b4'),
('BHELfed61s', '2023-06-19 11:58:57.199000', 'AVAILABLE', '2023-06-19 11:58:57.199000', 78, '243863a7-c6674692-e1f80a99'),
('bhgoRUoIlZ', '2023-06-19 11:58:57.031000', 'AVAILABLE', '2023-06-19 11:58:57.031000', 158, '0c591085-01d67658-65dd19df'),
('bHihPBCAZg', '2023-06-19 11:58:55.389000', 'AVAILABLE', '2023-06-19 11:58:55.389000', 69, '2e9977a7-e5770b06-eacbd3c3'),
('BhtjIyio6t', '2023-06-19 11:58:58.296000', 'AVAILABLE', '2023-06-19 11:58:58.296000', 122, '9b5ee46d-26e93707-d9784912'),
('bI1RMWpiyD', '2023-06-19 11:58:54.386000', 'AVAILABLE', '2023-06-19 11:58:54.386000', 30, '294022bf-3dcd2d6e-26e74c77'),
('bLOXYU42xG', '2023-06-19 11:58:59.554000', 'AVAILABLE', '2023-06-19 11:58:59.554000', 32, '53343824-597887ef-e43f61be'),
('BmBCRBnAqQ', '2023-06-19 11:58:57.160000', 'AVAILABLE', '2023-06-19 11:58:57.160000', 68, '243863a7-c6674692-e1f80a99'),
('bN2T2DwQSN', '2023-06-19 11:58:59.247000', 'AVAILABLE', '2023-06-19 11:58:59.247000', 42, '81ac355e-7f992d9d-5cdfd666'),
('bNICXHOSXy', '2023-06-19 11:58:54.119000', 'AVAILABLE', '2023-06-19 11:58:54.119000', 90, '33c9b15c-f26b7368-dbb825a3'),
('BOcIBEQgOn', '2023-06-19 11:58:56.269000', 'AVAILABLE', '2023-06-19 11:58:56.269000', 34, '719b41d4-07cf3ce5-794cb046'),
('boHT7tZFvf', '2023-06-19 11:58:55.137000', 'AVAILABLE', '2023-06-19 11:58:55.137000', 9, '61d2f5d8-15400daa-3f1fa87a'),
('BOYd6G2jlU', '2023-06-19 11:58:54.841000', 'AVAILABLE', '2023-06-19 11:58:54.841000', 137, '49bff82b-5212cbd4-2bb51ab5'),
('BpiotWBYFc', '2023-06-19 11:58:59.108000', 'AVAILABLE', '2023-06-19 11:58:59.108000', 12, '681eef78-56f9e7e6-4ad01caf'),
('bpyJaUi0mJ', '2023-06-19 11:58:55.250000', 'AVAILABLE', '2023-06-19 11:58:55.250000', 39, '61d2f5d8-15400daa-3f1fa87a'),
('BQ1Ws3zK7A', '2023-06-19 11:58:54.509000', 'AVAILABLE', '2023-06-19 11:58:54.509000', 138, 'bba69e0b-82df5939-21a13bcc'),
('bQfaENvo39', '2023-06-19 11:58:56.326000', 'AVAILABLE', '2023-06-19 11:58:56.326000', 47, '9c93fcf6-4ee7aba9-9824ff4d'),
('bqmfW4Ejje', '2023-06-19 11:58:55.025000', 'AVAILABLE', '2023-06-19 11:58:55.025000', 103, '3366b2d8-914c4cdd-dd19921e'),
('BQxCvjmFLw', '2023-06-19 11:58:56.398000', 'AVAILABLE', '2023-06-19 11:58:56.398000', 65, '9c93fcf6-4ee7aba9-9824ff4d'),
('bqYKXp0NW2', '2023-06-19 11:58:57.268000', 'AVAILABLE', '2023-06-19 11:58:57.268000', 134, 'a12c8eec-d852c20a-11213a08'),
('Br5rH3uS64', '2023-06-19 11:58:56.616000', 'AVAILABLE', '2023-06-19 11:58:56.616000', 115, 'a38986be-920b64bf-147258bc'),
('BrMaU81qAv', '2023-06-19 11:58:55.420000', 'AVAILABLE', '2023-06-19 11:58:55.420000', 77, '2e9977a7-e5770b06-eacbd3c3'),
('bs4H7PmTpg', '2023-06-19 11:58:57.261000', 'AVAILABLE', '2023-06-19 11:58:57.261000', 132, 'a12c8eec-d852c20a-11213a08'),
('bs7SGogOur', '2023-06-19 11:58:58.590000', 'AVAILABLE', '2023-06-19 11:58:58.590000', 58, '42334790-513e778b-d54e8923'),
('bTcGragInw', '2023-06-19 11:58:57.984000', 'AVAILABLE', '2023-06-19 11:58:57.984000', 105, '00165067-e870465b-45245005'),
('BTjfWvJcMu', '2023-06-19 11:58:55.722000', 'AVAILABLE', '2023-06-19 11:58:55.722000', 24, '10dc60e3-8630f0f2-4e69201a'),
('btREDGJNKZ', '2023-06-19 11:58:55.493000', 'AVAILABLE', '2023-06-19 11:58:55.493000', 53, '66bf2624-fb3bb5fa-210bed10'),
('bUR13fmv4N', '2023-06-19 11:58:58.826000', 'AVAILABLE', '2023-06-19 11:58:58.826000', 149, '5682ad59-1c54857b-7b257361'),
('bW7VbGHuo8', '2023-06-19 11:58:55.119000', 'AVAILABLE', '2023-06-19 11:58:55.119000', 4, '61d2f5d8-15400daa-3f1fa87a'),
('bWowj64tt3', '2023-06-19 11:58:57.370000', 'AVAILABLE', '2023-06-19 11:58:57.370000', 159, 'a12c8eec-d852c20a-11213a08'),
('BxICe5EPMs', '2023-06-19 11:58:58.128000', 'AVAILABLE', '2023-06-19 11:58:58.128000', 11, '6c099fa9-34b6b048-22457468'),
('bxJLN6MEcz', '2023-06-19 11:58:55.647000', 'AVAILABLE', '2023-06-19 11:58:55.647000', 5, '10dc60e3-8630f0f2-4e69201a'),
('c0f3Sz5I5q', '2023-06-19 11:58:54.809000', 'AVAILABLE', '2023-06-19 11:58:54.809000', 128, '49bff82b-5212cbd4-2bb51ab5'),
('C1wfvVIZ2Q', '2023-06-19 11:58:56.316000', 'AVAILABLE', '2023-06-19 11:58:56.316000', 44, '9c93fcf6-4ee7aba9-9824ff4d'),
('C4cTpoZ2mb', '2023-06-19 11:58:58.025000', 'AVAILABLE', '2023-06-19 11:58:58.025000', 114, '00165067-e870465b-45245005'),
('c57FnUNnim', '2023-06-19 11:58:55.696000', 'AVAILABLE', '2023-06-19 11:58:55.696000', 18, '10dc60e3-8630f0f2-4e69201a'),
('C5bdsFCpYD', '2023-06-19 11:58:58.969000', 'AVAILABLE', '2023-06-19 11:58:58.969000', 101, '8ea0f565-e5aa3367-d72511a6'),
('c7656JxpSi', '2023-06-19 11:58:56.880000', 'AVAILABLE', '2023-06-19 11:58:56.880000', 121, '0c591085-01d67658-65dd19df'),
('c8up7iytoj', '2023-06-19 11:58:55.424000', 'AVAILABLE', '2023-06-19 11:58:55.424000', 78, '2e9977a7-e5770b06-eacbd3c3'),
('C8wz1cL6lP', '2023-06-19 11:58:57.187000', 'AVAILABLE', '2023-06-19 11:58:57.187000', 75, '243863a7-c6674692-e1f80a99'),
('c90wt767Rw', '2023-06-19 11:58:55.758000', 'AVAILABLE', '2023-06-19 11:58:55.758000', 33, '10dc60e3-8630f0f2-4e69201a'),
('C9bj5ppa1u', '2023-06-19 11:58:57.592000', 'AVAILABLE', '2023-06-19 11:58:57.592000', 41, 'a2698bad-675973aa-182444c2'),
('c9SI59es23', '2023-06-19 11:58:56.485000', 'AVAILABLE', '2023-06-19 11:58:56.485000', 85, 'a38986be-920b64bf-147258bc'),
('Caio58K8D4', '2023-06-19 11:58:55.742000', 'AVAILABLE', '2023-06-19 11:58:55.742000', 29, '10dc60e3-8630f0f2-4e69201a'),
('cARKkzdhrh', '2023-06-19 11:58:57.890000', 'AVAILABLE', '2023-06-19 11:58:57.890000', 85, '00165067-e870465b-45245005'),
('cbqcTvxIPY', '2023-06-19 11:58:59.467000', 'AVAILABLE', '2023-06-19 11:58:59.467000', 12, '53343824-597887ef-e43f61be'),
('CBQdZG4k2g', '2023-06-19 11:58:58.643000', 'AVAILABLE', '2023-06-19 11:58:58.643000', 70, '42334790-513e778b-d54e8923'),
('Cc92sx9bj9', '2023-06-19 11:58:54.701000', 'AVAILABLE', '2023-06-19 11:58:54.701000', 63, 'ed73b77c-cdda79ae-b32ba801'),
('ccAtNDBu3n', '2023-06-19 11:58:57.355000', 'AVAILABLE', '2023-06-19 11:58:57.355000', 155, 'a12c8eec-d852c20a-11213a08'),
('cdWKPHN5zH', '2023-06-19 11:58:55.497000', 'AVAILABLE', '2023-06-19 11:58:55.497000', 54, '66bf2624-fb3bb5fa-210bed10'),
('CDyIL7iQ7v', '2023-06-19 11:58:59.037000', 'AVAILABLE', '2023-06-19 11:58:59.037000', 117, '8ea0f565-e5aa3367-d72511a6'),
('CE9uUCKyj1', '2023-06-19 11:58:57.876000', 'AVAILABLE', '2023-06-19 11:58:57.876000', 82, '00165067-e870465b-45245005'),
('cGlUaQAd8o', '2023-06-19 11:58:56.162000', 'AVAILABLE', '2023-06-19 11:58:56.162000', 6, '719b41d4-07cf3ce5-794cb046'),
('cgUYSAln2X', '2023-06-19 11:58:56.921000', 'AVAILABLE', '2023-06-19 11:58:56.921000', 132, '0c591085-01d67658-65dd19df'),
('Ch1x8cvWdt', '2023-06-19 11:58:58.759000', 'AVAILABLE', '2023-06-19 11:58:58.759000', 134, '5682ad59-1c54857b-7b257361'),
('Ci0AqV55sD', '2023-06-19 11:58:55.893000', 'AVAILABLE', '2023-06-19 11:58:55.893000', 141, '25d7d885-39cdc7e1-6aaabf75'),
('CiFQaems6h', '2023-06-19 11:58:56.061000', 'AVAILABLE', '2023-06-19 11:58:56.061000', 102, 'd419322a-028817a7-fdfc00b4'),
('cj4zoxtbIc', '2023-06-19 11:58:55.363000', 'AVAILABLE', '2023-06-19 11:58:55.363000', 63, '2e9977a7-e5770b06-eacbd3c3'),
('CJ94q0qslL', '2023-06-19 11:58:56.769000', 'AVAILABLE', '2023-06-19 11:58:56.769000', 27, '1253d416-1461a365-45f8c445'),
('CJkGscivGP', '2023-06-19 11:58:55.789000', 'AVAILABLE', '2023-06-19 11:58:55.789000', 40, '10dc60e3-8630f0f2-4e69201a'),
('CkcfzM7GlZ', '2023-06-19 11:58:59.449000', 'AVAILABLE', '2023-06-19 11:58:59.449000', 8, '53343824-597887ef-e43f61be'),
('cLBM9k2VeR', '2023-06-19 11:58:59.112000', 'AVAILABLE', '2023-06-19 11:58:59.112000', 13, '681eef78-56f9e7e6-4ad01caf'),
('CLlhyRaV7d', '2023-06-19 11:58:59.103000', 'AVAILABLE', '2023-06-19 11:58:59.103000', 11, '681eef78-56f9e7e6-4ad01caf'),
('cLU4uAQUne', '2023-06-19 11:58:54.980000', 'AVAILABLE', '2023-06-19 11:58:54.980000', 91, '3366b2d8-914c4cdd-dd19921e'),
('clxdguQV28', '2023-06-19 11:58:54.872000', 'AVAILABLE', '2023-06-19 11:58:54.872000', 145, '49bff82b-5212cbd4-2bb51ab5'),
('cNwk8gB111', '2023-06-19 11:58:54.197000', 'AVAILABLE', '2023-06-19 11:58:54.197000', 108, '33c9b15c-f26b7368-dbb825a3'),
('coEW6vsLkx', '2023-06-19 11:58:56.413000', 'AVAILABLE', '2023-06-19 11:58:56.413000', 69, '9c93fcf6-4ee7aba9-9824ff4d'),
('cofwbhXKfV', '2023-06-19 11:58:56.373000', 'AVAILABLE', '2023-06-19 11:58:56.373000', 59, '9c93fcf6-4ee7aba9-9824ff4d'),
('coIIk3jbvP', '2023-06-19 11:58:59.286000', 'AVAILABLE', '2023-06-19 11:58:59.286000', 51, '81ac355e-7f992d9d-5cdfd666'),
('CPrpivHFEi', '2023-06-19 11:58:57.346000', 'AVAILABLE', '2023-06-19 11:58:57.346000', 153, 'a12c8eec-d852c20a-11213a08'),
('CrnMk1sZEl', '2023-06-19 11:58:59.453000', 'AVAILABLE', '2023-06-19 11:58:59.453000', 9, '53343824-597887ef-e43f61be'),
('cSBUVIz7Uu', '2023-06-19 11:58:56.427000', 'AVAILABLE', '2023-06-19 11:58:56.427000', 72, '9c93fcf6-4ee7aba9-9824ff4d'),
('CSUu4Zod4x', '2023-06-19 11:58:53.916000', 'AVAILABLE', '2023-06-19 11:58:53.916000', 45, 'c21543d4-3f2474b3-b8f7484d'),
('CuCL2Ohauo', '2023-06-19 11:58:57.481000', 'AVAILABLE', '2023-06-19 11:58:57.481000', 66, '9ec7e849-190e222e-de378f6a'),
('CX66tM5Ms4', '2023-06-19 11:58:55.726000', 'AVAILABLE', '2023-06-19 11:58:55.726000', 25, '10dc60e3-8630f0f2-4e69201a'),
('cxlghqfpq3', '2023-06-19 11:58:56.055000', 'AVAILABLE', '2023-06-19 11:58:56.055000', 100, 'd419322a-028817a7-fdfc00b4'),
('cXWAoa4mJZ', '2023-06-19 11:58:55.942000', 'AVAILABLE', '2023-06-19 11:58:55.942000', 153, '25d7d885-39cdc7e1-6aaabf75'),
('cxWtzN3xDw', '2023-06-19 11:58:56.949000', 'AVAILABLE', '2023-06-19 11:58:56.949000', 139, '0c591085-01d67658-65dd19df'),
('cynenGwbwX', '2023-06-19 11:58:59.024000', 'AVAILABLE', '2023-06-19 11:58:59.024000', 114, '8ea0f565-e5aa3367-d72511a6'),
('CyStAjxKfE', '2023-06-19 11:58:56.015000', 'AVAILABLE', '2023-06-19 11:58:56.015000', 90, 'd419322a-028817a7-fdfc00b4'),
('Czl6JUpocI', '2023-06-19 11:58:54.297000', 'AVAILABLE', '2023-06-19 11:58:54.297000', 7, '294022bf-3dcd2d6e-26e74c77'),
('CZuz45yqZz', '2023-06-19 11:58:54.876000', 'AVAILABLE', '2023-06-19 11:58:54.876000', 146, '49bff82b-5212cbd4-2bb51ab5'),
('D1XDGwVxFk', '2023-06-19 11:58:58.175000', 'AVAILABLE', '2023-06-19 11:58:58.175000', 21, '6c099fa9-34b6b048-22457468'),
('D552ulMagn', '2023-06-19 11:58:55.067000', 'AVAILABLE', '2023-06-19 11:58:55.067000', 113, '3366b2d8-914c4cdd-dd19921e'),
('D70mZETkGo', '2023-06-19 11:58:56.734000', 'AVAILABLE', '2023-06-19 11:58:56.734000', 18, '1253d416-1461a365-45f8c445'),
('d8cdPxGMxP', '2023-06-19 11:58:58.374000', 'AVAILABLE', '2023-06-19 11:58:58.374000', 136, '9b5ee46d-26e93707-d9784912'),
('DaZp2JVoYY', '2023-06-19 11:58:55.582000', 'AVAILABLE', '2023-06-19 11:58:55.582000', 72, '66bf2624-fb3bb5fa-210bed10'),
('Db9hfLXSCi', '2023-06-19 11:58:57.023000', 'AVAILABLE', '2023-06-19 11:58:57.023000', 156, '0c591085-01d67658-65dd19df'),
('DbeMSgvhHm', '2023-06-19 11:58:59.126000', 'AVAILABLE', '2023-06-19 11:58:59.126000', 16, '681eef78-56f9e7e6-4ad01caf'),
('dBk1jL0iED', '2023-06-19 11:58:55.018000', 'AVAILABLE', '2023-06-19 11:58:55.018000', 101, '3366b2d8-914c4cdd-dd19921e'),
('DCceECbDtI', '2023-06-19 11:58:56.273000', 'AVAILABLE', '2023-06-19 11:58:56.273000', 35, '719b41d4-07cf3ce5-794cb046'),
('dD4XZG6jwv', '2023-06-19 11:58:58.391000', 'AVAILABLE', '2023-06-19 11:58:58.391000', 139, '9b5ee46d-26e93707-d9784912'),
('DFSb45IwaY', '2023-06-19 11:58:55.882000', 'AVAILABLE', '2023-06-19 11:58:55.882000', 139, '25d7d885-39cdc7e1-6aaabf75'),
('DfTiEehqpb', '2023-06-19 11:58:55.594000', 'AVAILABLE', '2023-06-19 11:58:55.594000', 75, '66bf2624-fb3bb5fa-210bed10'),
('DGsRXP8QOt', '2023-06-19 11:58:54.722000', 'AVAILABLE', '2023-06-19 11:58:54.722000', 68, 'ed73b77c-cdda79ae-b32ba801'),
('dIm9Aie2Bz', '2023-06-19 11:58:57.998000', 'AVAILABLE', '2023-06-19 11:58:57.998000', 108, '00165067-e870465b-45245005'),
('DiOa3X6cVO', '2023-06-19 11:58:57.847000', 'AVAILABLE', '2023-06-19 11:58:57.847000', 78, 'a2698bad-675973aa-182444c2'),
('Djblz7ELxc', '2023-06-19 11:58:54.515000', 'AVAILABLE', '2023-06-19 11:58:54.515000', 140, 'bba69e0b-82df5939-21a13bcc'),
('DjetBraSa7', '2023-06-19 11:58:54.374000', 'AVAILABLE', '2023-06-19 11:58:54.374000', 27, '294022bf-3dcd2d6e-26e74c77'),
('DkhXus874N', '2023-06-19 11:58:58.573000', 'AVAILABLE', '2023-06-19 11:58:58.573000', 54, '42334790-513e778b-d54e8923'),
('DkI5hveS4l', '2023-06-19 11:58:57.206000', 'AVAILABLE', '2023-06-19 11:58:57.206000', 80, '243863a7-c6674692-e1f80a99'),
('dkuu5U1J73', '2023-06-19 11:58:54.823000', 'AVAILABLE', '2023-06-19 11:58:54.823000', 132, '49bff82b-5212cbd4-2bb51ab5'),
('DM1xcdIba5', '2023-06-19 11:58:55.520000', 'AVAILABLE', '2023-06-19 11:58:55.520000', 60, '66bf2624-fb3bb5fa-210bed10'),
('DnrftHCiWu', '2023-06-19 11:58:55.654000', 'AVAILABLE', '2023-06-19 11:58:55.654000', 7, '10dc60e3-8630f0f2-4e69201a'),
('dPcvpc183m', '2023-06-19 11:58:58.629000', 'AVAILABLE', '2023-06-19 11:58:58.629000', 67, '42334790-513e778b-d54e8923'),
('dPi8XzR8zQ', '2023-06-19 11:58:55.050000', 'AVAILABLE', '2023-06-19 11:58:55.050000', 109, '3366b2d8-914c4cdd-dd19921e'),
('DpiTL9Z9gH', '2023-06-19 11:58:56.654000', 'AVAILABLE', '2023-06-19 11:58:56.654000', 1, '1253d416-1461a365-45f8c445'),
('dPm6ZOp0K6', '2023-06-19 11:58:57.374000', 'AVAILABLE', '2023-06-19 11:58:57.374000', 160, 'a12c8eec-d852c20a-11213a08'),
('DpnWxUiO2W', '2023-06-19 11:58:54.644000', 'AVAILABLE', '2023-06-19 11:58:54.644000', 48, 'ed73b77c-cdda79ae-b32ba801'),
('dPOIIrBf5Z', '2023-06-19 11:58:56.219000', 'AVAILABLE', '2023-06-19 11:58:56.219000', 21, '719b41d4-07cf3ce5-794cb046'),
('DPXmh6JoTH', '2023-06-19 11:58:58.938000', 'AVAILABLE', '2023-06-19 11:58:58.938000', 94, '8ea0f565-e5aa3367-d72511a6'),
('Ds4eJho0FD', '2023-06-19 11:58:56.765000', 'AVAILABLE', '2023-06-19 11:58:56.765000', 26, '1253d416-1461a365-45f8c445'),
('dsetkMEgsE', '2023-06-19 11:58:56.773000', 'AVAILABLE', '2023-06-19 11:58:56.773000', 28, '1253d416-1461a365-45f8c445'),
('DsxiZnTBiJ', '2023-06-19 11:58:56.693000', 'AVAILABLE', '2023-06-19 11:58:56.693000', 9, '1253d416-1461a365-45f8c445'),
('Dt09SE0bP0', '2023-06-19 11:58:57.749000', 'AVAILABLE', '2023-06-19 11:58:57.749000', 62, 'a2698bad-675973aa-182444c2'),
('DtRsih0e3j', '2023-06-19 11:58:57.909000', 'AVAILABLE', '2023-06-19 11:58:57.909000', 89, '00165067-e870465b-45245005'),
('dTSYYKWx1J', '2023-06-19 11:58:57.420000', 'AVAILABLE', '2023-06-19 11:58:57.420000', 50, '9ec7e849-190e222e-de378f6a'),
('DUhDi6zWRC', '2023-06-19 11:58:58.231000', 'AVAILABLE', '2023-06-19 11:58:58.231000', 32, '6c099fa9-34b6b048-22457468'),
('DUNBlpczHn', '2023-06-19 11:58:56.365000', 'AVAILABLE', '2023-06-19 11:58:56.365000', 57, '9c93fcf6-4ee7aba9-9824ff4d'),
('DwGr0Q7Mvu', '2023-06-19 11:58:59.172000', 'AVAILABLE', '2023-06-19 11:58:59.172000', 27, '681eef78-56f9e7e6-4ad01caf'),
('DwpPzw2gxP', '2023-06-19 11:58:56.730000', 'AVAILABLE', '2023-06-19 11:58:56.730000', 17, '1253d416-1461a365-45f8c445'),
('DWtnwenl7W', '2023-06-19 11:58:54.892000', 'AVAILABLE', '2023-06-19 11:58:54.892000', 150, '49bff82b-5212cbd4-2bb51ab5'),
('DXhsWZCXdc', '2023-06-19 11:58:54.884000', 'AVAILABLE', '2023-06-19 11:58:54.884000', 148, '49bff82b-5212cbd4-2bb51ab5'),
('dYukOT2flk', '2023-06-19 11:58:56.945000', 'AVAILABLE', '2023-06-19 11:58:56.945000', 138, '0c591085-01d67658-65dd19df'),
('dyxikH0euP', '2023-06-19 11:58:54.192000', 'AVAILABLE', '2023-06-19 11:58:54.192000', 107, '33c9b15c-f26b7368-dbb825a3'),
('dZ7PewegU2', '2023-06-19 11:58:54.812000', 'AVAILABLE', '2023-06-19 11:58:54.812000', 129, '49bff82b-5212cbd4-2bb51ab5'),
('dzeploj0s3', '2023-06-19 11:58:56.925000', 'AVAILABLE', '2023-06-19 11:58:56.925000', 133, '0c591085-01d67658-65dd19df'),
('dzQ3vluV38', '2023-06-19 11:58:58.595000', 'AVAILABLE', '2023-06-19 11:58:58.595000', 59, '42334790-513e778b-d54e8923'),
('Dzr7ApyEve', '2023-06-19 11:58:58.732000', 'AVAILABLE', '2023-06-19 11:58:58.732000', 128, '5682ad59-1c54857b-7b257361'),
('E059EWYsGv', '2023-06-19 11:58:56.555000', 'AVAILABLE', '2023-06-19 11:58:56.555000', 101, 'a38986be-920b64bf-147258bc'),
('e0NUGTB2lx', '2023-06-19 11:58:59.303000', 'AVAILABLE', '2023-06-19 11:58:59.303000', 55, '81ac355e-7f992d9d-5cdfd666'),
('E0RMHNdcyl', '2023-06-19 11:58:58.021000', 'AVAILABLE', '2023-06-19 11:58:58.021000', 113, '00165067-e870465b-45245005'),
('e19ZlqdxNR', '2023-06-19 11:58:56.746000', 'AVAILABLE', '2023-06-19 11:58:56.746000', 21, '1253d416-1461a365-45f8c445'),
('e30MDjoXnF', '2023-06-19 11:58:55.003000', 'AVAILABLE', '2023-06-19 11:58:55.003000', 97, '3366b2d8-914c4cdd-dd19921e'),
('E3V5gvGIUf', '2023-06-19 11:58:59.199000', 'AVAILABLE', '2023-06-19 11:58:59.199000', 33, '681eef78-56f9e7e6-4ad01caf'),
('E4eio7yCib', '2023-06-19 11:58:59.185000', 'AVAILABLE', '2023-06-19 11:58:59.185000', 30, '681eef78-56f9e7e6-4ad01caf'),
('e5CFcZJJhW', '2023-06-19 11:58:58.685000', 'AVAILABLE', '2023-06-19 11:58:58.685000', 80, '42334790-513e778b-d54e8923'),
('E5VHJmEyou', '2023-06-19 11:58:58.323000', 'AVAILABLE', '2023-06-19 11:58:58.323000', 126, '9b5ee46d-26e93707-d9784912'),
('e72Zo7Opte', '2023-06-19 11:58:55.810000', 'AVAILABLE', '2023-06-19 11:58:55.810000', 122, '25d7d885-39cdc7e1-6aaabf75'),
('eAjMGip2Q8', '2023-06-19 11:58:58.810000', 'AVAILABLE', '2023-06-19 11:58:58.810000', 145, '5682ad59-1c54857b-7b257361'),
('eajVfUoAh2', '2023-06-19 11:58:55.745000', 'AVAILABLE', '2023-06-19 11:58:55.745000', 30, '10dc60e3-8630f0f2-4e69201a'),
('Ebw9bBEkC4', '2023-06-19 11:58:58.191000', 'AVAILABLE', '2023-06-19 11:58:58.191000', 24, '6c099fa9-34b6b048-22457468'),
('ebXtq5aQ32', '2023-06-19 11:58:54.635000', 'AVAILABLE', '2023-06-19 11:58:54.635000', 46, 'ed73b77c-cdda79ae-b32ba801'),
('eBynfkCbpQ', '2023-06-19 11:58:58.055000', 'AVAILABLE', '2023-06-19 11:58:58.055000', 120, '00165067-e870465b-45245005'),
('EDPqnjYvdd', '2023-06-19 11:58:57.951000', 'AVAILABLE', '2023-06-19 11:58:57.951000', 98, '00165067-e870465b-45245005'),
('edwriLrg2H', '2023-06-19 11:58:57.530000', 'AVAILABLE', '2023-06-19 11:58:57.530000', 75, '9ec7e849-190e222e-de378f6a'),
('EfFqsFLvdY', '2023-06-19 11:58:54.445000', 'AVAILABLE', '2023-06-19 11:58:54.445000', 122, 'bba69e0b-82df5939-21a13bcc'),
('EFMHDQGcDo', '2023-06-19 11:58:53.985000', 'AVAILABLE', '2023-06-19 11:58:53.985000', 62, 'c21543d4-3f2474b3-b8f7484d'),
('EgaKq7UKEJ', '2023-06-19 11:58:59.471000', 'AVAILABLE', '2023-06-19 11:58:59.471000', 13, '53343824-597887ef-e43f61be'),
('eGisRsq0jU', '2023-06-19 11:58:54.973000', 'AVAILABLE', '2023-06-19 11:58:54.973000', 89, '3366b2d8-914c4cdd-dd19921e'),
('eGMbB4Ahix', '2023-06-19 11:58:59.078000', 'AVAILABLE', '2023-06-19 11:58:59.078000', 5, '681eef78-56f9e7e6-4ad01caf'),
('egQTMnAE6z', '2023-06-19 11:58:57.310000', 'AVAILABLE', '2023-06-19 11:58:57.310000', 144, 'a12c8eec-d852c20a-11213a08'),
('ehkcf1H5kH', '2023-06-19 11:58:58.569000', 'AVAILABLE', '2023-06-19 11:58:58.569000', 53, '42334790-513e778b-d54e8923'),
('eiIAn5ckdA', '2023-06-19 11:58:54.449000', 'AVAILABLE', '2023-06-19 11:58:54.449000', 123, 'bba69e0b-82df5939-21a13bcc'),
('EJVjqorw1z', '2023-06-19 11:58:55.046000', 'AVAILABLE', '2023-06-19 11:58:55.046000', 108, '3366b2d8-914c4cdd-dd19921e'),
('eKCoUHSTsJ', '2023-06-19 11:58:56.043000', 'AVAILABLE', '2023-06-19 11:58:56.043000', 97, 'd419322a-028817a7-fdfc00b4'),
('elrUxsTNwu', '2023-06-19 11:58:55.512000', 'AVAILABLE', '2023-06-19 11:58:55.512000', 58, '66bf2624-fb3bb5fa-210bed10'),
('EMEuaiASbK', '2023-06-19 11:58:56.909000', 'AVAILABLE', '2023-06-19 11:58:56.909000', 129, '0c591085-01d67658-65dd19df'),
('EmXbXzNAqp', '2023-06-19 11:58:54.035000', 'AVAILABLE', '2023-06-19 11:58:54.035000', 74, 'c21543d4-3f2474b3-b8f7484d'),
('eQDSqIRtcA', '2023-06-19 11:58:55.954000', 'AVAILABLE', '2023-06-19 11:58:55.954000', 156, '25d7d885-39cdc7e1-6aaabf75'),
('eREI41yt5l', '2023-06-19 11:58:55.085000', 'AVAILABLE', '2023-06-19 11:58:55.085000', 118, '3366b2d8-914c4cdd-dd19921e'),
('eS0HGimUpa', '2023-06-19 11:58:59.011000', 'AVAILABLE', '2023-06-19 11:58:59.011000', 111, '8ea0f565-e5aa3367-d72511a6'),
('eSxIhovUwT', '2023-06-19 11:58:56.578000', 'AVAILABLE', '2023-06-19 11:58:56.578000', 106, 'a38986be-920b64bf-147258bc'),
('ET7wtBxZPl', '2023-06-19 11:58:57.272000', 'AVAILABLE', '2023-06-19 11:58:57.272000', 135, 'a12c8eec-d852c20a-11213a08'),
('eu0fqYfb1t', '2023-06-19 11:58:58.663000', 'AVAILABLE', '2023-06-19 11:58:58.663000', 75, '42334790-513e778b-d54e8923'),
('euloynVzWC', '2023-06-19 11:58:55.826000', 'AVAILABLE', '2023-06-19 11:58:55.826000', 126, '25d7d885-39cdc7e1-6aaabf75'),
('eumiO18cbg', '2023-06-19 11:58:54.757000', 'AVAILABLE', '2023-06-19 11:58:54.757000', 77, 'ed73b77c-cdda79ae-b32ba801'),
('eUQR7uExpB', '2023-06-19 11:58:56.035000', 'AVAILABLE', '2023-06-19 11:58:56.035000', 95, 'd419322a-028817a7-fdfc00b4'),
('EuXdZxcnaO', '2023-06-19 11:58:57.500000', 'AVAILABLE', '2023-06-19 11:58:57.500000', 70, '9ec7e849-190e222e-de378f6a'),
('EV8c6lsm4e', '2023-06-19 11:58:58.132000', 'AVAILABLE', '2023-06-19 11:58:58.132000', 12, '6c099fa9-34b6b048-22457468'),
('ew5RwqisUf', '2023-06-19 11:58:54.649000', 'AVAILABLE', '2023-06-19 11:58:54.649000', 49, 'ed73b77c-cdda79ae-b32ba801'),
('exCuQwS6W0', '2023-06-19 11:58:59.177000', 'AVAILABLE', '2023-06-19 11:58:59.177000', 28, '681eef78-56f9e7e6-4ad01caf'),
('exrXtmOLLm', '2023-06-19 11:58:55.602000', 'AVAILABLE', '2023-06-19 11:58:55.602000', 77, '66bf2624-fb3bb5fa-210bed10');
INSERT INTO `show_seat` (`id`, `create_at`, `status`, `update_at`, `cinema_seat_id`, `show_id`) VALUES
('eYZic9fEmZ', '2023-06-19 11:58:59.436000', 'AVAILABLE', '2023-06-19 11:58:59.436000', 5, '53343824-597887ef-e43f61be'),
('ez6mEELW8B', '2023-06-19 11:58:57.250000', 'AVAILABLE', '2023-06-19 11:58:57.250000', 129, 'a12c8eec-d852c20a-11213a08'),
('EZfW83dbgb', '2023-06-19 11:58:57.825000', 'AVAILABLE', '2023-06-19 11:58:57.825000', 73, 'a2698bad-675973aa-182444c2'),
('F0cIWkhmic', '2023-06-19 11:58:58.564000', 'AVAILABLE', '2023-06-19 11:58:58.564000', 52, '42334790-513e778b-d54e8923'),
('F7vbPITN2P', '2023-06-19 11:58:56.111000', 'AVAILABLE', '2023-06-19 11:58:56.111000', 116, 'd419322a-028817a7-fdfc00b4'),
('f93Ksw6egM', '2023-06-19 11:58:54.310000', 'AVAILABLE', '2023-06-19 11:58:54.310000', 10, '294022bf-3dcd2d6e-26e74c77'),
('F9uyCkr4WY', '2023-06-19 11:58:59.576000', 'AVAILABLE', '2023-06-19 11:58:59.576000', 37, '53343824-597887ef-e43f61be'),
('FaJUBPoD32', '2023-06-19 11:58:59.070000', 'AVAILABLE', '2023-06-19 11:58:59.070000', 3, '681eef78-56f9e7e6-4ad01caf'),
('fBYUD3zSd5', '2023-06-19 11:58:56.754000', 'AVAILABLE', '2023-06-19 11:58:56.754000', 23, '1253d416-1461a365-45f8c445'),
('FDgRtZdKeQ', '2023-06-19 11:58:54.903000', 'AVAILABLE', '2023-06-19 11:58:54.903000', 153, '49bff82b-5212cbd4-2bb51ab5'),
('fE50hY6rXG', '2023-06-19 11:58:57.179000', 'AVAILABLE', '2023-06-19 11:58:57.179000', 73, '243863a7-c6674692-e1f80a99'),
('feNDeGeIf8', '2023-06-19 11:58:54.364000', 'AVAILABLE', '2023-06-19 11:58:54.364000', 24, '294022bf-3dcd2d6e-26e74c77'),
('FF9pcfR9LI', '2023-06-19 11:58:57.929000', 'AVAILABLE', '2023-06-19 11:58:57.929000', 93, '00165067-e870465b-45245005'),
('fFhSUsf5X9', '2023-06-19 11:58:56.581000', 'AVAILABLE', '2023-06-19 11:58:56.581000', 107, 'a38986be-920b64bf-147258bc'),
('ffkLtJJ9Ww', '2023-06-19 11:58:55.203000', 'AVAILABLE', '2023-06-19 11:58:55.203000', 27, '61d2f5d8-15400daa-3f1fa87a'),
('fHa3huZtwA', '2023-06-19 11:58:54.852000', 'AVAILABLE', '2023-06-19 11:58:54.852000', 140, '49bff82b-5212cbd4-2bb51ab5'),
('FI605lg6aV', '2023-06-19 11:58:56.699000', 'AVAILABLE', '2023-06-19 11:58:56.699000', 10, '1253d416-1461a365-45f8c445'),
('Fk22qRoW6j', '2023-06-19 11:58:54.819000', 'AVAILABLE', '2023-06-19 11:58:54.819000', 131, '49bff82b-5212cbd4-2bb51ab5'),
('fk4YolaF9K', '2023-06-19 11:58:58.171000', 'AVAILABLE', '2023-06-19 11:58:58.171000', 20, '6c099fa9-34b6b048-22457468'),
('fK7jiU9MAj', '2023-06-19 11:58:55.337000', 'AVAILABLE', '2023-06-19 11:58:55.337000', 56, '2e9977a7-e5770b06-eacbd3c3'),
('fN2nkrw3DS', '2023-06-19 11:58:56.517000', 'AVAILABLE', '2023-06-19 11:58:56.517000', 91, 'a38986be-920b64bf-147258bc'),
('fnvRYzzM42', '2023-06-19 11:58:57.947000', 'AVAILABLE', '2023-06-19 11:58:57.947000', 97, '00165067-e870465b-45245005'),
('fNW2aREfRM', '2023-06-19 11:58:54.520000', 'AVAILABLE', '2023-06-19 11:58:54.520000', 141, 'bba69e0b-82df5939-21a13bcc'),
('FnwKi3WzU3', '2023-06-19 11:58:55.007000', 'AVAILABLE', '2023-06-19 11:58:55.007000', 98, '3366b2d8-914c4cdd-dd19921e'),
('fOpkveSv2L', '2023-06-19 11:58:57.322000', 'AVAILABLE', '2023-06-19 11:58:57.322000', 147, 'a12c8eec-d852c20a-11213a08'),
('FpIToUDEDl', '2023-06-19 11:58:59.207000', 'AVAILABLE', '2023-06-19 11:58:59.207000', 35, '681eef78-56f9e7e6-4ad01caf'),
('FPMxifxaNW', '2023-06-19 11:58:55.869000', 'AVAILABLE', '2023-06-19 11:58:55.869000', 136, '25d7d885-39cdc7e1-6aaabf75'),
('fPxuTQh8Qc', '2023-06-19 11:58:58.904000', 'AVAILABLE', '2023-06-19 11:58:58.904000', 86, '8ea0f565-e5aa3367-d72511a6'),
('FRK2lTQFvU', '2023-06-19 11:58:59.445000', 'AVAILABLE', '2023-06-19 11:58:59.445000', 7, '53343824-597887ef-e43f61be'),
('fSsx4pv0fe', '2023-06-19 11:58:57.720000', 'AVAILABLE', '2023-06-19 11:58:57.720000', 59, 'a2698bad-675973aa-182444c2'),
('FTBAMB2g8O', '2023-06-19 11:58:57.505000', 'AVAILABLE', '2023-06-19 11:58:57.505000', 71, '9ec7e849-190e222e-de378f6a'),
('ftsFO9f9o8', '2023-06-19 11:58:56.941000', 'AVAILABLE', '2023-06-19 11:58:56.941000', 137, '0c591085-01d67658-65dd19df'),
('FU8fzTj6pj', '2023-06-19 11:58:54.408000', 'AVAILABLE', '2023-06-19 11:58:54.408000', 36, '294022bf-3dcd2d6e-26e74c77'),
('fUOGhYoOJG', '2023-06-19 11:58:58.050000', 'AVAILABLE', '2023-06-19 11:58:58.050000', 119, '00165067-e870465b-45245005'),
('FVec887I8a', '2023-06-19 11:58:55.130000', 'AVAILABLE', '2023-06-19 11:58:55.130000', 7, '61d2f5d8-15400daa-3f1fa87a'),
('fvLv26xQna', '2023-06-19 11:58:59.475000', 'AVAILABLE', '2023-06-19 11:58:59.475000', 14, '53343824-597887ef-e43f61be'),
('Fvvzsq1dcj', '2023-06-19 11:58:59.219000', 'AVAILABLE', '2023-06-19 11:58:59.219000', 37, '681eef78-56f9e7e6-4ad01caf'),
('FvZyGUpHvl', '2023-06-19 11:58:55.461000', 'AVAILABLE', '2023-06-19 11:58:55.461000', 45, '66bf2624-fb3bb5fa-210bed10'),
('fXhXXSmpCR', '2023-06-19 11:58:57.427000', 'AVAILABLE', '2023-06-19 11:58:57.427000', 52, '9ec7e849-190e222e-de378f6a'),
('fxZhSZ2wbr', '2023-06-19 11:58:56.223000', 'AVAILABLE', '2023-06-19 11:58:56.223000', 22, '719b41d4-07cf3ce5-794cb046'),
('fYCDIgHQjw', '2023-06-19 11:58:56.227000', 'AVAILABLE', '2023-06-19 11:58:56.227000', 23, '719b41d4-07cf3ce5-794cb046'),
('FYQMbXMFHH', '2023-06-19 11:58:55.489000', 'AVAILABLE', '2023-06-19 11:58:55.489000', 52, '66bf2624-fb3bb5fa-210bed10'),
('fYz8BDk20g', '2023-06-19 11:58:56.864000', 'AVAILABLE', '2023-06-19 11:58:56.864000', 39, '1253d416-1461a365-45f8c445'),
('G4OeRIiiyL', '2023-06-19 11:58:54.201000', 'AVAILABLE', '2023-06-19 11:58:54.201000', 109, '33c9b15c-f26b7368-dbb825a3'),
('G8t9HAKZxO', '2023-06-19 11:58:56.319000', 'AVAILABLE', '2023-06-19 11:58:56.319000', 45, '9c93fcf6-4ee7aba9-9824ff4d'),
('G9zBxswadD', '2023-06-19 11:58:55.994000', 'AVAILABLE', '2023-06-19 11:58:55.994000', 84, 'd419322a-028817a7-fdfc00b4'),
('gAtKHf9PWC', '2023-06-19 11:58:59.479000', 'AVAILABLE', '2023-06-19 11:58:59.479000', 15, '53343824-597887ef-e43f61be'),
('gcKehvmdCJ', '2023-06-19 11:58:55.950000', 'AVAILABLE', '2023-06-19 11:58:55.950000', 155, '25d7d885-39cdc7e1-6aaabf75'),
('gdBydwwInP', '2023-06-19 11:58:59.231000', 'AVAILABLE', '2023-06-19 11:58:59.231000', 40, '681eef78-56f9e7e6-4ad01caf'),
('GE7UgykJ6t', '2023-06-19 11:58:58.855000', 'AVAILABLE', '2023-06-19 11:58:58.855000', 156, '5682ad59-1c54857b-7b257361'),
('Gepy5gWTSD', '2023-06-19 11:58:59.251000', 'AVAILABLE', '2023-06-19 11:58:59.251000', 43, '81ac355e-7f992d9d-5cdfd666'),
('gEYLqMLLF3', '2023-06-19 11:58:58.166000', 'AVAILABLE', '2023-06-19 11:58:58.166000', 19, '6c099fa9-34b6b048-22457468'),
('gfoZEpKgzs', '2023-06-19 11:58:55.917000', 'AVAILABLE', '2023-06-19 11:58:55.917000', 147, '25d7d885-39cdc7e1-6aaabf75'),
('ggccM3Jlvu', '2023-06-19 11:58:57.632000', 'AVAILABLE', '2023-06-19 11:58:57.632000', 47, 'a2698bad-675973aa-182444c2'),
('gJLBoGQ3eF', '2023-06-19 11:58:57.815000', 'AVAILABLE', '2023-06-19 11:58:57.815000', 71, 'a2698bad-675973aa-182444c2'),
('GMJBNpRg7I', '2023-06-19 11:58:57.765000', 'AVAILABLE', '2023-06-19 11:58:57.765000', 64, 'a2698bad-675973aa-182444c2'),
('Gnowm5A7G5', '2023-06-19 11:58:56.288000', 'AVAILABLE', '2023-06-19 11:58:56.288000', 39, '719b41d4-07cf3ce5-794cb046'),
('GNvlppuLvk', '2023-06-19 11:58:55.578000', 'AVAILABLE', '2023-06-19 11:58:55.578000', 71, '66bf2624-fb3bb5fa-210bed10'),
('goDem7sVob', '2023-06-19 11:58:57.175000', 'AVAILABLE', '2023-06-19 11:58:57.175000', 72, '243863a7-c6674692-e1f80a99'),
('gOniqlglsr', '2023-06-19 11:58:58.360000', 'AVAILABLE', '2023-06-19 11:58:58.360000', 133, '9b5ee46d-26e93707-d9784912'),
('GpuPDh9h5i', '2023-06-19 11:58:58.261000', 'AVAILABLE', '2023-06-19 11:58:58.261000', 38, '6c099fa9-34b6b048-22457468'),
('GrMy28FFF0', '2023-06-19 11:58:57.993000', 'AVAILABLE', '2023-06-19 11:58:57.993000', 107, '00165067-e870465b-45245005'),
('gryG5vUzPf', '2023-06-19 11:58:53.989000', 'AVAILABLE', '2023-06-19 11:58:53.989000', 63, 'c21543d4-3f2474b3-b8f7484d'),
('gs55h4JAsz', '2023-06-19 11:58:59.311000', 'AVAILABLE', '2023-06-19 11:58:59.311000', 57, '81ac355e-7f992d9d-5cdfd666'),
('gwXOxTknNG', '2023-06-19 11:58:55.319000', 'AVAILABLE', '2023-06-19 11:58:55.319000', 53, '2e9977a7-e5770b06-eacbd3c3'),
('gwYbdVR8Vz', '2023-06-19 11:58:54.478000', 'AVAILABLE', '2023-06-19 11:58:54.478000', 131, 'bba69e0b-82df5939-21a13bcc'),
('gxqsa2foU5', '2023-06-19 11:58:59.087000', 'AVAILABLE', '2023-06-19 11:58:59.087000', 7, '681eef78-56f9e7e6-4ad01caf'),
('gY6rQo7LCG', '2023-06-19 11:58:54.593000', 'AVAILABLE', '2023-06-19 11:58:54.593000', 159, 'bba69e0b-82df5939-21a13bcc'),
('gYFSMyFSOP', '2023-06-19 11:58:58.483000', 'AVAILABLE', '2023-06-19 11:58:58.483000', 153, '9b5ee46d-26e93707-d9784912'),
('GzKeeoxHwt', '2023-06-19 11:58:58.416000', 'AVAILABLE', '2023-06-19 11:58:58.416000', 142, '9b5ee46d-26e93707-d9784912'),
('H0I9iIcdnn', '2023-06-19 11:58:58.952000', 'AVAILABLE', '2023-06-19 11:58:58.952000', 97, '8ea0f565-e5aa3367-d72511a6'),
('h0zvkVLV2K', '2023-06-19 11:58:59.340000', 'AVAILABLE', '2023-06-19 11:58:59.340000', 64, '81ac355e-7f992d9d-5cdfd666'),
('H2HsZjDTfR', '2023-06-19 11:58:56.058000', 'AVAILABLE', '2023-06-19 11:58:56.058000', 101, 'd419322a-028817a7-fdfc00b4'),
('H6UOf1gkae', '2023-06-19 11:58:55.239000', 'AVAILABLE', '2023-06-19 11:58:55.239000', 36, '61d2f5d8-15400daa-3f1fa87a'),
('h70WG5S2U8', '2023-06-19 11:58:54.040000', 'AVAILABLE', '2023-06-19 11:58:54.040000', 75, 'c21543d4-3f2474b3-b8f7484d'),
('H7Xi470MZb', '2023-06-19 11:58:55.307000', 'AVAILABLE', '2023-06-19 11:58:55.307000', 50, '2e9977a7-e5770b06-eacbd3c3'),
('H9P1059DV3', '2023-06-19 11:58:58.242000', 'AVAILABLE', '2023-06-19 11:58:58.242000', 34, '6c099fa9-34b6b048-22457468'),
('H9sZXQq4cZ', '2023-06-19 11:58:55.930000', 'AVAILABLE', '2023-06-19 11:58:55.930000', 150, '25d7d885-39cdc7e1-6aaabf75'),
('HaYLp0N2VM', '2023-06-19 11:58:58.118000', 'AVAILABLE', '2023-06-19 11:58:58.118000', 9, '6c099fa9-34b6b048-22457468'),
('hBxlbX3Xgn', '2023-06-19 11:58:54.681000', 'AVAILABLE', '2023-06-19 11:58:54.681000', 58, 'ed73b77c-cdda79ae-b32ba801'),
('hCaCbVGoN2', '2023-06-19 11:58:54.338000', 'AVAILABLE', '2023-06-19 11:58:54.338000', 17, '294022bf-3dcd2d6e-26e74c77'),
('HCbtJdYaCn', '2023-06-19 11:58:57.401000', 'AVAILABLE', '2023-06-19 11:58:57.401000', 45, '9ec7e849-190e222e-de378f6a'),
('hdYiAyWudI', '2023-06-19 11:58:59.260000', 'AVAILABLE', '2023-06-19 11:58:59.260000', 45, '81ac355e-7f992d9d-5cdfd666'),
('He1diFO2U1', '2023-06-19 11:58:57.338000', 'AVAILABLE', '2023-06-19 11:58:57.338000', 151, 'a12c8eec-d852c20a-11213a08'),
('HEwr1xygcO', '2023-06-19 11:58:54.579000', 'AVAILABLE', '2023-06-19 11:58:54.579000', 157, 'bba69e0b-82df5939-21a13bcc'),
('Hg3kHSycmG', '2023-06-19 11:58:56.351000', 'AVAILABLE', '2023-06-19 11:58:56.351000', 53, '9c93fcf6-4ee7aba9-9824ff4d'),
('HgfgSpEXLL', '2023-06-19 11:58:54.922000', 'AVAILABLE', '2023-06-19 11:58:54.922000', 158, '49bff82b-5212cbd4-2bb51ab5'),
('hH0qrJtOBn', '2023-06-19 11:58:54.240000', 'AVAILABLE', '2023-06-19 11:58:54.240000', 118, '33c9b15c-f26b7368-dbb825a3'),
('HhSHRQABkq', '2023-06-19 11:58:58.722000', 'AVAILABLE', '2023-06-19 11:58:58.722000', 126, '5682ad59-1c54857b-7b257361'),
('hiAYN3hxpg', '2023-06-19 11:58:57.667000', 'AVAILABLE', '2023-06-19 11:58:57.667000', 52, 'a2698bad-675973aa-182444c2'),
('hiOzkA3hub', '2023-06-19 11:58:58.354000', 'AVAILABLE', '2023-06-19 11:58:58.354000', 132, '9b5ee46d-26e93707-d9784912'),
('hj72FJap6n', '2023-06-19 11:58:57.728000', 'AVAILABLE', '2023-06-19 11:58:57.728000', 60, 'a2698bad-675973aa-182444c2'),
('HKWqkEmfY6', '2023-06-19 11:58:56.082000', 'AVAILABLE', '2023-06-19 11:58:56.082000', 108, 'd419322a-028817a7-fdfc00b4'),
('hkzTjtitWr', '2023-06-19 11:58:54.132000', 'AVAILABLE', '2023-06-19 11:58:54.132000', 93, '33c9b15c-f26b7368-dbb825a3'),
('hlFUSqyMkq', '2023-06-19 11:58:56.984000', 'AVAILABLE', '2023-06-19 11:58:56.984000', 147, '0c591085-01d67658-65dd19df'),
('hLtUhBMgOT', '2023-06-19 11:58:55.598000', 'AVAILABLE', '2023-06-19 11:58:55.598000', 76, '66bf2624-fb3bb5fa-210bed10'),
('Hn1HTtzwNP', '2023-06-19 11:58:54.128000', 'AVAILABLE', '2023-06-19 11:58:54.128000', 92, '33c9b15c-f26b7368-dbb825a3'),
('hn2wUPp3WD', '2023-06-19 11:58:58.141000', 'AVAILABLE', '2023-06-19 11:58:58.141000', 14, '6c099fa9-34b6b048-22457468'),
('hOThPvLaKI', '2023-06-19 11:58:55.037000', 'AVAILABLE', '2023-06-19 11:58:55.037000', 106, '3366b2d8-914c4cdd-dd19921e'),
('hpAg5SACAF', '2023-06-19 11:58:58.550000', 'AVAILABLE', '2023-06-19 11:58:58.550000', 49, '42334790-513e778b-d54e8923'),
('HPJl2lcLSi', '2023-06-19 11:58:55.234000', 'AVAILABLE', '2023-06-19 11:58:55.234000', 35, '61d2f5d8-15400daa-3f1fa87a'),
('hpypzwZugt', '2023-06-19 11:58:59.399000', 'AVAILABLE', '2023-06-19 11:58:59.399000', 78, '81ac355e-7f992d9d-5cdfd666'),
('hPz6Z1KNXZ', '2023-06-19 11:58:57.366000', 'AVAILABLE', '2023-06-19 11:58:57.366000', 158, 'a12c8eec-d852c20a-11213a08'),
('hQj0ktknXe', '2023-06-19 11:58:59.282000', 'AVAILABLE', '2023-06-19 11:58:59.282000', 50, '81ac355e-7f992d9d-5cdfd666'),
('HRvUOgNaqt', '2023-06-19 11:58:57.979000', 'AVAILABLE', '2023-06-19 11:58:57.979000', 104, '00165067-e870465b-45245005'),
('hsdgO8cWLP', '2023-06-19 11:58:58.113000', 'AVAILABLE', '2023-06-19 11:58:58.113000', 8, '6c099fa9-34b6b048-22457468'),
('ht761cue5M', '2023-06-19 11:58:54.564000', 'AVAILABLE', '2023-06-19 11:58:54.564000', 153, 'bba69e0b-82df5939-21a13bcc'),
('HtIOCQTa3W', '2023-06-19 11:58:55.636000', 'AVAILABLE', '2023-06-19 11:58:55.636000', 2, '10dc60e3-8630f0f2-4e69201a'),
('htUaXTbCUJ', '2023-06-19 11:58:54.377000', 'AVAILABLE', '2023-06-19 11:58:54.377000', 28, '294022bf-3dcd2d6e-26e74c77'),
('HWEQIJOj61', '2023-06-19 11:58:54.550000', 'AVAILABLE', '2023-06-19 11:58:54.550000', 149, 'bba69e0b-82df5939-21a13bcc'),
('hWL2Bya0sO', '2023-06-19 11:58:56.704000', 'AVAILABLE', '2023-06-19 11:58:56.704000', 11, '1253d416-1461a365-45f8c445'),
('hxF8NpzlXN', '2023-06-19 11:58:55.888000', 'AVAILABLE', '2023-06-19 11:58:55.888000', 140, '25d7d885-39cdc7e1-6aaabf75'),
('hXT7kZASNN', '2023-06-19 11:58:58.786000', 'AVAILABLE', '2023-06-19 11:58:58.786000', 140, '5682ad59-1c54857b-7b257361'),
('HXZtJFEPX9', '2023-06-19 11:58:59.513000', 'AVAILABLE', '2023-06-19 11:58:59.513000', 23, '53343824-597887ef-e43f61be'),
('hyxZ4wykKq', '2023-06-19 11:58:56.607000', 'AVAILABLE', '2023-06-19 11:58:56.607000', 113, 'a38986be-920b64bf-147258bc'),
('I1MYK2E2we', '2023-06-19 11:58:59.545000', 'AVAILABLE', '2023-06-19 11:58:59.545000', 30, '53343824-597887ef-e43f61be'),
('I4MFOhvDds', '2023-06-19 11:58:57.705000', 'AVAILABLE', '2023-06-19 11:58:57.705000', 57, 'a2698bad-675973aa-182444c2'),
('i6b9ZiIqv2', '2023-06-19 11:58:58.777000', 'AVAILABLE', '2023-06-19 11:58:58.777000', 138, '5682ad59-1c54857b-7b257361'),
('i6DE9Q2KTS', '2023-06-19 11:58:56.707000', 'AVAILABLE', '2023-06-19 11:58:56.707000', 12, '1253d416-1461a365-45f8c445'),
('IA5Mkz25kt', '2023-06-19 11:58:53.969000', 'AVAILABLE', '2023-06-19 11:58:53.969000', 58, 'c21543d4-3f2474b3-b8f7484d'),
('IandAsb8Jw', '2023-06-19 11:58:54.099000', 'AVAILABLE', '2023-06-19 11:58:54.099000', 85, '33c9b15c-f26b7368-dbb825a3'),
('iaSiKg5cNC', '2023-06-19 11:58:59.273000', 'AVAILABLE', '2023-06-19 11:58:59.274000', 48, '81ac355e-7f992d9d-5cdfd666'),
('IBSJtwGLdo', '2023-06-19 11:58:55.295000', 'AVAILABLE', '2023-06-19 11:58:55.295000', 47, '2e9977a7-e5770b06-eacbd3c3'),
('IcQwuo4iY8', '2023-06-19 11:58:54.713000', 'AVAILABLE', '2023-06-19 11:58:54.713000', 66, 'ed73b77c-cdda79ae-b32ba801'),
('iDlEuIIABj', '2023-06-19 11:58:57.306000', 'AVAILABLE', '2023-06-19 11:58:57.306000', 143, 'a12c8eec-d852c20a-11213a08'),
('idwWFVxco5', '2023-06-19 11:58:58.030000', 'AVAILABLE', '2023-06-19 11:58:58.030000', 115, '00165067-e870465b-45245005'),
('iE1OyYSFZz', '2023-06-19 11:58:57.661000', 'AVAILABLE', '2023-06-19 11:58:57.661000', 51, 'a2698bad-675973aa-182444c2'),
('ieR6d3tqmy', '2023-06-19 11:58:56.406000', 'AVAILABLE', '2023-06-19 11:58:56.406000', 67, '9c93fcf6-4ee7aba9-9824ff4d'),
('IgB0kZ5z5l', '2023-06-19 11:58:55.088000', 'AVAILABLE', '2023-06-19 11:58:55.088000', 119, '3366b2d8-914c4cdd-dd19921e'),
('ihjihBHFEX', '2023-06-19 11:58:57.168000', 'AVAILABLE', '2023-06-19 11:58:57.168000', 70, '243863a7-c6674692-e1f80a99'),
('ihpDKoEHXt', '2023-06-19 11:58:56.008000', 'AVAILABLE', '2023-06-19 11:58:56.008000', 88, 'd419322a-028817a7-fdfc00b4'),
('ihzR2Rtop8', '2023-06-19 11:58:54.461000', 'AVAILABLE', '2023-06-19 11:58:54.461000', 126, 'bba69e0b-82df5939-21a13bcc'),
('IJST8oYDzj', '2023-06-19 11:58:54.864000', 'AVAILABLE', '2023-06-19 11:58:54.864000', 143, '49bff82b-5212cbd4-2bb51ab5'),
('IKi1ACL7xB', '2023-06-19 11:58:55.465000', 'AVAILABLE', '2023-06-19 11:58:55.465000', 46, '66bf2624-fb3bb5fa-210bed10'),
('IkXnAFObSn', '2023-06-19 11:58:54.834000', 'AVAILABLE', '2023-06-19 11:58:54.834000', 135, '49bff82b-5212cbd4-2bb51ab5'),
('il0FotUTqt', '2023-06-19 11:58:58.007000', 'AVAILABLE', '2023-06-19 11:58:58.007000', 110, '00165067-e870465b-45245005'),
('iLxMLKpbJO', '2023-06-19 11:58:56.025000', 'AVAILABLE', '2023-06-19 11:58:56.025000', 92, 'd419322a-028817a7-fdfc00b4'),
('iMD7T63HPc', '2023-06-19 11:58:57.970000', 'AVAILABLE', '2023-06-19 11:58:57.970000', 102, '00165067-e870465b-45245005'),
('Imgb4wnjkN', '2023-06-19 11:58:55.271000', 'AVAILABLE', '2023-06-19 11:58:55.271000', 41, '2e9977a7-e5770b06-eacbd3c3'),
('in0X5LbhRu', '2023-06-19 11:58:56.047000', 'AVAILABLE', '2023-06-19 11:58:56.047000', 98, 'd419322a-028817a7-fdfc00b4'),
('INCHHhkr6F', '2023-06-19 11:58:55.865000', 'AVAILABLE', '2023-06-19 11:58:55.865000', 135, '25d7d885-39cdc7e1-6aaabf75'),
('iOqJAR2w5w', '2023-06-19 11:58:54.044000', 'AVAILABLE', '2023-06-19 11:58:54.044000', 76, 'c21543d4-3f2474b3-b8f7484d'),
('IP3yT5A8oH', '2023-06-19 11:58:58.435000', 'AVAILABLE', '2023-06-19 11:58:58.435000', 145, '9b5ee46d-26e93707-d9784912'),
('iPbkU3l4x9', '2023-06-19 11:58:54.845000', 'AVAILABLE', '2023-06-19 11:58:54.845000', 138, '49bff82b-5212cbd4-2bb51ab5'),
('Iqi6zqfc8K', '2023-06-19 11:58:55.427000', 'AVAILABLE', '2023-06-19 11:58:55.427000', 79, '2e9977a7-e5770b06-eacbd3c3'),
('iRaAKzYlXr', '2023-06-19 11:58:58.638000', 'AVAILABLE', '2023-06-19 11:58:58.638000', 69, '42334790-513e778b-d54e8923'),
('IrgCoMJ2Bm', '2023-06-19 11:58:58.422000', 'AVAILABLE', '2023-06-19 11:58:58.422000', 143, '9b5ee46d-26e93707-d9784912'),
('ISi9m45NRt', '2023-06-19 11:58:56.666000', 'AVAILABLE', '2023-06-19 11:58:56.666000', 4, '1253d416-1461a365-45f8c445'),
('IsqJkEV4MS', '2023-06-19 11:58:58.370000', 'AVAILABLE', '2023-06-19 11:58:58.370000', 135, '9b5ee46d-26e93707-d9784912'),
('ISQUc6QVka', '2023-06-19 11:58:57.223000', 'AVAILABLE', '2023-06-19 11:58:57.223000', 122, 'a12c8eec-d852c20a-11213a08'),
('it8nCJbLD3', '2023-06-19 11:58:55.830000', 'AVAILABLE', '2023-06-19 11:58:55.830000', 127, '25d7d885-39cdc7e1-6aaabf75'),
('itlrpfua55', '2023-06-19 11:58:56.574000', 'AVAILABLE', '2023-06-19 11:58:56.574000', 105, 'a38986be-920b64bf-147258bc'),
('itMx4W1uzB', '2023-06-19 11:58:54.918000', 'AVAILABLE', '2023-06-19 11:58:54.918000', 157, '49bff82b-5212cbd4-2bb51ab5'),
('itPtPg35aY', '2023-06-19 11:58:58.741000', 'AVAILABLE', '2023-06-19 11:58:58.741000', 130, '5682ad59-1c54857b-7b257361'),
('IUxODwB9eo', '2023-06-19 11:58:54.061000', 'AVAILABLE', '2023-06-19 11:58:54.061000', 80, 'c21543d4-3f2474b3-b8f7484d'),
('iV53aAZPhl', '2023-06-19 11:58:59.504000', 'AVAILABLE', '2023-06-19 11:58:59.504000', 21, '53343824-597887ef-e43f61be'),
('ivaLjzzHsq', '2023-06-19 11:58:58.493000', 'AVAILABLE', '2023-06-19 11:58:58.493000', 156, '9b5ee46d-26e93707-d9784912'),
('IVMpdZANkO', '2023-06-19 11:58:58.863000', 'AVAILABLE', '2023-06-19 11:58:58.863000', 158, '5682ad59-1c54857b-7b257361'),
('IVoPLviIOs', '2023-06-19 11:58:54.995000', 'AVAILABLE', '2023-06-19 11:58:54.995000', 95, '3366b2d8-914c4cdd-dd19921e'),
('ivTgYyKICS', '2023-06-19 11:58:55.247000', 'AVAILABLE', '2023-06-19 11:58:55.247000', 38, '61d2f5d8-15400daa-3f1fa87a'),
('iwGCtK2QJC', '2023-06-19 11:58:54.145000', 'AVAILABLE', '2023-06-19 11:58:54.145000', 96, '33c9b15c-f26b7368-dbb825a3'),
('IX2afKHgiq', '2023-06-19 11:58:55.170000', 'AVAILABLE', '2023-06-19 11:58:55.170000', 18, '61d2f5d8-15400daa-3f1fa87a'),
('ixhe7hi8e4', '2023-06-19 11:58:54.948000', 'AVAILABLE', '2023-06-19 11:58:54.948000', 82, '3366b2d8-914c4cdd-dd19921e'),
('ixP1fOv95V', '2023-06-19 11:58:56.989000', 'AVAILABLE', '2023-06-19 11:58:56.989000', 148, '0c591085-01d67658-65dd19df'),
('IxtJ7U6WZx', '2023-06-19 11:58:56.913000', 'AVAILABLE', '2023-06-19 11:58:56.913000', 130, '0c591085-01d67658-65dd19df'),
('IzhBBOGH1w', '2023-06-19 11:58:59.550000', 'AVAILABLE', '2023-06-19 11:58:59.550000', 31, '53343824-597887ef-e43f61be'),
('IZTU5QMVZm', '2023-06-19 11:58:59.203000', 'AVAILABLE', '2023-06-19 11:58:59.203000', 34, '681eef78-56f9e7e6-4ad01caf'),
('IZZidhp70e', '2023-06-19 11:58:55.658000', 'AVAILABLE', '2023-06-19 11:58:55.658000', 8, '10dc60e3-8630f0f2-4e69201a'),
('J2fWHendmW', '2023-06-19 11:58:55.665000', 'AVAILABLE', '2023-06-19 11:58:55.665000', 10, '10dc60e3-8630f0f2-4e69201a'),
('j3lF6DWKyV', '2023-06-19 11:58:55.287000', 'AVAILABLE', '2023-06-19 11:58:55.287000', 45, '2e9977a7-e5770b06-eacbd3c3'),
('j3zO0BZ271', '2023-06-19 11:58:56.492000', 'AVAILABLE', '2023-06-19 11:58:56.492000', 87, 'a38986be-920b64bf-147258bc'),
('j6Mo4mAcks', '2023-06-19 11:58:57.536000', 'AVAILABLE', '2023-06-19 11:58:57.536000', 76, '9ec7e849-190e222e-de378f6a'),
('J9PMcZ3iof', '2023-06-19 11:58:54.179000', 'AVAILABLE', '2023-06-19 11:58:54.179000', 104, '33c9b15c-f26b7368-dbb825a3'),
('jbMBeYOzye', '2023-06-19 11:58:55.935000', 'AVAILABLE', '2023-06-19 11:58:55.935000', 151, '25d7d885-39cdc7e1-6aaabf75'),
('jcSxA2axjW', '2023-06-19 11:58:59.130000', 'AVAILABLE', '2023-06-19 11:58:59.130000', 17, '681eef78-56f9e7e6-4ad01caf'),
('jFlI3LFCIZ', '2023-06-19 11:58:56.369000', 'AVAILABLE', '2023-06-19 11:58:56.369000', 58, '9c93fcf6-4ee7aba9-9824ff4d'),
('JFpAhcM1pk', '2023-06-19 11:58:55.705000', 'AVAILABLE', '2023-06-19 11:58:55.705000', 20, '10dc60e3-8630f0f2-4e69201a'),
('JfUQgnnrGH', '2023-06-19 11:58:55.485000', 'AVAILABLE', '2023-06-19 11:58:55.485000', 51, '66bf2624-fb3bb5fa-210bed10'),
('JHPXIaxHRR', '2023-06-19 11:58:58.266000', 'AVAILABLE', '2023-06-19 11:58:58.266000', 39, '6c099fa9-34b6b048-22457468'),
('Ji0SYmXLdd', '2023-06-19 11:58:56.065000', 'AVAILABLE', '2023-06-19 11:58:56.065000', 103, 'd419322a-028817a7-fdfc00b4'),
('JiLEEtQp6G', '2023-06-19 11:58:54.693000', 'AVAILABLE', '2023-06-19 11:58:54.693000', 61, 'ed73b77c-cdda79ae-b32ba801'),
('jjFhZEutEu', '2023-06-19 11:58:58.486000', 'AVAILABLE', '2023-06-19 11:58:58.486000', 154, '9b5ee46d-26e93707-d9784912'),
('JJLLT16aos', '2023-06-19 11:58:56.449000', 'AVAILABLE', '2023-06-19 11:58:56.449000', 78, '9c93fcf6-4ee7aba9-9824ff4d'),
('jmLiJdFPsh', '2023-06-19 11:58:55.033000', 'AVAILABLE', '2023-06-19 11:58:55.033000', 105, '3366b2d8-914c4cdd-dd19921e'),
('Jnkhi4vXqY', '2023-06-19 11:58:58.137000', 'AVAILABLE', '2023-06-19 11:58:58.137000', 13, '6c099fa9-34b6b048-22457468'),
('jNxjrYcku5', '2023-06-19 11:58:56.257000', 'AVAILABLE', '2023-06-19 11:58:56.257000', 31, '719b41d4-07cf3ce5-794cb046'),
('JoB5OclAgb', '2023-06-19 11:58:54.370000', 'AVAILABLE', '2023-06-19 11:58:54.370000', 26, '294022bf-3dcd2d6e-26e74c77'),
('JPpO77PhWB', '2023-06-19 11:58:58.929000', 'AVAILABLE', '2023-06-19 11:58:58.929000', 92, '8ea0f565-e5aa3367-d72511a6'),
('jpsSgV85Gf', '2023-06-19 11:58:54.349000', 'AVAILABLE', '2023-06-19 11:58:54.349000', 20, '294022bf-3dcd2d6e-26e74c77'),
('jrDOr6Jsl8', '2023-06-19 11:58:56.837000', 'AVAILABLE', '2023-06-19 11:58:56.837000', 32, '1253d416-1461a365-45f8c445'),
('JruACNRyxE', '2023-06-19 11:58:54.381000', 'AVAILABLE', '2023-06-19 11:58:54.381000', 29, '294022bf-3dcd2d6e-26e74c77'),
('JsdE0vUUS0', '2023-06-19 11:58:57.318000', 'AVAILABLE', '2023-06-19 11:58:57.318000', 146, 'a12c8eec-d852c20a-11213a08'),
('jTMkgAjoPS', '2023-06-19 11:58:55.481000', 'AVAILABLE', '2023-06-19 11:58:55.481000', 50, '66bf2624-fb3bb5fa-210bed10'),
('jTTYxdORq8', '2023-06-19 11:58:57.838000', 'AVAILABLE', '2023-06-19 11:58:57.838000', 76, 'a2698bad-675973aa-182444c2'),
('jV65Wy0i5U', '2023-06-19 11:58:58.624000', 'AVAILABLE', '2023-06-19 11:58:58.624000', 66, '42334790-513e778b-d54e8923'),
('jVHjYq0Hko', '2023-06-19 11:58:54.322000', 'AVAILABLE', '2023-06-19 11:58:54.322000', 13, '294022bf-3dcd2d6e-26e74c77'),
('jVlaXqxySm', '2023-06-19 11:58:58.541000', 'AVAILABLE', '2023-06-19 11:58:58.541000', 47, '42334790-513e778b-d54e8923'),
('JW09iZw1Sj', '2023-06-19 11:58:56.817000', 'AVAILABLE', '2023-06-19 11:58:56.817000', 30, '1253d416-1461a365-45f8c445'),
('jwGSD5XeYa', '2023-06-19 11:58:55.078000', 'AVAILABLE', '2023-06-19 11:58:55.078000', 116, '3366b2d8-914c4cdd-dd19921e'),
('Jy9aoJH8TF', '2023-06-19 11:58:53.965000', 'AVAILABLE', '2023-06-19 11:58:53.965000', 57, 'c21543d4-3f2474b3-b8f7484d'),
('jyc2K0dnOS', '2023-06-19 11:58:54.353000', 'AVAILABLE', '2023-06-19 11:58:54.353000', 21, '294022bf-3dcd2d6e-26e74c77'),
('jyYaeMjpZk', '2023-06-19 11:58:54.150000', 'AVAILABLE', '2023-06-19 11:58:54.150000', 97, '33c9b15c-f26b7368-dbb825a3'),
('JzMv4UaOve', '2023-06-19 11:58:55.283000', 'AVAILABLE', '2023-06-19 11:58:55.283000', 44, '2e9977a7-e5770b06-eacbd3c3'),
('jZnCRHIrzC', '2023-06-19 11:58:58.501000', 'AVAILABLE', '2023-06-19 11:58:58.501000', 159, '9b5ee46d-26e93707-d9784912'),
('K0cDv52li6', '2023-06-19 11:58:54.170000', 'AVAILABLE', '2023-06-19 11:58:54.170000', 102, '33c9b15c-f26b7368-dbb825a3'),
('k0ZY15neoF', '2023-06-19 11:58:55.785000', 'AVAILABLE', '2023-06-19 11:58:55.785000', 39, '10dc60e3-8630f0f2-4e69201a'),
('k2beNqkzyZ', '2023-06-19 11:58:58.017000', 'AVAILABLE', '2023-06-19 11:58:58.017000', 112, '00165067-e870465b-45245005'),
('k2th2gv3cG', '2023-06-19 11:58:58.251000', 'AVAILABLE', '2023-06-19 11:58:58.251000', 36, '6c099fa9-34b6b048-22457468'),
('k37NYC1Vwr', '2023-06-19 11:58:59.155000', 'AVAILABLE', '2023-06-19 11:58:59.155000', 23, '681eef78-56f9e7e6-4ad01caf'),
('K5mgUzazPm', '2023-06-19 11:58:56.085000', 'AVAILABLE', '2023-06-19 11:58:56.085000', 109, 'd419322a-028817a7-fdfc00b4'),
('K69MvOtvoL', '2023-06-19 11:58:55.156000', 'AVAILABLE', '2023-06-19 11:58:55.156000', 14, '61d2f5d8-15400daa-3f1fa87a'),
('k6dRb2e40N', '2023-06-19 11:58:55.946000', 'AVAILABLE', '2023-06-19 11:58:55.946000', 154, '25d7d885-39cdc7e1-6aaabf75'),
('k6Yd3HcvzX', '2023-06-19 11:58:54.305000', 'AVAILABLE', '2023-06-19 11:58:54.305000', 9, '294022bf-3dcd2d6e-26e74c77'),
('K7V38sJZC5', '2023-06-19 11:58:55.569000', 'AVAILABLE', '2023-06-19 11:58:55.569000', 69, '66bf2624-fb3bb5fa-210bed10'),
('K7yOK9ovZp', '2023-06-19 11:58:57.090000', 'AVAILABLE', '2023-06-19 11:58:57.090000', 51, '243863a7-c6674692-e1f80a99'),
('K8bGgV5O4r', '2023-06-19 11:58:58.755000', 'AVAILABLE', '2023-06-19 11:58:58.755000', 133, '5682ad59-1c54857b-7b257361'),
('Kb3gRxkoa1', '2023-06-19 11:58:53.934000', 'AVAILABLE', '2023-06-19 11:58:53.934000', 49, 'c21543d4-3f2474b3-b8f7484d'),
('KBRh6ZaodJ', '2023-06-19 11:58:58.338000', 'AVAILABLE', '2023-06-19 11:58:58.338000', 129, '9b5ee46d-26e93707-d9784912'),
('kC77cnzTYH', '2023-06-19 11:58:55.771000', 'AVAILABLE', '2023-06-19 11:58:55.771000', 36, '10dc60e3-8630f0f2-4e69201a'),
('kcE2aclj9i', '2023-06-19 11:58:54.270000', 'AVAILABLE', '2023-06-19 11:58:54.270000', 1, '294022bf-3dcd2d6e-26e74c77'),
('KDGxLtkij0', '2023-06-19 11:58:57.830000', 'AVAILABLE', '2023-06-19 11:58:57.830000', 74, 'a2698bad-675973aa-182444c2'),
('kEbKLWeDcL', '2023-06-19 11:58:57.604000', 'AVAILABLE', '2023-06-19 11:58:57.604000', 43, 'a2698bad-675973aa-182444c2'),
('Ki8Noc8S2g', '2023-06-19 11:58:54.083000', 'AVAILABLE', '2023-06-19 11:58:54.083000', 81, '33c9b15c-f26b7368-dbb825a3'),
('KIJnmleFjF', '2023-06-19 11:58:57.598000', 'AVAILABLE', '2023-06-19 11:58:57.598000', 42, 'a2698bad-675973aa-182444c2'),
('KJoCAxWvST', '2023-06-19 11:58:56.841000', 'AVAILABLE', '2023-06-19 11:58:56.841000', 33, '1253d416-1461a365-45f8c445'),
('KkHbFZbap8', '2023-06-19 11:58:57.496000', 'AVAILABLE', '2023-06-19 11:58:57.496000', 69, '9ec7e849-190e222e-de378f6a'),
('KkXTVQXCW5', '2023-06-19 11:58:55.333000', 'AVAILABLE', '2023-06-19 11:58:55.333000', 55, '2e9977a7-e5770b06-eacbd3c3'),
('KQio8hXrP6', '2023-06-19 11:58:59.211000', 'AVAILABLE', '2023-06-19 11:58:59.211000', 36, '681eef78-56f9e7e6-4ad01caf'),
('kQnvIdSrNm', '2023-06-19 11:58:57.359000', 'AVAILABLE', '2023-06-19 11:58:57.359000', 156, 'a12c8eec-d852c20a-11213a08'),
('krjsXM8ixD', '2023-06-19 11:58:56.481000', 'AVAILABLE', '2023-06-19 11:58:56.481000', 84, 'a38986be-920b64bf-147258bc'),
('KS1Ri4U9no', '2023-06-19 11:58:55.404000', 'AVAILABLE', '2023-06-19 11:58:55.404000', 73, '2e9977a7-e5770b06-eacbd3c3'),
('KTdGzUGsAA', '2023-06-19 11:58:54.314000', 'AVAILABLE', '2023-06-19 11:58:54.314000', 11, '294022bf-3dcd2d6e-26e74c77'),
('KuCY5C4qSQ', '2023-06-19 11:58:55.925000', 'AVAILABLE', '2023-06-19 11:58:55.925000', 149, '25d7d885-39cdc7e1-6aaabf75'),
('kVG6Mt5btF', '2023-06-19 11:58:57.363000', 'AVAILABLE', '2023-06-19 11:58:57.363000', 157, 'a12c8eec-d852c20a-11213a08'),
('KVXIbmzCIF', '2023-06-19 11:58:59.589000', 'AVAILABLE', '2023-06-19 11:58:59.589000', 40, '53343824-597887ef-e43f61be'),
('KW9eYBZ8Fz', '2023-06-19 11:58:57.164000', 'AVAILABLE', '2023-06-19 11:58:57.164000', 69, '243863a7-c6674692-e1f80a99'),
('kWBkIcDiwi', '2023-06-19 11:58:59.290000', 'AVAILABLE', '2023-06-19 11:58:59.290000', 52, '81ac355e-7f992d9d-5cdfd666'),
('kwMy2OIQ1s', '2023-06-19 11:58:55.126000', 'AVAILABLE', '2023-06-19 11:58:55.126000', 6, '61d2f5d8-15400daa-3f1fa87a'),
('KXd0zsYV15', '2023-06-19 11:58:53.938000', 'AVAILABLE', '2023-06-19 11:58:53.938000', 50, 'c21543d4-3f2474b3-b8f7484d'),
('KyF0ASxhB6', '2023-06-19 11:58:54.465000', 'AVAILABLE', '2023-06-19 11:58:54.465000', 127, 'bba69e0b-82df5939-21a13bcc'),
('kYWBE5ztJC', '2023-06-19 11:58:59.142000', 'AVAILABLE', '2023-06-19 11:58:59.142000', 20, '681eef78-56f9e7e6-4ad01caf'),
('kzdZM5oKQe', '2023-06-19 11:58:57.872000', 'AVAILABLE', '2023-06-19 11:58:57.872000', 81, '00165067-e870465b-45245005'),
('kzEPaNS9zO', '2023-06-19 11:58:55.218000', 'AVAILABLE', '2023-06-19 11:58:55.218000', 31, '61d2f5d8-15400daa-3f1fa87a'),
('kzTHklnfcP', '2023-06-19 11:58:54.546000', 'AVAILABLE', '2023-06-19 11:58:54.546000', 148, 'bba69e0b-82df5939-21a13bcc'),
('L0eg0HPx5U', '2023-06-19 11:58:57.082000', 'AVAILABLE', '2023-06-19 11:58:57.082000', 49, '243863a7-c6674692-e1f80a99'),
('L1wQb9ncmJ', '2023-06-19 11:58:54.230000', 'AVAILABLE', '2023-06-19 11:58:54.230000', 116, '33c9b15c-f26b7368-dbb825a3'),
('L37ENVAWMq', '2023-06-19 11:58:58.091000', 'AVAILABLE', '2023-06-19 11:58:58.091000', 4, '6c099fa9-34b6b048-22457468'),
('L3D2gvY2qK', '2023-06-19 11:58:58.095000', 'AVAILABLE', '2023-06-19 11:58:58.095000', 5, '6c099fa9-34b6b048-22457468'),
('L4C0t6QTiV', '2023-06-19 11:58:58.728000', 'AVAILABLE', '2023-06-19 11:58:58.728000', 127, '5682ad59-1c54857b-7b257361'),
('l4It8ncaB3', '2023-06-19 11:58:59.138000', 'AVAILABLE', '2023-06-19 11:58:59.138000', 19, '681eef78-56f9e7e6-4ad01caf'),
('l6oQqkUNP6', '2023-06-19 11:58:58.699000', 'AVAILABLE', '2023-06-19 11:58:58.699000', 121, '5682ad59-1c54857b-7b257361'),
('lBorkCtNB4', '2023-06-19 11:58:57.011000', 'AVAILABLE', '2023-06-19 11:58:57.011000', 153, '0c591085-01d67658-65dd19df'),
('LD2abCI62L', '2023-06-19 11:58:55.632000', 'AVAILABLE', '2023-06-19 11:58:55.632000', 1, '10dc60e3-8630f0f2-4e69201a'),
('Ld6cyYh6tc', '2023-06-19 11:58:54.418000', 'AVAILABLE', '2023-06-19 11:58:54.418000', 39, '294022bf-3dcd2d6e-26e74c77'),
('lejDYy2mOh', '2023-06-19 11:58:59.420000', 'AVAILABLE', '2023-06-19 11:58:59.420000', 1, '53343824-597887ef-e43f61be'),
('LfWRAHW5Fw', '2023-06-19 11:58:58.536000', 'AVAILABLE', '2023-06-19 11:58:58.536000', 46, '42334790-513e778b-d54e8923'),
('Lg5z78BsIn', '2023-06-19 11:58:54.930000', 'AVAILABLE', '2023-06-19 11:58:54.930000', 160, '49bff82b-5212cbd4-2bb51ab5'),
('LGUX6wTDul', '2023-06-19 11:58:57.843000', 'AVAILABLE', '2023-06-19 11:58:57.843000', 77, 'a2698bad-675973aa-182444c2'),
('lh27qluSGu', '2023-06-19 11:58:57.192000', 'AVAILABLE', '2023-06-19 11:58:57.192000', 76, '243863a7-c6674692-e1f80a99'),
('LI7ADLWZp3', '2023-06-19 11:58:56.004000', 'AVAILABLE', '2023-06-19 11:58:56.004000', 87, 'd419322a-028817a7-fdfc00b4'),
('LiJXbSJytp', '2023-06-19 11:58:54.631000', 'AVAILABLE', '2023-06-19 11:58:54.631000', 45, 'ed73b77c-cdda79ae-b32ba801'),
('LJKX0nr0YH', '2023-06-19 11:58:54.962000', 'AVAILABLE', '2023-06-19 11:58:54.962000', 86, '3366b2d8-914c4cdd-dd19921e'),
('lkM8Ki918A', '2023-06-19 11:58:59.324000', 'AVAILABLE', '2023-06-19 11:58:59.324000', 60, '81ac355e-7f992d9d-5cdfd666'),
('LKzdsZRXXD', '2023-06-19 11:58:56.089000', 'AVAILABLE', '2023-06-19 11:58:56.089000', 110, 'd419322a-028817a7-fdfc00b4'),
('lLOuF6VQsx', '2023-06-19 11:58:53.962000', 'AVAILABLE', '2023-06-19 11:58:53.962000', 56, 'c21543d4-3f2474b3-b8f7484d'),
('lmC3c5eWf7', '2023-06-19 11:58:57.060000', 'AVAILABLE', '2023-06-19 11:58:57.060000', 43, '243863a7-c6674692-e1f80a99'),
('lnRI6eRpeV', '2023-06-19 11:58:58.921000', 'AVAILABLE', '2023-06-19 11:58:58.921000', 90, '8ea0f565-e5aa3367-d72511a6'),
('lNVkRkRE7o', '2023-06-19 11:58:59.095000', 'AVAILABLE', '2023-06-19 11:58:59.095000', 9, '681eef78-56f9e7e6-4ad01caf'),
('LPiE9VEk9m', '2023-06-19 11:58:55.767000', 'AVAILABLE', '2023-06-19 11:58:55.767000', 35, '10dc60e3-8630f0f2-4e69201a'),
('lQ2K5IcKLc', '2023-06-19 11:58:56.805000', 'AVAILABLE', '2023-06-19 11:58:56.806000', 29, '1253d416-1461a365-45f8c445'),
('LQlV9kKeAv', '2023-06-19 11:58:56.103000', 'AVAILABLE', '2023-06-19 11:58:56.103000', 114, 'd419322a-028817a7-fdfc00b4'),
('lrrzP30qzs', '2023-06-19 11:58:56.335000', 'AVAILABLE', '2023-06-19 11:58:56.335000', 49, '9c93fcf6-4ee7aba9-9824ff4d'),
('ltNlFIRecE', '2023-06-19 11:58:56.284000', 'AVAILABLE', '2023-06-19 11:58:56.284000', 38, '719b41d4-07cf3ce5-794cb046'),
('luMt7PKKrW', '2023-06-19 11:58:55.833000', 'AVAILABLE', '2023-06-19 11:58:55.833000', 128, '25d7d885-39cdc7e1-6aaabf75'),
('lUNo4srnI0', '2023-06-19 11:58:56.362000', 'AVAILABLE', '2023-06-19 11:58:56.362000', 56, '9c93fcf6-4ee7aba9-9824ff4d'),
('LV8xSGx3Q5', '2023-06-19 11:58:56.154000', 'AVAILABLE', '2023-06-19 11:58:56.154000', 4, '719b41d4-07cf3ce5-794cb046'),
('LvfrwYRUfN', '2023-06-19 11:58:59.500000', 'AVAILABLE', '2023-06-19 11:58:59.500000', 20, '53343824-597887ef-e43f61be'),
('LVwtpC4XuD', '2023-06-19 11:58:56.585000', 'AVAILABLE', '2023-06-19 11:58:56.585000', 108, 'a38986be-920b64bf-147258bc'),
('lxDmo4AWjW', '2023-06-19 11:58:55.505000', 'AVAILABLE', '2023-06-19 11:58:55.505000', 56, '66bf2624-fb3bb5fa-210bed10'),
('LY5LWjLRUk', '2023-06-19 11:58:57.137000', 'AVAILABLE', '2023-06-19 11:58:57.137000', 63, '243863a7-c6674692-e1f80a99'),
('LYmXlPZqCc', '2023-06-19 11:58:58.813000', 'AVAILABLE', '2023-06-19 11:58:58.813000', 146, '5682ad59-1c54857b-7b257361'),
('lYSkvvtyt7', '2023-06-19 11:58:54.244000', 'AVAILABLE', '2023-06-19 11:58:54.244000', 119, '33c9b15c-f26b7368-dbb825a3'),
('lYVpLOZc5q', '2023-06-19 11:58:56.347000', 'AVAILABLE', '2023-06-19 11:58:56.347000', 52, '9c93fcf6-4ee7aba9-9824ff4d'),
('lyXZPohkiT', '2023-06-19 11:58:56.180000', 'AVAILABLE', '2023-06-19 11:58:56.180000', 10, '719b41d4-07cf3ce5-794cb046'),
('LZhIUxhwr1', '2023-06-19 11:58:56.093000', 'AVAILABLE', '2023-06-19 11:58:56.093000', 111, 'd419322a-028817a7-fdfc00b4'),
('LzHKhCD2pq', '2023-06-19 11:58:58.616000', 'AVAILABLE', '2023-06-19 11:58:58.616000', 64, '42334790-513e778b-d54e8923'),
('LzN6GYmgsy', '2023-06-19 11:58:54.597000', 'AVAILABLE', '2023-06-19 11:58:54.597000', 160, 'bba69e0b-82df5939-21a13bcc'),
('m0zPRb7UdN', '2023-06-19 11:58:55.734000', 'AVAILABLE', '2023-06-19 11:58:55.734000', 27, '10dc60e3-8630f0f2-4e69201a'),
('m314v0DttV', '2023-06-19 11:58:55.586000', 'AVAILABLE', '2023-06-19 11:58:55.586000', 73, '66bf2624-fb3bb5fa-210bed10'),
('M3xrwHQU3Y', '2023-06-19 11:58:56.377000', 'AVAILABLE', '2023-06-19 11:58:56.377000', 60, '9c93fcf6-4ee7aba9-9824ff4d'),
('M4I3kNguAH', '2023-06-19 11:58:56.305000', 'AVAILABLE', '2023-06-19 11:58:56.305000', 41, '9c93fcf6-4ee7aba9-9824ff4d'),
('M8K2CtcxXB', '2023-06-19 11:58:57.142000', 'AVAILABLE', '2023-06-19 11:58:57.142000', 64, '243863a7-c6674692-e1f80a99'),
('M8YRZNahkx', '2023-06-19 11:58:57.035000', 'AVAILABLE', '2023-06-19 11:58:57.035000', 159, '0c591085-01d67658-65dd19df'),
('malYEJ8mHa', '2023-06-19 11:58:56.107000', 'AVAILABLE', '2023-06-19 11:58:56.107000', 115, 'd419322a-028817a7-fdfc00b4'),
('mb9AbhgWIL', '2023-06-19 11:58:54.561000', 'AVAILABLE', '2023-06-19 11:58:54.561000', 152, 'bba69e0b-82df5939-21a13bcc'),
('mBMUu7VTwD', '2023-06-19 11:58:55.214000', 'AVAILABLE', '2023-06-19 11:58:55.214000', 30, '61d2f5d8-15400daa-3f1fa87a'),
('mBxpkhPVSg', '2023-06-19 11:58:58.896000', 'AVAILABLE', '2023-06-19 11:58:58.896000', 84, '8ea0f565-e5aa3367-d72511a6'),
('mE8Io8XFnU', '2023-06-19 11:58:55.453000', 'AVAILABLE', '2023-06-19 11:58:55.453000', 43, '66bf2624-fb3bb5fa-210bed10'),
('MeAbseJ5Dr', '2023-06-19 11:58:57.552000', 'AVAILABLE', '2023-06-19 11:58:57.552000', 78, '9ec7e849-190e222e-de378f6a'),
('mf0nb68pvf', '2023-06-19 11:58:58.668000', 'AVAILABLE', '2023-06-19 11:58:58.668000', 76, '42334790-513e778b-d54e8923'),
('MF4N57Lfl8', '2023-06-19 11:58:54.137000', 'AVAILABLE', '2023-06-19 11:58:54.137000', 94, '33c9b15c-f26b7368-dbb825a3'),
('mfNEKdioZW', '2023-06-19 11:58:55.574000', 'AVAILABLE', '2023-06-19 11:58:55.574000', 70, '66bf2624-fb3bb5fa-210bed10'),
('MGUMkYIgsE', '2023-06-19 11:58:57.915000', 'AVAILABLE', '2023-06-19 11:58:57.915000', 90, '00165067-e870465b-45245005'),
('mhJ0c27fcl', '2023-06-19 11:58:55.961000', 'AVAILABLE', '2023-06-19 11:58:55.961000', 158, '25d7d885-39cdc7e1-6aaabf75'),
('MhPr4zfMIP', '2023-06-19 11:58:55.167000', 'AVAILABLE', '2023-06-19 11:58:55.167000', 17, '61d2f5d8-15400daa-3f1fa87a'),
('mJwKXE7UDi', '2023-06-19 11:58:59.243000', 'AVAILABLE', '2023-06-19 11:58:59.243000', 41, '81ac355e-7f992d9d-5cdfd666'),
('MNg3lL4hQi', '2023-06-19 11:58:59.563000', 'AVAILABLE', '2023-06-19 11:58:59.563000', 34, '53343824-597887ef-e43f61be'),
('mP8tbW9JP2', '2023-06-19 11:58:57.111000', 'AVAILABLE', '2023-06-19 11:58:57.111000', 56, '243863a7-c6674692-e1f80a99'),
('MpIKXyio6Q', '2023-06-19 11:58:56.906000', 'AVAILABLE', '2023-06-19 11:58:56.906000', 128, '0c591085-01d67658-65dd19df'),
('mQ8cH44ab5', '2023-06-19 11:58:55.814000', 'AVAILABLE', '2023-06-19 11:58:55.814000', 123, '25d7d885-39cdc7e1-6aaabf75'),
('mQjjAZcuqY', '2023-06-19 11:58:54.959000', 'AVAILABLE', '2023-06-19 11:58:54.959000', 85, '3366b2d8-914c4cdd-dd19921e'),
('MQQzGHHCgF', '2023-06-19 11:58:57.094000', 'AVAILABLE', '2023-06-19 11:58:57.094000', 52, '243863a7-c6674692-e1f80a99'),
('mrkPizSw5e', '2023-06-19 11:58:56.686000', 'AVAILABLE', '2023-06-19 11:58:56.686000', 8, '1253d416-1461a365-45f8c445'),
('MrsgUyOjrZ', '2023-06-19 11:58:54.471000', 'AVAILABLE', '2023-06-19 11:58:54.471000', 129, 'bba69e0b-82df5939-21a13bcc'),
('mRxfYFOUOt', '2023-06-19 11:58:59.278000', 'AVAILABLE', '2023-06-19 11:58:59.278000', 49, '81ac355e-7f992d9d-5cdfd666'),
('MSOhOwXV2q', '2023-06-19 11:58:59.033000', 'AVAILABLE', '2023-06-19 11:58:59.033000', 116, '8ea0f565-e5aa3367-d72511a6'),
('mU54ovtmGp', '2023-06-19 11:58:56.726000', 'AVAILABLE', '2023-06-19 11:58:56.726000', 16, '1253d416-1461a365-45f8c445'),
('mUcRtQv7Qp', '2023-06-19 11:58:55.524000', 'AVAILABLE', '2023-06-19 11:58:55.524000', 61, '66bf2624-fb3bb5fa-210bed10'),
('MWAOt7C7XZ', '2023-06-19 11:58:53.954000', 'AVAILABLE', '2023-06-19 11:58:53.954000', 54, 'c21543d4-3f2474b3-b8f7484d'),
('mwIlhfi954', '2023-06-19 11:58:55.754000', 'AVAILABLE', '2023-06-19 11:58:55.754000', 32, '10dc60e3-8630f0f2-4e69201a'),
('MwJc2yokn4', '2023-06-19 11:58:58.946000', 'AVAILABLE', '2023-06-19 11:58:58.946000', 96, '8ea0f565-e5aa3367-d72511a6'),
('mwWMcfvpB4', '2023-06-19 11:58:58.846000', 'AVAILABLE', '2023-06-19 11:58:58.846000', 154, '5682ad59-1c54857b-7b257361'),
('MXqjiiB0b4', '2023-06-19 11:58:58.206000', 'AVAILABLE', '2023-06-19 11:58:58.206000', 27, '6c099fa9-34b6b048-22457468'),
('mYCEgruecl', '2023-06-19 11:58:55.299000', 'AVAILABLE', '2023-06-19 11:58:55.299000', 48, '2e9977a7-e5770b06-eacbd3c3'),
('n3WlYp2BU1', '2023-06-19 11:58:54.639000', 'AVAILABLE', '2023-06-19 11:58:54.639000', 47, 'ed73b77c-cdda79ae-b32ba801'),
('N5V3gsDYRx', '2023-06-19 11:58:58.675000', 'AVAILABLE', '2023-06-19 11:58:58.675000', 78, '42334790-513e778b-d54e8923'),
('n7U6ZHDsX1', '2023-06-19 11:58:58.672000', 'AVAILABLE', '2023-06-19 11:58:58.672000', 77, '42334790-513e778b-d54e8923'),
('NbsSrdn6fJ', '2023-06-19 11:58:56.544000', 'AVAILABLE', '2023-06-19 11:58:56.544000', 98, 'a38986be-920b64bf-147258bc'),
('NbUSe94gaM', '2023-06-19 11:58:58.237000', 'AVAILABLE', '2023-06-19 11:58:58.237000', 33, '6c099fa9-34b6b048-22457468'),
('Net1P0A1sP', '2023-06-19 11:58:56.898000', 'AVAILABLE', '2023-06-19 11:58:56.898000', 126, '0c591085-01d67658-65dd19df'),
('net9O2c2gP', '2023-06-19 11:58:56.191000', 'AVAILABLE', '2023-06-19 11:58:56.191000', 13, '719b41d4-07cf3ce5-794cb046'),
('NHiYNiCBzk', '2023-06-19 11:58:55.445000', 'AVAILABLE', '2023-06-19 11:58:55.445000', 41, '66bf2624-fb3bb5fa-210bed10'),
('nhXnwOQWYM', '2023-06-19 11:58:55.676000', 'AVAILABLE', '2023-06-19 11:58:55.676000', 13, '10dc60e3-8630f0f2-4e69201a'),
('Nj4sj7kPLK', '2023-06-19 11:58:59.062000', 'AVAILABLE', '2023-06-19 11:58:59.062000', 1, '681eef78-56f9e7e6-4ad01caf'),
('nJGZdcezKc', '2023-06-19 11:58:56.717000', 'AVAILABLE', '2023-06-19 11:58:56.717000', 14, '1253d416-1461a365-45f8c445'),
('NkLEba3EO5', '2023-06-19 11:58:56.891000', 'AVAILABLE', '2023-06-19 11:58:56.891000', 124, '0c591085-01d67658-65dd19df'),
('NkU9BlJE5v', '2023-06-19 11:58:59.117000', 'AVAILABLE', '2023-06-19 11:58:59.117000', 14, '681eef78-56f9e7e6-4ad01caf'),
('Nlk80kSPOG', '2023-06-19 11:58:59.428000', 'AVAILABLE', '2023-06-19 11:58:59.428000', 3, '53343824-597887ef-e43f61be'),
('nLskhh911j', '2023-06-19 11:58:54.970000', 'AVAILABLE', '2023-06-19 11:58:54.970000', 88, '3366b2d8-914c4cdd-dd19921e'),
('NOEg7XudSr', '2023-06-19 11:58:58.555000', 'AVAILABLE', '2023-06-19 11:58:58.555000', 50, '42334790-513e778b-d54e8923'),
('noJB6jpbCb', '2023-06-19 11:58:54.848000', 'AVAILABLE', '2023-06-19 11:58:54.848000', 139, '49bff82b-5212cbd4-2bb51ab5'),
('np84RpfZmi', '2023-06-19 11:58:58.441000', 'AVAILABLE', '2023-06-19 11:58:58.441000', 146, '9b5ee46d-26e93707-d9784912'),
('nrhpi2QCc2', '2023-06-19 11:58:56.671000', 'AVAILABLE', '2023-06-19 11:58:56.671000', 5, '1253d416-1461a365-45f8c445'),
('nsEGauipd5', '2023-06-19 11:58:59.353000', 'AVAILABLE', '2023-06-19 11:58:59.353000', 67, '81ac355e-7f992d9d-5cdfd666'),
('nsMeJypOsZ', '2023-06-19 11:58:57.880000', 'AVAILABLE', '2023-06-19 11:58:57.880000', 83, '00165067-e870465b-45245005'),
('nuGRcwrH6i', '2023-06-19 11:58:58.196000', 'AVAILABLE', '2023-06-19 11:58:58.196000', 25, '6c099fa9-34b6b048-22457468'),
('nvFk175ym4', '2023-06-19 11:58:56.599000', 'AVAILABLE', '2023-06-19 11:58:56.599000', 111, 'a38986be-920b64bf-147258bc'),
('NVJm7QDAEO', '2023-06-19 11:58:56.857000', 'AVAILABLE', '2023-06-19 11:58:56.857000', 37, '1253d416-1461a365-45f8c445'),
('NWciZreuRT', '2023-06-19 11:58:55.701000', 'AVAILABLE', '2023-06-19 11:58:55.701000', 19, '10dc60e3-8630f0f2-4e69201a'),
('nYFMQgdmcr', '2023-06-19 11:58:58.328000', 'AVAILABLE', '2023-06-19 11:58:58.328000', 127, '9b5ee46d-26e93707-d9784912'),
('nYhgnvL0iY', '2023-06-19 11:58:58.290000', 'AVAILABLE', '2023-06-19 11:58:58.290000', 121, '9b5ee46d-26e93707-d9784912'),
('NZJm6ZMxwZ', '2023-06-19 11:58:57.456000', 'AVAILABLE', '2023-06-19 11:58:57.456000', 60, '9ec7e849-190e222e-de378f6a'),
('nzPth6WuWv', '2023-06-19 11:58:56.633000', 'AVAILABLE', '2023-06-19 11:58:56.633000', 119, 'a38986be-920b64bf-147258bc'),
('O3I6mDMmja', '2023-06-19 11:58:56.520000', 'AVAILABLE', '2023-06-19 11:58:56.520000', 92, 'a38986be-920b64bf-147258bc'),
('o3j1tXgUW8', '2023-06-19 11:58:54.361000', 'AVAILABLE', '2023-06-19 11:58:54.361000', 23, '294022bf-3dcd2d6e-26e74c77'),
('o5Be2MjweK', '2023-06-19 11:58:58.599000', 'AVAILABLE', '2023-06-19 11:58:58.599000', 60, '42334790-513e778b-d54e8923'),
('O5GrXjhT9s', '2023-06-19 11:58:58.782000', 'AVAILABLE', '2023-06-19 11:58:58.782000', 139, '5682ad59-1c54857b-7b257361'),
('O89cuhdvHK', '2023-06-19 11:58:55.842000', 'AVAILABLE', '2023-06-19 11:58:55.842000', 130, '25d7d885-39cdc7e1-6aaabf75'),
('o8zmliPrEI', '2023-06-19 11:58:57.697000', 'AVAILABLE', '2023-06-19 11:58:57.698000', 56, 'a2698bad-675973aa-182444c2'),
('o9U5DZEM4j', '2023-06-19 11:58:57.611000', 'AVAILABLE', '2023-06-19 11:58:57.611000', 44, 'a2698bad-675973aa-182444c2'),
('oA28ImDnpO', '2023-06-19 11:58:54.057000', 'AVAILABLE', '2023-06-19 11:58:54.057000', 79, 'c21543d4-3f2474b3-b8f7484d'),
('oAYOly98Ch', '2023-06-19 11:58:57.713000', 'AVAILABLE', '2023-06-19 11:58:57.713000', 58, 'a2698bad-675973aa-182444c2'),
('oC5dLElB6K', '2023-06-19 11:58:57.683000', 'AVAILABLE', '2023-06-19 11:58:57.683000', 54, 'a2698bad-675973aa-182444c2'),
('OCNA7Dpk0v', '2023-06-19 11:58:58.257000', 'AVAILABLE', '2023-06-19 11:58:58.257000', 37, '6c099fa9-34b6b048-22457468'),
('OcNydM4qVH', '2023-06-19 11:58:58.104000', 'AVAILABLE', '2023-06-19 11:58:58.104000', 7, '6c099fa9-34b6b048-22457468'),
('Ocx4UoBEIi', '2023-06-19 11:58:59.366000', 'AVAILABLE', '2023-06-19 11:58:59.366000', 70, '81ac355e-7f992d9d-5cdfd666'),
('ODT8tYEmoX', '2023-06-19 11:58:54.737000', 'AVAILABLE', '2023-06-19 11:58:54.737000', 72, 'ed73b77c-cdda79ae-b32ba801'),
('odZtkSBkGF', '2023-06-19 11:58:58.577000', 'AVAILABLE', '2023-06-19 11:58:58.577000', 55, '42334790-513e778b-d54e8923'),
('oeoQSbMQWj', '2023-06-19 11:58:58.035000', 'AVAILABLE', '2023-06-19 11:58:58.035000', 116, '00165067-e870465b-45245005'),
('OEYDKomzSV', '2023-06-19 11:58:59.523000', 'AVAILABLE', '2023-06-19 11:58:59.523000', 25, '53343824-597887ef-e43f61be'),
('Ofi9Qi7pjW', '2023-06-19 11:58:56.953000', 'AVAILABLE', '2023-06-19 11:58:56.953000', 140, '0c591085-01d67658-65dd19df'),
('ogMEiEBKE3', '2023-06-19 11:58:55.141000', 'AVAILABLE', '2023-06-19 11:58:55.141000', 10, '61d2f5d8-15400daa-3f1fa87a'),
('ohVMHW9VSY', '2023-06-19 11:58:57.640000', 'AVAILABLE', '2023-06-19 11:58:57.640000', 48, 'a2698bad-675973aa-182444c2'),
('OiKmH3mPYb', '2023-06-19 11:58:57.618000', 'AVAILABLE', '2023-06-19 11:58:57.618000', 45, 'a2698bad-675973aa-182444c2'),
('OjK2Vk77rd', '2023-06-19 11:58:54.831000', 'AVAILABLE', '2023-06-19 11:58:54.831000', 134, '49bff82b-5212cbd4-2bb51ab5'),
('okbl6EWyey', '2023-06-19 11:58:54.165000', 'AVAILABLE', '2023-06-19 11:58:54.165000', 101, '33c9b15c-f26b7368-dbb825a3'),
('OMFUa19hFd', '2023-06-19 11:58:56.742000', 'AVAILABLE', '2023-06-19 11:58:56.742000', 20, '1253d416-1461a365-45f8c445'),
('oOEOz1ASpJ', '2023-06-19 11:58:54.531000', 'AVAILABLE', '2023-06-19 11:58:54.531000', 144, 'bba69e0b-82df5939-21a13bcc'),
('oOR9Xe52Yf', '2023-06-19 11:58:57.974000', 'AVAILABLE', '2023-06-19 11:58:57.974000', 103, '00165067-e870465b-45245005'),
('oPD5I9Orge', '2023-06-19 11:58:58.956000', 'AVAILABLE', '2023-06-19 11:58:58.956000', 98, '8ea0f565-e5aa3367-d72511a6'),
('oRjYMUTjis', '2023-06-19 11:58:54.393000', 'AVAILABLE', '2023-06-19 11:58:54.393000', 32, '294022bf-3dcd2d6e-26e74c77'),
('ORpMMPCoZz', '2023-06-19 11:58:59.181000', 'AVAILABLE', '2023-06-19 11:58:59.181000', 29, '681eef78-56f9e7e6-4ad01caf'),
('oTLrFOtn0Q', '2023-06-19 11:58:55.275000', 'AVAILABLE', '2023-06-19 11:58:55.275000', 42, '2e9977a7-e5770b06-eacbd3c3'),
('oTXjKOHMon', '2023-06-19 11:58:55.650000', 'AVAILABLE', '2023-06-19 11:58:55.650000', 6, '10dc60e3-8630f0f2-4e69201a'),
('oUsWvBrQ9Y', '2023-06-19 11:58:54.453000', 'AVAILABLE', '2023-06-19 11:58:54.453000', 124, 'bba69e0b-82df5939-21a13bcc'),
('OVcjwEvxRl', '2023-06-19 11:58:56.197000', 'AVAILABLE', '2023-06-19 11:58:56.197000', 15, '719b41d4-07cf3ce5-794cb046'),
('oVWbFLKKnd', '2023-06-19 11:58:55.011000', 'AVAILABLE', '2023-06-19 11:58:55.011000', 99, '3366b2d8-914c4cdd-dd19921e'),
('OwFZx0r0QN', '2023-06-19 11:58:57.003000', 'AVAILABLE', '2023-06-19 11:58:57.003000', 151, '0c591085-01d67658-65dd19df'),
('OWk4BARJPw', '2023-06-19 11:58:54.153000', 'AVAILABLE', '2023-06-19 11:58:54.153000', 98, '33c9b15c-f26b7368-dbb825a3'),
('ox3KwfvtWt', '2023-06-19 11:58:54.588000', 'AVAILABLE', '2023-06-19 11:58:54.588000', 158, 'bba69e0b-82df5939-21a13bcc'),
('OxHD6lnEb8', '2023-06-19 11:58:54.984000', 'AVAILABLE', '2023-06-19 11:58:54.984000', 92, '3366b2d8-914c4cdd-dd19921e'),
('oZwX8OyqwD', '2023-06-19 11:58:59.168000', 'AVAILABLE', '2023-06-19 11:58:59.168000', 26, '681eef78-56f9e7e6-4ad01caf'),
('p1rxRYzrk0', '2023-06-19 11:58:53.911000', 'AVAILABLE', '2023-06-19 11:58:53.911000', 44, 'c21543d4-3f2474b3-b8f7484d'),
('p2tsTu1kzz', '2023-06-19 11:58:56.999000', 'AVAILABLE', '2023-06-19 11:58:56.999000', 150, '0c591085-01d67658-65dd19df'),
('P3Oxaff2aT', '2023-06-19 11:58:56.078000', 'AVAILABLE', '2023-06-19 11:58:56.078000', 107, 'd419322a-028817a7-fdfc00b4'),
('p6UhjV8VaX', '2023-06-19 11:58:59.483000', 'AVAILABLE', '2023-06-19 11:58:59.483000', 16, '53343824-597887ef-e43f61be'),
('p73YHPGuJP', '2023-06-19 11:58:58.180000', 'AVAILABLE', '2023-06-19 11:58:58.180000', 22, '6c099fa9-34b6b048-22457468'),
('p9ngee0nWD', '2023-06-19 11:58:55.210000', 'AVAILABLE', '2023-06-19 11:58:55.210000', 29, '61d2f5d8-15400daa-3f1fa87a'),
('PA3ZxsOh8J', '2023-06-19 11:58:58.651000', 'AVAILABLE', '2023-06-19 11:58:58.651000', 72, '42334790-513e778b-d54e8923'),
('paKPzbqRYK', '2023-06-19 11:58:58.477000', 'AVAILABLE', '2023-06-19 11:58:58.477000', 151, '9b5ee46d-26e93707-d9784912'),
('pbUdwXzN5o', '2023-06-19 11:58:57.242000', 'AVAILABLE', '2023-06-19 11:58:57.242000', 127, 'a12c8eec-d852c20a-11213a08'),
('Pbz34gD2zK', '2023-06-19 11:58:54.485000', 'AVAILABLE', '2023-06-19 11:58:54.485000', 133, 'bba69e0b-82df5939-21a13bcc'),
('pCbLiyyybL', '2023-06-19 11:58:56.620000', 'AVAILABLE', '2023-06-19 11:58:56.620000', 116, 'a38986be-920b64bf-147258bc'),
('PcFrcyr5UV', '2023-06-19 11:58:54.860000', 'AVAILABLE', '2023-06-19 11:58:54.860000', 142, '49bff82b-5212cbd4-2bb51ab5'),
('PcpqKSH4zy', '2023-06-19 11:58:55.969000', 'AVAILABLE', '2023-06-19 11:58:55.969000', 160, '25d7d885-39cdc7e1-6aaabf75'),
('pd97DA5GQA', '2023-06-19 11:58:58.764000', 'AVAILABLE', '2023-06-19 11:58:58.764000', 135, '5682ad59-1c54857b-7b257361'),
('pERlS1hqVw', '2023-06-19 11:58:58.997000', 'AVAILABLE', '2023-06-19 11:58:58.997000', 108, '8ea0f565-e5aa3367-d72511a6'),
('PG3p4aAkgK', '2023-06-19 11:58:57.103000', 'AVAILABLE', '2023-06-19 11:58:57.103000', 54, '243863a7-c6674692-e1f80a99'),
('PGhYf0mgQr', '2023-06-19 11:58:57.405000', 'AVAILABLE', '2023-06-19 11:58:57.405000', 46, '9ec7e849-190e222e-de378f6a'),
('Pgz5XniqYJ', '2023-06-19 11:58:55.074000', 'AVAILABLE', '2023-06-19 11:58:55.074000', 115, '3366b2d8-914c4cdd-dd19921e'),
('Phebxi9qhy', '2023-06-19 11:58:58.212000', 'AVAILABLE', '2023-06-19 11:58:58.212000', 28, '6c099fa9-34b6b048-22457468');
INSERT INTO `show_seat` (`id`, `create_at`, `status`, `update_at`, `cinema_seat_id`, `show_id`) VALUES
('pIm3YX9u44', '2023-06-19 11:58:54.468000', 'AVAILABLE', '2023-06-19 11:58:54.468000', 128, 'bba69e0b-82df5939-21a13bcc'),
('PMAzI9DDPB', '2023-06-19 11:58:55.557000', 'AVAILABLE', '2023-06-19 11:58:55.557000', 66, '66bf2624-fb3bb5fa-210bed10'),
('pmWEmWTXXv', '2023-06-19 11:58:55.639000', 'AVAILABLE', '2023-06-19 11:58:55.639000', 3, '10dc60e3-8630f0f2-4e69201a'),
('PoHPjMLNQn', '2023-06-19 11:58:56.957000', 'AVAILABLE', '2023-06-19 11:58:56.957000', 141, '0c591085-01d67658-65dd19df'),
('PPxxVrKg58', '2023-06-19 11:58:58.122000', 'AVAILABLE', '2023-06-19 11:58:58.122000', 10, '6c099fa9-34b6b048-22457468'),
('PqWYT37j2k', '2023-06-19 11:58:54.475000', 'AVAILABLE', '2023-06-19 11:58:54.475000', 130, 'bba69e0b-82df5939-21a13bcc'),
('psfqLcWaTd', '2023-06-19 11:58:56.021000', 'AVAILABLE', '2023-06-19 11:58:56.021000', 91, 'd419322a-028817a7-fdfc00b4'),
('psxRlfekHr', '2023-06-19 11:58:54.999000', 'AVAILABLE', '2023-06-19 11:58:54.999000', 96, '3366b2d8-914c4cdd-dd19921e'),
('pT5tmWrbSV', '2023-06-19 11:58:55.846000', 'AVAILABLE', '2023-06-19 11:58:55.846000', 131, '25d7d885-39cdc7e1-6aaabf75'),
('pVAN9rU2H2', '2023-06-19 11:58:55.780000', 'AVAILABLE', '2023-06-19 11:58:55.780000', 38, '10dc60e3-8630f0f2-4e69201a'),
('pVVtpRBa37', '2023-06-19 11:58:59.066000', 'AVAILABLE', '2023-06-19 11:58:59.066000', 2, '681eef78-56f9e7e6-4ad01caf'),
('pwntJb522y', '2023-06-19 11:58:55.693000', 'AVAILABLE', '2023-06-19 11:58:55.693000', 17, '10dc60e3-8630f0f2-4e69201a'),
('pwTGXTk0vG', '2023-06-19 11:58:58.900000', 'AVAILABLE', '2023-06-19 11:58:58.900000', 85, '8ea0f565-e5aa3367-d72511a6'),
('Pxfg1QEQOr', '2023-06-19 11:58:55.206000', 'AVAILABLE', '2023-06-19 11:58:55.206000', 28, '61d2f5d8-15400daa-3f1fa87a'),
('PxprnDi8TE', '2023-06-19 11:58:58.659000', 'AVAILABLE', '2023-06-19 11:58:58.659000', 74, '42334790-513e778b-d54e8923'),
('PYnPc33rWi', '2023-06-19 11:58:56.409000', 'AVAILABLE', '2023-06-19 11:58:56.409000', 68, '9c93fcf6-4ee7aba9-9824ff4d'),
('pZkq1zu8yO', '2023-06-19 11:58:57.122000', 'AVAILABLE', '2023-06-19 11:58:57.122000', 59, '243863a7-c6674692-e1f80a99'),
('Q1HAr7A7bG', '2023-06-19 11:58:58.620000', 'AVAILABLE', '2023-06-19 11:58:58.620000', 65, '42334790-513e778b-d54e8923'),
('q2ngLeHH3r', '2023-06-19 11:58:56.595000', 'AVAILABLE', '2023-06-19 11:58:56.595000', 110, 'a38986be-920b64bf-147258bc'),
('q3xPjDzZiV', '2023-06-19 11:58:55.375000', 'AVAILABLE', '2023-06-19 11:58:55.375000', 66, '2e9977a7-e5770b06-eacbd3c3'),
('Q7GcMi3lMT', '2023-06-19 11:58:58.799000', 'AVAILABLE', '2023-06-19 11:58:58.799000', 143, '5682ad59-1c54857b-7b257361'),
('qA0MgxBLrw', '2023-06-19 11:58:54.926000', 'AVAILABLE', '2023-06-19 11:58:54.926000', 159, '49bff82b-5212cbd4-2bb51ab5'),
('QAv67PSR7o', '2023-06-19 11:58:57.625000', 'AVAILABLE', '2023-06-19 11:58:57.625000', 46, 'a2698bad-675973aa-182444c2'),
('QbRewNdggH', '2023-06-19 11:58:56.242000', 'AVAILABLE', '2023-06-19 11:58:56.242000', 27, '719b41d4-07cf3ce5-794cb046'),
('Qc7U1d2PmB', '2023-06-19 11:58:55.776000', 'AVAILABLE', '2023-06-19 11:58:55.776000', 37, '10dc60e3-8630f0f2-4e69201a'),
('QdrNHwxFI3', '2023-06-19 11:58:55.983000', 'AVAILABLE', '2023-06-19 11:58:55.983000', 81, 'd419322a-028817a7-fdfc00b4'),
('QEYepaCjU7', '2023-06-19 11:58:57.452000', 'AVAILABLE', '2023-06-19 11:58:57.452000', 59, '9ec7e849-190e222e-de378f6a'),
('qGMz2VtzJi', '2023-06-19 11:58:57.393000', 'AVAILABLE', '2023-06-19 11:58:57.393000', 43, '9ec7e849-190e222e-de378f6a'),
('qjAj5pO0H8', '2023-06-19 11:58:55.371000', 'AVAILABLE', '2023-06-19 11:58:55.371000', 65, '2e9977a7-e5770b06-eacbd3c3'),
('QjGwIVRrc4', '2023-06-19 11:58:56.929000', 'AVAILABLE', '2023-06-19 11:58:56.929000', 134, '0c591085-01d67658-65dd19df'),
('qlfomMUOMx', '2023-06-19 11:58:57.118000', 'AVAILABLE', '2023-06-19 11:58:57.118000', 58, '243863a7-c6674692-e1f80a99'),
('QLJYQEUvjM', '2023-06-19 11:58:57.856000', 'AVAILABLE', '2023-06-19 11:58:57.856000', 80, 'a2698bad-675973aa-182444c2'),
('QlmuOBx1X4', '2023-06-19 11:58:55.818000', 'AVAILABLE', '2023-06-19 11:58:55.818000', 124, '25d7d885-39cdc7e1-6aaabf75'),
('qMUXHtgzi0', '2023-06-19 11:58:59.348000', 'AVAILABLE', '2023-06-19 11:58:59.348000', 66, '81ac355e-7f992d9d-5cdfd666'),
('QOBk0p31eY', '2023-06-19 11:58:56.711000', 'AVAILABLE', '2023-06-19 11:58:56.711000', 13, '1253d416-1461a365-45f8c445'),
('QoRlU4928h', '2023-06-19 11:58:56.590000', 'AVAILABLE', '2023-06-19 11:58:56.590000', 109, 'a38986be-920b64bf-147258bc'),
('qOWI63lNGK', '2023-06-19 11:58:55.958000', 'AVAILABLE', '2023-06-19 11:58:55.958000', 157, '25d7d885-39cdc7e1-6aaabf75'),
('QQ0GgvnPWd', '2023-06-19 11:58:55.291000', 'AVAILABLE', '2023-06-19 11:58:55.291000', 46, '2e9977a7-e5770b06-eacbd3c3'),
('qQqULJ64gn', '2023-06-19 11:58:54.730000', 'AVAILABLE', '2023-06-19 11:58:54.730000', 70, 'ed73b77c-cdda79ae-b32ba801'),
('qRaLwjZpIU', '2023-06-19 11:58:55.199000', 'AVAILABLE', '2023-06-19 11:58:55.199000', 26, '61d2f5d8-15400daa-3f1fa87a'),
('qslgN1Nvsa', '2023-06-19 11:58:54.187000', 'AVAILABLE', '2023-06-19 11:58:54.187000', 106, '33c9b15c-f26b7368-dbb825a3'),
('qsu3jEhWPg', '2023-06-19 11:58:57.942000', 'AVAILABLE', '2023-06-19 11:58:57.942000', 96, '00165067-e870465b-45245005'),
('QtQTi9IP3C', '2023-06-19 11:58:54.421000', 'AVAILABLE', '2023-06-19 11:58:54.421000', 40, '294022bf-3dcd2d6e-26e74c77'),
('QtzuL5gcNu', '2023-06-19 11:58:58.806000', 'AVAILABLE', '2023-06-19 11:58:58.806000', 144, '5682ad59-1c54857b-7b257361'),
('QUaSHffKl1', '2023-06-19 11:58:54.275000', 'AVAILABLE', '2023-06-19 11:58:54.275000', 2, '294022bf-3dcd2d6e-26e74c77'),
('qUD3vCUzdr', '2023-06-19 11:58:54.888000', 'AVAILABLE', '2023-06-19 11:58:54.888000', 149, '49bff82b-5212cbd4-2bb51ab5'),
('QUol6Fozwb', '2023-06-19 11:58:58.216000', 'AVAILABLE', '2023-06-19 11:58:58.216000', 29, '6c099fa9-34b6b048-22457468'),
('QuSUCSXJnk', '2023-06-19 11:58:54.206000', 'AVAILABLE', '2023-06-19 11:58:54.206000', 110, '33c9b15c-f26b7368-dbb825a3'),
('qYDht0KkbT', '2023-06-19 11:58:53.951000', 'AVAILABLE', '2023-06-19 11:58:53.951000', 53, 'c21543d4-3f2474b3-b8f7484d'),
('qyZN785Aoo', '2023-06-19 11:58:56.435000', 'AVAILABLE', '2023-06-19 11:58:56.435000', 74, '9c93fcf6-4ee7aba9-9824ff4d'),
('r1UOjH6ur2', '2023-06-19 11:58:59.387000', 'AVAILABLE', '2023-06-19 11:58:59.387000', 75, '81ac355e-7f992d9d-5cdfd666'),
('R20uYXba6A', '2023-06-19 11:58:56.291000', 'AVAILABLE', '2023-06-19 11:58:56.291000', 40, '719b41d4-07cf3ce5-794cb046'),
('r3r5GLVuGN', '2023-06-19 11:58:57.071000', 'AVAILABLE', '2023-06-19 11:58:57.071000', 46, '243863a7-c6674692-e1f80a99'),
('r7IRgBpjOq', '2023-06-19 11:58:59.345000', 'AVAILABLE', '2023-06-19 11:58:59.345000', 65, '81ac355e-7f992d9d-5cdfd666'),
('R7QqoJUll3', '2023-06-19 11:58:57.490000', 'AVAILABLE', '2023-06-19 11:58:57.490000', 68, '9ec7e849-190e222e-de378f6a'),
('r8D9YxojZp', '2023-06-19 11:58:54.341000', 'AVAILABLE', '2023-06-19 11:58:54.341000', 18, '294022bf-3dcd2d6e-26e74c77'),
('rbPtmvOZnF', '2023-06-19 11:58:56.853000', 'AVAILABLE', '2023-06-19 11:58:56.853000', 36, '1253d416-1461a365-45f8c445'),
('rBsQCjX7Iv', '2023-06-19 11:58:55.501000', 'AVAILABLE', '2023-06-19 11:58:55.501000', 55, '66bf2624-fb3bb5fa-210bed10'),
('RBU4ff6F38', '2023-06-19 11:58:57.796000', 'AVAILABLE', '2023-06-19 11:58:57.796000', 68, 'a2698bad-675973aa-182444c2'),
('rCh9IZ4DZl', '2023-06-19 11:58:54.218000', 'AVAILABLE', '2023-06-19 11:58:54.218000', 113, '33c9b15c-f26b7368-dbb825a3'),
('RCNs2eoP9V', '2023-06-19 11:58:54.496000', 'AVAILABLE', '2023-06-19 11:58:54.496000', 135, 'bba69e0b-82df5939-21a13bcc'),
('RcyfiqpsXD', '2023-06-19 11:58:53.897000', 'AVAILABLE', '2023-06-19 11:58:53.897000', 41, 'c21543d4-3f2474b3-b8f7484d'),
('RCZ5XyXIHV', '2023-06-19 11:58:55.163000', 'AVAILABLE', '2023-06-19 11:58:55.163000', 16, '61d2f5d8-15400daa-3f1fa87a'),
('rFwbYvCXeW', '2023-06-19 11:58:55.750000', 'AVAILABLE', '2023-06-19 11:58:55.750000', 31, '10dc60e3-8630f0f2-4e69201a'),
('RFYXuIBoN4', '2023-06-19 11:58:57.257000', 'AVAILABLE', '2023-06-19 11:58:57.257000', 131, 'a12c8eec-d852c20a-11213a08'),
('rgB9om2HcD', '2023-06-19 11:58:54.698000', 'AVAILABLE', '2023-06-19 11:58:54.698000', 62, 'ed73b77c-cdda79ae-b32ba801'),
('RgGRWE2tvb', '2023-06-19 11:58:55.059000', 'AVAILABLE', '2023-06-19 11:58:55.059000', 111, '3366b2d8-914c4cdd-dd19921e'),
('RiishilrIp', '2023-06-19 11:58:56.068000', 'AVAILABLE', '2023-06-19 11:58:56.068000', 104, 'd419322a-028817a7-fdfc00b4'),
('RnFBYp8Dpq', '2023-06-19 11:58:56.208000', 'AVAILABLE', '2023-06-19 11:58:56.208000', 18, '719b41d4-07cf3ce5-794cb046'),
('rOgoGlWvr8', '2023-06-19 11:58:59.227000', 'AVAILABLE', '2023-06-19 11:58:59.227000', 39, '681eef78-56f9e7e6-4ad01caf'),
('RPbKLjpO4p', '2023-06-19 11:58:56.253000', 'AVAILABLE', '2023-06-19 11:58:56.253000', 30, '719b41d4-07cf3ce5-794cb046'),
('rqbSUA0KTG', '2023-06-19 11:58:53.980000', 'AVAILABLE', '2023-06-19 11:58:53.980000', 61, 'c21543d4-3f2474b3-b8f7484d'),
('rQjoNQUpm2', '2023-06-19 11:58:58.100000', 'AVAILABLE', '2023-06-19 11:58:58.100000', 6, '6c099fa9-34b6b048-22457468'),
('rqXXN5JefE', '2023-06-19 11:58:56.051000', 'AVAILABLE', '2023-06-19 11:58:56.051000', 99, 'd419322a-028817a7-fdfc00b4'),
('rqYeOPEMO8', '2023-06-19 11:58:55.877000', 'AVAILABLE', '2023-06-19 11:58:55.877000', 138, '25d7d885-39cdc7e1-6aaabf75'),
('Rr32Q22kWh', '2023-06-19 11:58:58.647000', 'AVAILABLE', '2023-06-19 11:58:58.647000', 71, '42334790-513e778b-d54e8923'),
('rU9DU14jCE', '2023-06-19 11:58:57.809000', 'AVAILABLE', '2023-06-19 11:58:57.809000', 70, 'a2698bad-675973aa-182444c2'),
('RUq9lFtgO1', '2023-06-19 11:58:55.730000', 'AVAILABLE', '2023-06-19 11:58:55.730000', 26, '10dc60e3-8630f0f2-4e69201a'),
('rVCQTpYpT7', '2023-06-19 11:58:56.833000', 'AVAILABLE', '2023-06-19 11:58:56.833000', 31, '1253d416-1461a365-45f8c445'),
('rVcUUhE0ST', '2023-06-19 11:58:59.496000', 'AVAILABLE', '2023-06-19 11:58:59.496000', 19, '53343824-597887ef-e43f61be'),
('rVlRi83cQa', '2023-06-19 11:58:56.452000', 'AVAILABLE', '2023-06-19 11:58:56.452000', 79, '9c93fcf6-4ee7aba9-9824ff4d'),
('RVq2GGtkgi', '2023-06-19 11:58:54.334000', 'AVAILABLE', '2023-06-19 11:58:54.334000', 16, '294022bf-3dcd2d6e-26e74c77'),
('rvUNO9VhBu', '2023-06-19 11:58:58.750000', 'AVAILABLE', '2023-06-19 11:58:58.750000', 132, '5682ad59-1c54857b-7b257361'),
('RWwwNwGaRg', '2023-06-19 11:58:55.661000', 'AVAILABLE', '2023-06-19 11:58:55.661000', 9, '10dc60e3-8630f0f2-4e69201a'),
('rXngQ3WtaF', '2023-06-19 11:58:56.883000', 'AVAILABLE', '2023-06-19 11:58:56.883000', 122, '0c591085-01d67658-65dd19df'),
('rYN5jwI2ZH', '2023-06-19 11:58:58.613000', 'AVAILABLE', '2023-06-19 11:58:58.613000', 63, '42334790-513e778b-d54e8923'),
('rZBeqI5Eqz', '2023-06-19 11:58:53.930000', 'AVAILABLE', '2023-06-19 11:58:53.930000', 48, 'c21543d4-3f2474b3-b8f7484d'),
('s4rsDfiJjy', '2023-06-19 11:58:55.355000', 'AVAILABLE', '2023-06-19 11:58:55.355000', 61, '2e9977a7-e5770b06-eacbd3c3'),
('s80yY5GQae', '2023-06-19 11:58:54.977000', 'AVAILABLE', '2023-06-19 11:58:54.977000', 90, '3366b2d8-914c4cdd-dd19921e'),
('s8aoyl7mWu', '2023-06-19 11:58:57.416000', 'AVAILABLE', '2023-06-19 11:58:57.416000', 49, '9ec7e849-190e222e-de378f6a'),
('s8bE8qrd5T', '2023-06-19 11:58:58.817000', 'AVAILABLE', '2023-06-19 11:58:58.817000', 147, '5682ad59-1c54857b-7b257361'),
('SB0slIgooD', '2023-06-19 11:58:54.944000', 'AVAILABLE', '2023-06-19 11:58:54.944000', 81, '3366b2d8-914c4cdd-dd19921e'),
('SCHtlp9nPb', '2023-06-19 11:58:59.336000', 'AVAILABLE', '2023-06-19 11:58:59.336000', 63, '81ac355e-7f992d9d-5cdfd666'),
('SFr5nX2UB1', '2023-06-19 11:58:56.331000', 'AVAILABLE', '2023-06-19 11:58:56.331000', 48, '9c93fcf6-4ee7aba9-9824ff4d'),
('SfwYftJXCP', '2023-06-19 11:58:58.913000', 'AVAILABLE', '2023-06-19 11:58:58.913000', 88, '8ea0f565-e5aa3367-d72511a6'),
('Sh0Y5zz26e', '2023-06-19 11:58:57.314000', 'AVAILABLE', '2023-06-19 11:58:57.314000', 145, 'a12c8eec-d852c20a-11213a08'),
('shrSiV4xof', '2023-06-19 11:58:54.500000', 'AVAILABLE', '2023-06-19 11:58:54.500000', 136, 'bba69e0b-82df5939-21a13bcc'),
('SHX2NJuIdf', '2023-06-19 11:58:54.331000', 'AVAILABLE', '2023-06-19 11:58:54.331000', 15, '294022bf-3dcd2d6e-26e74c77'),
('SHzDxEKQr0', '2023-06-19 11:58:56.662000', 'AVAILABLE', '2023-06-19 11:58:56.662000', 3, '1253d416-1461a365-45f8c445'),
('SIKVVKj0wI', '2023-06-19 11:58:59.006000', 'AVAILABLE', '2023-06-19 11:58:59.006000', 110, '8ea0f565-e5aa3367-d72511a6'),
('Sk8XVBnlli', '2023-06-19 11:58:56.442000', 'AVAILABLE', '2023-06-19 11:58:56.442000', 76, '9c93fcf6-4ee7aba9-9824ff4d'),
('sLYzzim1nI', '2023-06-19 11:58:59.379000', 'AVAILABLE', '2023-06-19 11:58:59.379000', 73, '81ac355e-7f992d9d-5cdfd666'),
('sn5TaQK34r', '2023-06-19 11:58:53.902000', 'AVAILABLE', '2023-06-19 11:58:53.902000', 42, 'c21543d4-3f2474b3-b8f7484d'),
('SOvIgO5f5G', '2023-06-19 11:58:58.769000', 'AVAILABLE', '2023-06-19 11:58:58.769000', 136, '5682ad59-1c54857b-7b257361'),
('Spx5x2WoaP', '2023-06-19 11:58:54.988000', 'AVAILABLE', '2023-06-19 11:58:54.988000', 93, '3366b2d8-914c4cdd-dd19921e'),
('sR8kaMUrHS', '2023-06-19 11:58:56.627000', 'AVAILABLE', '2023-06-19 11:58:56.627000', 118, 'a38986be-920b64bf-147258bc'),
('SRLha3gqJ8', '2023-06-19 11:58:59.041000', 'AVAILABLE', '2023-06-19 11:58:59.041000', 118, '8ea0f565-e5aa3367-d72511a6'),
('SRqJdfhCu0', '2023-06-19 11:58:56.312000', 'AVAILABLE', '2023-06-19 11:58:56.312000', 43, '9c93fcf6-4ee7aba9-9824ff4d'),
('srWSydO762', '2023-06-19 11:58:57.517000', 'AVAILABLE', '2023-06-19 11:58:57.517000', 73, '9ec7e849-190e222e-de378f6a'),
('SsCHqbbee5', '2023-06-19 11:58:58.604000', 'AVAILABLE', '2023-06-19 11:58:58.604000', 61, '42334790-513e778b-d54e8923'),
('SsOdhCmA9t', '2023-06-19 11:58:57.852000', 'AVAILABLE', '2023-06-19 11:58:57.852000', 79, 'a2698bad-675973aa-182444c2'),
('stPQp2qIGF', '2023-06-19 11:58:57.476000', 'AVAILABLE', '2023-06-19 11:58:57.476000', 65, '9ec7e849-190e222e-de378f6a'),
('sXpSRhRLnF', '2023-06-19 11:58:59.536000', 'AVAILABLE', '2023-06-19 11:58:59.536000', 28, '53343824-597887ef-e43f61be'),
('syoHe1QqXz', '2023-06-19 11:58:57.288000', 'AVAILABLE', '2023-06-19 11:58:57.288000', 139, 'a12c8eec-d852c20a-11213a08'),
('syuo1C8PXQ', '2023-06-19 11:58:55.860000', 'AVAILABLE', '2023-06-19 11:58:55.860000', 134, '25d7d885-39cdc7e1-6aaabf75'),
('sYuZG9m9Ut', '2023-06-19 11:58:58.428000', 'AVAILABLE', '2023-06-19 11:58:58.428000', 144, '9b5ee46d-26e93707-d9784912'),
('SZ5XKWsE7z', '2023-06-19 11:58:57.086000', 'AVAILABLE', '2023-06-19 11:58:57.086000', 50, '243863a7-c6674692-e1f80a99'),
('szJCy0XKgY', '2023-06-19 11:58:55.717000', 'AVAILABLE', '2023-06-19 11:58:55.717000', 23, '10dc60e3-8630f0f2-4e69201a'),
('t0qlxZOswf', '2023-06-19 11:58:55.470000', 'AVAILABLE', '2023-06-19 11:58:55.470000', 47, '66bf2624-fb3bb5fa-210bed10'),
('T2aivRs8m2', '2023-06-19 11:58:55.837000', 'AVAILABLE', '2023-06-19 11:58:55.837000', 129, '25d7d885-39cdc7e1-6aaabf75'),
('t3E79CciDy', '2023-06-19 11:58:59.294000', 'AVAILABLE', '2023-06-19 11:58:59.294000', 53, '81ac355e-7f992d9d-5cdfd666'),
('T4HhxeNhT6', '2023-06-19 11:58:59.268000', 'AVAILABLE', '2023-06-19 11:58:59.268000', 47, '81ac355e-7f992d9d-5cdfd666'),
('t8VFAJ0iGC', '2023-06-19 11:58:57.172000', 'AVAILABLE', '2023-06-19 11:58:57.172000', 71, '243863a7-c6674692-e1f80a99'),
('T8zip2gCFf', '2023-06-19 11:58:54.141000', 'AVAILABLE', '2023-06-19 11:58:54.141000', 95, '33c9b15c-f26b7368-dbb825a3'),
('T9z3ARB2HV', '2023-06-19 11:58:54.542000', 'AVAILABLE', '2023-06-19 11:58:54.542000', 147, 'bba69e0b-82df5939-21a13bcc'),
('tab6pi0AAy', '2023-06-19 11:58:56.551000', 'AVAILABLE', '2023-06-19 11:58:56.551000', 100, 'a38986be-920b64bf-147258bc'),
('TAeAsk83WU', '2023-06-19 11:58:56.536000', 'AVAILABLE', '2023-06-19 11:58:56.536000', 96, 'a38986be-920b64bf-147258bc'),
('tbefRpjYEh', '2023-06-19 11:58:55.242000', 'AVAILABLE', '2023-06-19 11:58:55.242000', 37, '61d2f5d8-15400daa-3f1fa87a'),
('tCafjHoSf6', '2023-06-19 11:58:58.717000', 'AVAILABLE', '2023-06-19 11:58:58.717000', 125, '5682ad59-1c54857b-7b257361'),
('tfENObOxsy', '2023-06-19 11:58:58.506000', 'AVAILABLE', '2023-06-19 11:58:58.506000', 160, '9b5ee46d-26e93707-d9784912'),
('tFkuA6v9HG', '2023-06-19 11:58:55.315000', 'AVAILABLE', '2023-06-19 11:58:55.315000', 52, '2e9977a7-e5770b06-eacbd3c3'),
('TILsZzQ3Fp', '2023-06-19 11:58:58.790000', 'AVAILABLE', '2023-06-19 11:58:58.790000', 141, '5682ad59-1c54857b-7b257361'),
('tiqz8RhJx8', '2023-06-19 11:58:59.375000', 'AVAILABLE', '2023-06-19 11:58:59.375000', 72, '81ac355e-7f992d9d-5cdfd666'),
('TjAe1SiFEM', '2023-06-19 11:58:59.532000', 'AVAILABLE', '2023-06-19 11:58:59.532000', 27, '53343824-597887ef-e43f61be'),
('TJkSicWWSO', '2023-06-19 11:58:56.100000', 'AVAILABLE', '2023-06-19 11:58:56.100000', 113, 'd419322a-028817a7-fdfc00b4'),
('tKHAQnkqFx', '2023-06-19 11:58:54.053000', 'AVAILABLE', '2023-06-19 11:58:54.053000', 78, 'c21543d4-3f2474b3-b8f7484d'),
('TkI7AedIkM', '2023-06-19 11:58:58.313000', 'AVAILABLE', '2023-06-19 11:58:58.313000', 125, '9b5ee46d-26e93707-d9784912'),
('TkR951KO9W', '2023-06-19 11:58:57.468000', 'AVAILABLE', '2023-06-19 11:58:57.468000', 63, '9ec7e849-190e222e-de378f6a'),
('tLvnWZ0htL', '2023-06-19 11:58:59.441000', 'AVAILABLE', '2023-06-19 11:58:59.441000', 6, '53343824-597887ef-e43f61be'),
('TnfxhWS9dc', '2023-06-19 11:58:57.115000', 'AVAILABLE', '2023-06-19 11:58:57.115000', 57, '243863a7-c6674692-e1f80a99'),
('to08H1tEMw', '2023-06-19 11:58:58.161000', 'AVAILABLE', '2023-06-19 11:58:58.161000', 18, '6c099fa9-34b6b048-22457468'),
('tOHE1uNYW5', '2023-06-19 11:58:56.071000', 'AVAILABLE', '2023-06-19 11:58:56.071000', 105, 'd419322a-028817a7-fdfc00b4'),
('TOq3eSs0HR', '2023-06-19 11:58:57.276000', 'AVAILABLE', '2023-06-19 11:58:57.276000', 136, 'a12c8eec-d852c20a-11213a08'),
('totdf5o6eB', '2023-06-19 11:58:55.122000', 'AVAILABLE', '2023-06-19 11:58:55.122000', 5, '61d2f5d8-15400daa-3f1fa87a'),
('tP2MLNly7G', '2023-06-19 11:58:57.920000', 'AVAILABLE', '2023-06-19 11:58:57.920000', 91, '00165067-e870465b-45245005'),
('TPbu2Ia7GK', '2023-06-19 11:58:56.445000', 'AVAILABLE', '2023-06-19 11:58:56.445000', 77, '9c93fcf6-4ee7aba9-9824ff4d'),
('Tr5W7Im6jT', '2023-06-19 11:58:56.676000', 'AVAILABLE', '2023-06-19 11:58:56.676000', 6, '1253d416-1461a365-45f8c445'),
('TRK5pA6cK0', '2023-06-19 11:58:57.195000', 'AVAILABLE', '2023-06-19 11:58:57.195000', 77, '243863a7-c6674692-e1f80a99'),
('tSoAgXYLXm', '2023-06-19 11:58:58.993000', 'AVAILABLE', '2023-06-19 11:58:58.993000', 107, '8ea0f565-e5aa3367-d72511a6'),
('TtHCS5NwDK', '2023-06-19 11:58:55.054000', 'AVAILABLE', '2023-06-19 11:58:55.054000', 110, '3366b2d8-914c4cdd-dd19921e'),
('TtZNyGIxN9', '2023-06-19 11:58:59.567000', 'AVAILABLE', '2023-06-19 11:58:59.567000', 35, '53343824-597887ef-e43f61be'),
('TvOFTQ7evy', '2023-06-19 11:58:56.868000', 'AVAILABLE', '2023-06-19 11:58:56.868000', 40, '1253d416-1461a365-45f8c445'),
('TwKlA7oAUS', '2023-06-19 11:58:53.958000', 'AVAILABLE', '2023-06-19 11:58:53.958000', 55, 'c21543d4-3f2474b3-b8f7484d'),
('TwR2bE3SHj', '2023-06-19 11:58:58.838000', 'AVAILABLE', '2023-06-19 11:58:58.838000', 152, '5682ad59-1c54857b-7b257361'),
('tx1d6B6tu7', '2023-06-19 11:58:57.038000', 'AVAILABLE', '2023-06-19 11:58:57.038000', 160, '0c591085-01d67658-65dd19df'),
('Txi4MipS82', '2023-06-19 11:58:54.345000', 'AVAILABLE', '2023-06-19 11:58:54.345000', 19, '294022bf-3dcd2d6e-26e74c77'),
('Txng6n0NHB', '2023-06-19 11:58:55.188000', 'AVAILABLE', '2023-06-19 11:58:55.188000', 23, '61d2f5d8-15400daa-3f1fa87a'),
('tYjqB2lign', '2023-06-19 11:58:56.902000', 'AVAILABLE', '2023-06-19 11:58:56.902000', 127, '0c591085-01d67658-65dd19df'),
('tz7ZBeYF3C', '2023-06-19 11:58:56.528000', 'AVAILABLE', '2023-06-19 11:58:56.528000', 94, 'a38986be-920b64bf-147258bc'),
('TzxiuFRgta', '2023-06-19 11:58:59.147000', 'AVAILABLE', '2023-06-19 11:58:59.147000', 21, '681eef78-56f9e7e6-4ad01caf'),
('TZzJXWm1A2', '2023-06-19 11:58:58.201000', 'AVAILABLE', '2023-06-19 11:58:58.201000', 26, '6c099fa9-34b6b048-22457468'),
('U0nQNGw7AF', '2023-06-19 11:58:55.457000', 'AVAILABLE', '2023-06-19 11:58:55.457000', 44, '66bf2624-fb3bb5fa-210bed10'),
('U15BEvH5dh', '2023-06-19 11:58:55.990000', 'AVAILABLE', '2023-06-19 11:58:55.991000', 83, 'd419322a-028817a7-fdfc00b4'),
('u1GvSvcQUb', '2023-06-19 11:58:56.417000', 'AVAILABLE', '2023-06-19 11:58:56.417000', 70, '9c93fcf6-4ee7aba9-9824ff4d'),
('u5DdswF4gf', '2023-06-19 11:58:56.474000', 'AVAILABLE', '2023-06-19 11:58:56.474000', 82, 'a38986be-920b64bf-147258bc'),
('u6mejXYz1g', '2023-06-19 11:58:55.712000', 'AVAILABLE', '2023-06-19 11:58:55.712000', 22, '10dc60e3-8630f0f2-4e69201a'),
('U7Emh2IfiE', '2023-06-19 11:58:59.049000', 'AVAILABLE', '2023-06-19 11:58:59.049000', 120, '8ea0f565-e5aa3367-d72511a6'),
('u8rPxF6TyQ', '2023-06-19 11:58:58.446000', 'AVAILABLE', '2023-06-19 11:58:58.446000', 147, '9b5ee46d-26e93707-d9784912'),
('U8RqXM1IZj', '2023-06-19 11:58:55.311000', 'AVAILABLE', '2023-06-19 11:58:55.311000', 51, '2e9977a7-e5770b06-eacbd3c3'),
('uA10rgJiNS', '2023-06-19 11:58:55.344000', 'AVAILABLE', '2023-06-19 11:58:55.344000', 58, '2e9977a7-e5770b06-eacbd3c3'),
('Ua37FZPG2r', '2023-06-19 11:58:57.925000', 'AVAILABLE', '2023-06-19 11:58:57.925000', 92, '00165067-e870465b-45245005'),
('uA7ioOMq35', '2023-06-19 11:58:53.907000', 'AVAILABLE', '2023-06-19 11:58:53.907000', 43, 'c21543d4-3f2474b3-b8f7484d'),
('uAffbIAXP8', '2023-06-19 11:58:54.568000', 'AVAILABLE', '2023-06-19 11:58:54.568000', 154, 'bba69e0b-82df5939-21a13bcc'),
('UAXzV9owNi', '2023-06-19 11:58:55.921000', 'AVAILABLE', '2023-06-19 11:58:55.921000', 148, '25d7d885-39cdc7e1-6aaabf75'),
('ubg9azgesw', '2023-06-19 11:58:59.074000', 'AVAILABLE', '2023-06-19 11:58:59.074000', 4, '681eef78-56f9e7e6-4ad01caf'),
('UCuNGQOL5z', '2023-06-19 11:58:56.205000', 'AVAILABLE', '2023-06-19 11:58:56.205000', 17, '719b41d4-07cf3ce5-794cb046'),
('uDOj6s6lsu', '2023-06-19 11:58:55.222000', 'AVAILABLE', '2023-06-19 11:58:55.222000', 32, '61d2f5d8-15400daa-3f1fa87a'),
('UFf93aj6oW', '2023-06-19 11:58:54.670000', 'AVAILABLE', '2023-06-19 11:58:54.670000', 55, 'ed73b77c-cdda79ae-b32ba801'),
('ugrbIJkfSU', '2023-06-19 11:58:56.175000', 'AVAILABLE', '2023-06-19 11:58:56.175000', 9, '719b41d4-07cf3ce5-794cb046'),
('UgTmdj4EBq', '2023-06-19 11:58:58.525000', 'AVAILABLE', '2023-06-19 11:58:58.525000', 43, '42334790-513e778b-d54e8923'),
('uHf1xVCwD5', '2023-06-19 11:58:57.445000', 'AVAILABLE', '2023-06-19 11:58:57.445000', 57, '9ec7e849-190e222e-de378f6a'),
('UIchGukOF1', '2023-06-19 11:58:58.146000', 'AVAILABLE', '2023-06-19 11:58:58.146000', 15, '6c099fa9-34b6b048-22457468'),
('UjV0f9stnV', '2023-06-19 11:58:58.680000', 'AVAILABLE', '2023-06-19 11:58:58.680000', 79, '42334790-513e778b-d54e8923'),
('Uk2MiXlR91', '2023-06-19 11:58:54.400000', 'AVAILABLE', '2023-06-19 11:58:54.400000', 34, '294022bf-3dcd2d6e-26e74c77'),
('umMt2PJwyX', '2023-06-19 11:58:54.318000', 'AVAILABLE', '2023-06-19 11:58:54.318000', 12, '294022bf-3dcd2d6e-26e74c77'),
('umspWfi5vJ', '2023-06-19 11:58:57.234000', 'AVAILABLE', '2023-06-19 11:58:57.234000', 125, 'a12c8eec-d852c20a-11213a08'),
('UmtNGWT7ZJ', '2023-06-19 11:58:53.995000', 'AVAILABLE', '2023-06-19 11:58:53.995000', 65, 'c21543d4-3f2474b3-b8f7484d'),
('UNzQoZyAcF', '2023-06-19 11:58:58.498000', 'AVAILABLE', '2023-06-19 11:58:58.498000', 158, '9b5ee46d-26e93707-d9784912'),
('utUIg5MI13', '2023-06-19 11:58:55.174000', 'AVAILABLE', '2023-06-19 11:58:55.174000', 19, '61d2f5d8-15400daa-3f1fa87a'),
('UU848y39Qr', '2023-06-19 11:58:55.380000', 'AVAILABLE', '2023-06-19 11:58:55.380000', 67, '2e9977a7-e5770b06-eacbd3c3'),
('UwEGlCvdkw', '2023-06-19 11:58:54.031000', 'AVAILABLE', '2023-06-19 11:58:54.031000', 73, 'c21543d4-3f2474b3-b8f7484d'),
('uXZhRmTgt1', '2023-06-19 11:58:54.795000', 'AVAILABLE', '2023-06-19 11:58:54.795000', 124, '49bff82b-5212cbd4-2bb51ab5'),
('uy7YuuN64a', '2023-06-19 11:58:54.411000', 'AVAILABLE', '2023-06-19 11:58:54.411000', 37, '294022bf-3dcd2d6e-26e74c77'),
('uYaXYDPvK0', '2023-06-19 11:58:59.151000', 'AVAILABLE', '2023-06-19 11:58:59.151000', 22, '681eef78-56f9e7e6-4ad01caf'),
('UyB4pihJay', '2023-06-19 11:58:57.007000', 'AVAILABLE', '2023-06-19 11:58:57.007000', 152, '0c591085-01d67658-65dd19df'),
('UYYiJfXeal', '2023-06-19 11:58:59.391000', 'AVAILABLE', '2023-06-19 11:58:59.391000', 76, '81ac355e-7f992d9d-5cdfd666'),
('UzjAYQAr8H', '2023-06-19 11:58:55.384000', 'AVAILABLE', '2023-06-19 11:58:55.384000', 68, '2e9977a7-e5770b06-eacbd3c3'),
('uZZUEj8okE', '2023-06-19 11:58:55.107000', 'AVAILABLE', '2023-06-19 11:58:55.107000', 1, '61d2f5d8-15400daa-3f1fa87a'),
('V0UKmRCgpW', '2023-06-19 11:58:57.079000', 'AVAILABLE', '2023-06-19 11:58:57.079000', 48, '243863a7-c6674692-e1f80a99'),
('v1CZxY9ZRb', '2023-06-19 11:58:57.226000', 'AVAILABLE', '2023-06-19 11:58:57.226000', 123, 'a12c8eec-d852c20a-11213a08'),
('V2eQGWkiwW', '2023-06-19 11:58:55.159000', 'AVAILABLE', '2023-06-19 11:58:55.159000', 15, '61d2f5d8-15400daa-3f1fa87a'),
('V2h8iI26Jl', '2023-06-19 11:58:57.296000', 'AVAILABLE', '2023-06-19 11:58:57.296000', 141, 'a12c8eec-d852c20a-11213a08'),
('v2XBl7enUg', '2023-06-19 11:58:56.245000', 'AVAILABLE', '2023-06-19 11:58:56.245000', 28, '719b41d4-07cf3ce5-794cb046'),
('V7EF4bMJ8e', '2023-06-19 11:58:55.508000', 'AVAILABLE', '2023-06-19 11:58:55.508000', 57, '66bf2624-fb3bb5fa-210bed10'),
('v7pbpV54ak', '2023-06-19 11:58:59.424000', 'AVAILABLE', '2023-06-19 11:58:59.424000', 2, '53343824-597887ef-e43f61be'),
('V8Jsycvbvc', '2023-06-19 11:58:55.608000', 'AVAILABLE', '2023-06-19 11:58:55.608000', 78, '66bf2624-fb3bb5fa-210bed10'),
('v8OhaRVvuk', '2023-06-19 11:58:57.056000', 'AVAILABLE', '2023-06-19 11:58:57.056000', 42, '243863a7-c6674692-e1f80a99'),
('v9DfYjEnrS', '2023-06-19 11:58:55.303000', 'AVAILABLE', '2023-06-19 11:58:55.303000', 49, '2e9977a7-e5770b06-eacbd3c3'),
('vbyHOvQHIk', '2023-06-19 11:58:54.512000', 'AVAILABLE', '2023-06-19 11:58:54.512000', 139, 'bba69e0b-82df5939-21a13bcc'),
('VCj8VH6BtA', '2023-06-19 11:58:56.280000', 'AVAILABLE', '2023-06-19 11:58:56.280000', 37, '719b41d4-07cf3ce5-794cb046'),
('vcleUvQBHC', '2023-06-19 11:58:56.559000', 'AVAILABLE', '2023-06-19 11:58:56.559000', 102, 'a38986be-920b64bf-147258bc'),
('vCpdwVQkcV', '2023-06-19 11:58:57.675000', 'AVAILABLE', '2023-06-19 11:58:57.675000', 53, 'a2698bad-675973aa-182444c2'),
('VcwQTjvfmO', '2023-06-19 11:58:57.246000', 'AVAILABLE', '2023-06-19 11:58:57.246000', 128, 'a12c8eec-d852c20a-11213a08'),
('VDMTKYmSTK', '2023-06-19 11:58:56.979000', 'AVAILABLE', '2023-06-19 11:58:56.979000', 146, '0c591085-01d67658-65dd19df'),
('VeEYSphHOb', '2023-06-19 11:58:56.000000', 'AVAILABLE', '2023-06-19 11:58:56.000000', 86, 'd419322a-028817a7-fdfc00b4'),
('VerhRolodc', '2023-06-19 11:58:54.880000', 'AVAILABLE', '2023-06-19 11:58:54.880000', 147, '49bff82b-5212cbd4-2bb51ab5'),
('vFCb1CpokW', '2023-06-19 11:58:54.488000', 'AVAILABLE', '2023-06-19 11:58:54.488000', 134, 'bba69e0b-82df5939-21a13bcc'),
('vH6EODqheb', '2023-06-19 11:58:57.397000', 'AVAILABLE', '2023-06-19 11:58:57.397000', 44, '9ec7e849-190e222e-de378f6a'),
('VIfCe4TWSw', '2023-06-19 11:58:55.822000', 'AVAILABLE', '2023-06-19 11:58:55.822000', 125, '25d7d885-39cdc7e1-6aaabf75'),
('VInjpSY6Uo', '2023-06-19 11:58:55.152000', 'AVAILABLE', '2023-06-19 11:58:55.152000', 13, '61d2f5d8-15400daa-3f1fa87a'),
('viXyoiZtRF', '2023-06-19 11:58:56.540000', 'AVAILABLE', '2023-06-19 11:58:56.540000', 97, 'a38986be-920b64bf-147258bc'),
('vKD8kMaDr8', '2023-06-19 11:58:54.572000', 'AVAILABLE', '2023-06-19 11:58:54.572000', 155, 'bba69e0b-82df5939-21a13bcc'),
('vkTuRkKCzi', '2023-06-19 11:58:55.111000', 'AVAILABLE', '2023-06-19 11:58:55.111000', 2, '61d2f5d8-15400daa-3f1fa87a'),
('vLClHzoNHH', '2023-06-19 11:58:59.091000', 'AVAILABLE', '2023-06-19 11:58:59.091000', 8, '681eef78-56f9e7e6-4ad01caf'),
('VocR7M8YBd', '2023-06-19 11:58:56.151000', 'AVAILABLE', '2023-06-19 11:58:56.151000', 3, '719b41d4-07cf3ce5-794cb046'),
('VOsTVfw0oq', '2023-06-19 11:58:55.029000', 'AVAILABLE', '2023-06-19 11:58:55.029000', 104, '3366b2d8-914c4cdd-dd19921e'),
('vPDxF5Y57x', '2023-06-19 11:58:58.220000', 'AVAILABLE', '2023-06-19 11:58:58.220000', 30, '6c099fa9-34b6b048-22457468'),
('vPEir7uTDF', '2023-06-19 11:58:58.309000', 'AVAILABLE', '2023-06-19 11:58:58.309000', 124, '9b5ee46d-26e93707-d9784912'),
('vqPxrIpNJn', '2023-06-19 11:58:53.976000', 'AVAILABLE', '2023-06-19 11:58:53.976000', 60, 'c21543d4-3f2474b3-b8f7484d'),
('VQtmNveKuu', '2023-06-19 11:58:54.397000', 'AVAILABLE', '2023-06-19 11:58:54.397000', 33, '294022bf-3dcd2d6e-26e74c77'),
('vqXf91SvKZ', '2023-06-19 11:58:54.992000', 'AVAILABLE', '2023-06-19 11:58:54.992000', 94, '3366b2d8-914c4cdd-dd19921e'),
('VSSSsAcNim', '2023-06-19 11:58:57.230000', 'AVAILABLE', '2023-06-19 11:58:57.230000', 124, 'a12c8eec-d852c20a-11213a08'),
('vsys0VTfRk', '2023-06-19 11:58:57.690000', 'AVAILABLE', '2023-06-19 11:58:57.690000', 55, 'a2698bad-675973aa-182444c2'),
('vtVLng5O1B', '2023-06-19 11:58:55.851000', 'AVAILABLE', '2023-06-19 11:58:55.851000', 132, '25d7d885-39cdc7e1-6aaabf75'),
('VUbntrIBfJ', '2023-06-19 11:58:54.753000', 'AVAILABLE', '2023-06-19 11:58:54.753000', 76, 'ed73b77c-cdda79ae-b32ba801'),
('VuShcZBErS', '2023-06-19 11:58:55.340000', 'AVAILABLE', '2023-06-19 11:58:55.340000', 57, '2e9977a7-e5770b06-eacbd3c3'),
('VV4OIe3Ons', '2023-06-19 11:58:59.383000', 'AVAILABLE', '2023-06-19 11:58:59.383000', 74, '81ac355e-7f992d9d-5cdfd666'),
('vXdH2NckZp', '2023-06-19 11:58:57.064000', 'AVAILABLE', '2023-06-19 11:58:57.064000', 44, '243863a7-c6674692-e1f80a99'),
('VzIUrklpoK', '2023-06-19 11:58:56.234000', 'AVAILABLE', '2023-06-19 11:58:56.234000', 25, '719b41d4-07cf3ce5-794cb046'),
('VZK2SSuNNn', '2023-06-19 11:58:55.615000', 'AVAILABLE', '2023-06-19 11:58:55.615000', 80, '66bf2624-fb3bb5fa-210bed10'),
('W16Rcev2Se', '2023-06-19 11:58:54.656000', 'AVAILABLE', '2023-06-19 11:58:54.656000', 51, 'ed73b77c-cdda79ae-b32ba801'),
('W3jOJDNsne', '2023-06-19 11:58:53.943000', 'AVAILABLE', '2023-06-19 11:58:53.943000', 51, 'c21543d4-3f2474b3-b8f7484d'),
('w7xkZlHoyn', '2023-06-19 11:58:54.716000', 'AVAILABLE', '2023-06-19 11:58:54.716000', 67, 'ed73b77c-cdda79ae-b32ba801'),
('w8rxQbpAFH', '2023-06-19 11:58:58.985000', 'AVAILABLE', '2023-06-19 11:58:58.985000', 105, '8ea0f565-e5aa3367-d72511a6'),
('w9Jip7dNFe', '2023-06-19 11:58:58.496000', 'AVAILABLE', '2023-06-19 11:58:58.496000', 157, '9b5ee46d-26e93707-d9784912'),
('Wba95E0abx', '2023-06-19 11:58:54.161000', 'AVAILABLE', '2023-06-19 11:58:54.161000', 100, '33c9b15c-f26b7368-dbb825a3'),
('WBrWXbjrKN', '2023-06-19 11:58:59.164000', 'AVAILABLE', '2023-06-19 11:58:59.164000', 25, '681eef78-56f9e7e6-4ad01caf'),
('WeaJ5LHrmT', '2023-06-19 11:58:54.914000', 'AVAILABLE', '2023-06-19 11:58:54.914000', 156, '49bff82b-5212cbd4-2bb51ab5'),
('WeEOLEyXgT', '2023-06-19 11:58:55.063000', 'AVAILABLE', '2023-06-19 11:58:55.063000', 112, '3366b2d8-914c4cdd-dd19921e'),
('weI97kEhvP', '2023-06-19 11:58:55.898000', 'AVAILABLE', '2023-06-19 11:58:55.898000', 142, '25d7d885-39cdc7e1-6aaabf75'),
('Weyeo8nmLy', '2023-06-19 11:58:56.757000', 'AVAILABLE', '2023-06-19 11:58:56.757000', 24, '1253d416-1461a365-45f8c445'),
('wfCAUXijAy', '2023-06-19 11:58:58.850000', 'AVAILABLE', '2023-06-19 11:58:58.850000', 155, '5682ad59-1c54857b-7b257361'),
('wfisdaDRFA', '2023-06-19 11:58:59.190000', 'AVAILABLE', '2023-06-19 11:58:59.190000', 31, '681eef78-56f9e7e6-4ad01caf'),
('WGfW2UwflM', '2023-06-19 11:58:54.235000', 'AVAILABLE', '2023-06-19 11:58:54.235000', 117, '33c9b15c-f26b7368-dbb825a3'),
('wgrZE9D8UO', '2023-06-19 11:58:54.293000', 'AVAILABLE', '2023-06-19 11:58:54.293000', 6, '294022bf-3dcd2d6e-26e74c77'),
('wh03IKZI1U', '2023-06-19 11:58:58.581000', 'AVAILABLE', '2023-06-19 11:58:58.581000', 56, '42334790-513e778b-d54e8923'),
('wHlRm3vUNc', '2023-06-19 11:58:56.513000', 'AVAILABLE', '2023-06-19 11:58:56.513000', 90, 'a38986be-920b64bf-147258bc'),
('WhR86Vvj7b', '2023-06-19 11:58:54.538000', 'AVAILABLE', '2023-06-19 11:58:54.538000', 146, 'bba69e0b-82df5939-21a13bcc'),
('WJ50qrRynT', '2023-06-19 11:58:55.185000', 'AVAILABLE', '2023-06-19 11:58:55.185000', 22, '61d2f5d8-15400daa-3f1fa87a'),
('Wl7TNW1LNs', '2023-06-19 11:58:56.761000', 'AVAILABLE', '2023-06-19 11:58:56.761000', 25, '1253d416-1461a365-45f8c445'),
('wLJSELAKdj', '2023-06-19 11:58:54.768000', 'AVAILABLE', '2023-06-19 11:58:54.768000', 80, 'ed73b77c-cdda79ae-b32ba801'),
('WLYN4eYiil', '2023-06-19 11:58:54.660000', 'AVAILABLE', '2023-06-19 11:58:54.660000', 52, 'ed73b77c-cdda79ae-b32ba801'),
('wQawtrOO6x', '2023-06-19 11:58:55.644000', 'AVAILABLE', '2023-06-19 11:58:55.644000', 4, '10dc60e3-8630f0f2-4e69201a'),
('wr4zZZqKfn', '2023-06-19 11:58:55.762000', 'AVAILABLE', '2023-06-19 11:58:55.762000', 34, '10dc60e3-8630f0f2-4e69201a'),
('wRDMGKvZ4t', '2023-06-19 11:58:59.298000', 'AVAILABLE', '2023-06-19 11:58:59.298000', 54, '81ac355e-7f992d9d-5cdfd666'),
('WRRAEpapSj', '2023-06-19 11:58:58.365000', 'AVAILABLE', '2023-06-19 11:58:58.365000', 134, '9b5ee46d-26e93707-d9784912'),
('wRt00T7Pnu', '2023-06-19 11:58:59.264000', 'AVAILABLE', '2023-06-19 11:58:59.264000', 46, '81ac355e-7f992d9d-5cdfd666'),
('WryrgSQMqy', '2023-06-19 11:58:58.522000', 'AVAILABLE', '2023-06-19 11:58:58.522000', 42, '42334790-513e778b-d54e8923'),
('wsOseIhR3M', '2023-06-19 11:58:59.332000', 'AVAILABLE', '2023-06-19 11:58:59.332000', 62, '81ac355e-7f992d9d-5cdfd666'),
('wT2TtuuVqX', '2023-06-19 11:58:57.015000', 'AVAILABLE', '2023-06-19 11:58:57.015000', 154, '0c591085-01d67658-65dd19df'),
('WTBPPFGm1l', '2023-06-19 11:58:54.404000', 'AVAILABLE', '2023-06-19 11:58:54.404000', 35, '294022bf-3dcd2d6e-26e74c77'),
('WTeMVpSgdX', '2023-06-19 11:58:59.307000', 'AVAILABLE', '2023-06-19 11:58:59.307000', 56, '81ac355e-7f992d9d-5cdfd666'),
('wTipr6DUjp', '2023-06-19 11:58:55.913000', 'AVAILABLE', '2023-06-19 11:58:55.914000', 146, '25d7d885-39cdc7e1-6aaabf75'),
('wtkuxl28sD', '2023-06-19 11:58:56.146000', 'AVAILABLE', '2023-06-19 11:58:56.146000', 2, '719b41d4-07cf3ce5-794cb046'),
('wTyoUYWyXo', '2023-06-19 11:58:55.014000', 'AVAILABLE', '2023-06-19 11:58:55.014000', 100, '3366b2d8-914c4cdd-dd19921e'),
('WugKy9UTgY', '2023-06-19 11:58:55.022000', 'AVAILABLE', '2023-06-19 11:58:55.022000', 102, '3366b2d8-914c4cdd-dd19921e'),
('wUOgmJJ6Rn', '2023-06-19 11:58:57.938000', 'AVAILABLE', '2023-06-19 11:58:57.938000', 95, '00165067-e870465b-45245005'),
('wVmTKie3yo', '2023-06-19 11:58:57.280000', 'AVAILABLE', '2023-06-19 11:58:57.280000', 137, 'a12c8eec-d852c20a-11213a08'),
('WWIU61qzqR', '2023-06-19 11:58:57.219000', 'AVAILABLE', '2023-06-19 11:58:57.219000', 121, 'a12c8eec-d852c20a-11213a08'),
('wx6GrUp7aS', '2023-06-19 11:58:57.126000', 'AVAILABLE', '2023-06-19 11:58:57.126000', 60, '243863a7-c6674692-e1f80a99'),
('WxvrqvVjpb', '2023-06-19 11:58:54.798000', 'AVAILABLE', '2023-06-19 11:58:54.798000', 125, '49bff82b-5212cbd4-2bb51ab5'),
('WyQxAYU5JR', '2023-06-19 11:58:55.432000', 'AVAILABLE', '2023-06-19 11:58:55.432000', 80, '2e9977a7-e5770b06-eacbd3c3'),
('WYvJMYTWkF', '2023-06-19 11:58:57.435000', 'AVAILABLE', '2023-06-19 11:58:57.435000', 54, '9ec7e849-190e222e-de378f6a'),
('wYXucYJbt8', '2023-06-19 11:58:55.590000', 'AVAILABLE', '2023-06-19 11:58:55.590000', 74, '66bf2624-fb3bb5fa-210bed10'),
('x2OTCWFCBy', '2023-06-19 11:58:59.509000', 'AVAILABLE', '2023-06-19 11:58:59.509000', 22, '53343824-597887ef-e43f61be'),
('x4Hi5u6e1o', '2023-06-19 11:58:55.181000', 'AVAILABLE', '2023-06-19 11:58:55.181000', 21, '61d2f5d8-15400daa-3f1fa87a'),
('x4kAsTtrAS', '2023-06-19 11:58:56.431000', 'AVAILABLE', '2023-06-19 11:58:56.431000', 73, '9c93fcf6-4ee7aba9-9824ff4d'),
('X5la23Pv64', '2023-06-19 11:58:58.409000', 'AVAILABLE', '2023-06-19 11:58:58.409000', 141, '9b5ee46d-26e93707-d9784912'),
('x8jTLW8QTV', '2023-06-19 11:58:54.816000', 'AVAILABLE', '2023-06-19 11:58:54.816000', 130, '49bff82b-5212cbd4-2bb51ab5'),
('X9e7UIRGsI', '2023-06-19 11:58:59.255000', 'AVAILABLE', '2023-06-19 11:58:59.255000', 44, '81ac355e-7f992d9d-5cdfd666'),
('x9GeUYxosW', '2023-06-19 11:58:56.917000', 'AVAILABLE', '2023-06-19 11:58:56.917000', 131, '0c591085-01d67658-65dd19df'),
('xARbTS4L0P', '2023-06-19 11:58:54.010000', 'AVAILABLE', '2023-06-19 11:58:54.010000', 68, 'c21543d4-3f2474b3-b8f7484d'),
('Xb6YkvAGen', '2023-06-19 11:58:59.371000', 'AVAILABLE', '2023-06-19 11:58:59.371000', 71, '81ac355e-7f992d9d-5cdfd666'),
('xblqLQDaOE', '2023-06-19 11:58:56.488000', 'AVAILABLE', '2023-06-19 11:58:56.488000', 86, 'a38986be-920b64bf-147258bc'),
('xCKxTYyN6e', '2023-06-19 11:58:59.541000', 'AVAILABLE', '2023-06-19 11:58:59.541000', 29, '53343824-597887ef-e43f61be'),
('xCNofHaftv', '2023-06-19 11:58:54.667000', 'AVAILABLE', '2023-06-19 11:58:54.667000', 54, 'ed73b77c-cdda79ae-b32ba801'),
('XCtb5J7flx', '2023-06-19 11:58:54.223000', 'AVAILABLE', '2023-06-19 11:58:54.223000', 114, '33c9b15c-f26b7368-dbb825a3'),
('xeRQ9UyNTG', '2023-06-19 11:58:58.333000', 'AVAILABLE', '2023-06-19 11:58:58.333000', 128, '9b5ee46d-26e93707-d9784912'),
('XFK6YBeS0n', '2023-06-19 11:58:56.264000', 'AVAILABLE', '2023-06-19 11:58:56.264000', 33, '719b41d4-07cf3ce5-794cb046'),
('xfLqt6Uv3i', '2023-06-19 11:58:58.859000', 'AVAILABLE', '2023-06-19 11:58:58.859000', 157, '5682ad59-1c54857b-7b257361'),
('XJk8qvOcNQ', '2023-06-19 11:58:56.166000', 'AVAILABLE', '2023-06-19 11:58:56.166000', 7, '719b41d4-07cf3ce5-794cb046'),
('xkSert4RAE', '2023-06-19 11:58:57.075000', 'AVAILABLE', '2023-06-19 11:58:57.075000', 47, '243863a7-c6674692-e1f80a99'),
('Xl27HthJmm', '2023-06-19 11:58:56.261000', 'AVAILABLE', '2023-06-19 11:58:56.261000', 32, '719b41d4-07cf3ce5-794cb046'),
('xLalfaWFJ4', '2023-06-19 11:58:58.884000', 'AVAILABLE', '2023-06-19 11:58:58.884000', 81, '8ea0f565-e5aa3367-d72511a6'),
('xLZuNCaQCe', '2023-06-19 11:58:54.618000', 'AVAILABLE', '2023-06-19 11:58:54.618000', 42, 'ed73b77c-cdda79ae-b32ba801'),
('xm0AcP5vio', '2023-06-19 11:58:54.677000', 'AVAILABLE', '2023-06-19 11:58:54.677000', 57, 'ed73b77c-cdda79ae-b32ba801'),
('xNM1y3MDqR', '2023-06-19 11:58:56.028000', 'AVAILABLE', '2023-06-19 11:58:56.028000', 93, 'd419322a-028817a7-fdfc00b4'),
('XpF8R40WAj', '2023-06-19 11:58:57.149000', 'AVAILABLE', '2023-06-19 11:58:57.149000', 66, '243863a7-c6674692-e1f80a99'),
('xr5hWv6PRS', '2023-06-19 11:58:56.895000', 'AVAILABLE', '2023-06-19 11:58:56.895000', 125, '0c591085-01d67658-65dd19df'),
('xroksJaHn1', '2023-06-19 11:58:54.389000', 'AVAILABLE', '2023-06-19 11:58:54.389000', 31, '294022bf-3dcd2d6e-26e74c77'),
('XSg1C0JZmv', '2023-06-19 11:58:56.142000', 'AVAILABLE', '2023-06-19 11:58:56.142000', 1, '719b41d4-07cf3ce5-794cb046'),
('XTlJGQJdui', '2023-06-19 11:58:55.352000', 'AVAILABLE', '2023-06-19 11:58:55.352000', 60, '2e9977a7-e5770b06-eacbd3c3'),
('xTqVQYvNf0', '2023-06-19 11:58:58.908000', 'AVAILABLE', '2023-06-19 11:58:58.908000', 87, '8ea0f565-e5aa3367-d72511a6'),
('XU3JTWTxAj', '2023-06-19 11:58:58.942000', 'AVAILABLE', '2023-06-19 11:58:58.942000', 95, '8ea0f565-e5aa3367-d72511a6'),
('Xwan4Inbdl', '2023-06-19 11:58:55.115000', 'AVAILABLE', '2023-06-19 11:58:55.115000', 3, '61d2f5d8-15400daa-3f1fa87a'),
('XWMHwtbSAv', '2023-06-19 11:58:55.071000', 'AVAILABLE', '2023-06-19 11:58:55.071000', 114, '3366b2d8-914c4cdd-dd19921e'),
('XX01izGiw7', '2023-06-19 11:58:54.899000', 'AVAILABLE', '2023-06-19 11:58:54.899000', 152, '49bff82b-5212cbd4-2bb51ab5'),
('xXS7YBpkEh', '2023-06-19 11:58:55.279000', 'AVAILABLE', '2023-06-19 11:58:55.279000', 43, '2e9977a7-e5770b06-eacbd3c3'),
('xxX60xxEK6', '2023-06-19 11:58:58.705000', 'AVAILABLE', '2023-06-19 11:58:58.705000', 122, '5682ad59-1c54857b-7b257361'),
('xyDNiBf8wW', '2023-06-19 11:58:58.892000', 'AVAILABLE', '2023-06-19 11:58:58.892000', 83, '8ea0f565-e5aa3367-d72511a6'),
('xYeidZ3nD5', '2023-06-19 11:58:58.871000', 'AVAILABLE', '2023-06-19 11:58:58.871000', 160, '5682ad59-1c54857b-7b257361'),
('XyTgj58ebI', '2023-06-19 11:58:54.000000', 'AVAILABLE', '2023-06-19 11:58:54.000000', 66, 'c21543d4-3f2474b3-b8f7484d'),
('xYx84PxoSs', '2023-06-19 11:58:57.834000', 'AVAILABLE', '2023-06-19 11:58:57.834000', 75, 'a2698bad-675973aa-182444c2'),
('y2tS70zDgW', '2023-06-19 11:58:54.686000', 'AVAILABLE', '2023-06-19 11:58:54.686000', 59, 'ed73b77c-cdda79ae-b32ba801'),
('y3i34dDHSm', '2023-06-19 11:58:54.504000', 'AVAILABLE', '2023-06-19 11:58:54.504000', 137, 'bba69e0b-82df5939-21a13bcc'),
('Y446Mi829D', '2023-06-19 11:58:56.390000', 'AVAILABLE', '2023-06-19 11:58:56.390000', 63, '9c93fcf6-4ee7aba9-9824ff4d'),
('Y4ki5b3y40', '2023-06-19 11:58:54.622000', 'AVAILABLE', '2023-06-19 11:58:54.622000', 43, 'ed73b77c-cdda79ae-b32ba801'),
('y4y1IB1tBx', '2023-06-19 11:58:54.838000', 'AVAILABLE', '2023-06-19 11:58:54.838000', 136, '49bff82b-5212cbd4-2bb51ab5'),
('Y54GMexNmW', '2023-06-19 11:58:55.192000', 'AVAILABLE', '2023-06-19 11:58:55.192000', 24, '61d2f5d8-15400daa-3f1fa87a'),
('Y6ruLFRRZ6', '2023-06-19 11:58:58.460000', 'AVAILABLE', '2023-06-19 11:58:58.460000', 149, '9b5ee46d-26e93707-d9784912'),
('Ya2fUnjSwT', '2023-06-19 11:58:58.303000', 'AVAILABLE', '2023-06-19 11:58:58.303000', 123, '9b5ee46d-26e93707-d9784912'),
('ya4Tf1tQYa', '2023-06-19 11:58:57.202000', 'AVAILABLE', '2023-06-19 11:58:57.202000', 79, '243863a7-c6674692-e1f80a99'),
('yaHq45IiCq', '2023-06-19 11:58:59.029000', 'AVAILABLE', '2023-06-19 11:58:59.029000', 115, '8ea0f565-e5aa3367-d72511a6'),
('YaKJkDIGgY', '2023-06-19 11:58:57.438000', 'AVAILABLE', '2023-06-19 11:58:57.438000', 55, '9ec7e849-190e222e-de378f6a'),
('yAKpGoSIjF', '2023-06-19 11:58:57.459000', 'AVAILABLE', '2023-06-19 11:58:57.459000', 61, '9ec7e849-190e222e-de378f6a'),
('yAmCQe0fIE', '2023-06-19 11:58:54.210000', 'AVAILABLE', '2023-06-19 11:58:54.210000', 111, '33c9b15c-f26b7368-dbb825a3'),
('yaY06a1cJj', '2023-06-19 11:58:58.830000', 'AVAILABLE', '2023-06-19 11:58:58.830000', 150, '5682ad59-1c54857b-7b257361'),
('yBWtZh5ehl', '2023-06-19 11:58:57.510000', 'AVAILABLE', '2023-06-19 11:58:57.510000', 72, '9ec7e849-190e222e-de378f6a'),
('YCA3ZWVWxd', '2023-06-19 11:58:59.491000', 'AVAILABLE', '2023-06-19 11:58:59.491000', 18, '53343824-597887ef-e43f61be'),
('ycD5SrdFH9', '2023-06-19 11:58:53.992000', 'AVAILABLE', '2023-06-19 11:58:53.992000', 64, 'c21543d4-3f2474b3-b8f7484d'),
('YciwdeySFx', '2023-06-19 11:58:58.822000', 'AVAILABLE', '2023-06-19 11:58:58.822000', 148, '5682ad59-1c54857b-7b257361'),
('Ycwt7XHk5t', '2023-06-19 11:58:58.518000', 'AVAILABLE', '2023-06-19 11:58:58.518000', 41, '42334790-513e778b-d54e8923'),
('yEjlCRC9o7', '2023-06-19 11:58:57.449000', 'AVAILABLE', '2023-06-19 11:58:57.449000', 58, '9ec7e849-190e222e-de378f6a'),
('yeV4gfWs0L', '2023-06-19 11:58:58.834000', 'AVAILABLE', '2023-06-19 11:58:58.834000', 151, '5682ad59-1c54857b-7b257361'),
('yF0jz88Ggl', '2023-06-19 11:58:56.624000', 'AVAILABLE', '2023-06-19 11:58:56.624000', 117, 'a38986be-920b64bf-147258bc'),
('yFdcdC3AQt', '2023-06-19 11:58:56.343000', 'AVAILABLE', '2023-06-19 11:58:56.343000', 51, '9c93fcf6-4ee7aba9-9824ff4d'),
('yGf5x2L3Ec', '2023-06-19 11:58:57.742000', 'AVAILABLE', '2023-06-19 11:58:57.742000', 61, 'a2698bad-675973aa-182444c2'),
('yGrdv6mrty', '2023-06-19 11:58:58.350000', 'AVAILABLE', '2023-06-19 11:58:58.350000', 131, '9b5ee46d-26e93707-d9784912'),
('yH0ZPNPOdH', '2023-06-19 11:58:55.964000', 'AVAILABLE', '2023-06-19 11:58:55.964000', 159, '25d7d885-39cdc7e1-6aaabf75'),
('yI2UgrheJl', '2023-06-19 11:58:58.452000', 'AVAILABLE', '2023-06-19 11:58:58.452000', 148, '9b5ee46d-26e93707-d9784912'),
('YihIt7wQgs', '2023-06-19 11:58:57.464000', 'AVAILABLE', '2023-06-19 11:58:57.464000', 62, '9ec7e849-190e222e-de378f6a'),
('YjMXGDgLAK', '2023-06-19 11:58:56.562000', 'AVAILABLE', '2023-06-19 11:58:56.562000', 103, 'a38986be-920b64bf-147258bc'),
('yjVgvwmKJj', '2023-06-19 11:58:57.027000', 'AVAILABLE', '2023-06-19 11:58:57.027000', 157, '0c591085-01d67658-65dd19df'),
('yki2aNCaaB', '2023-06-19 11:58:57.653000', 'AVAILABLE', '2023-06-19 11:58:57.653000', 50, 'a2698bad-675973aa-182444c2'),
('ykXOTKH9Na', '2023-06-19 11:58:56.201000', 'AVAILABLE', '2023-06-19 11:58:56.201000', 16, '719b41d4-07cf3ce5-794cb046'),
('yl9aHxW38C', '2023-06-19 11:58:59.462000', 'AVAILABLE', '2023-06-19 11:58:59.462000', 11, '53343824-597887ef-e43f61be'),
('YLA1rh8Uzh', '2023-06-19 11:58:54.524000', 'AVAILABLE', '2023-06-19 11:58:54.524000', 142, 'bba69e0b-82df5939-21a13bcc'),
('yMwxrkyRNz', '2023-06-19 11:58:56.993000', 'AVAILABLE', '2023-06-19 11:58:56.993000', 149, '0c591085-01d67658-65dd19df'),
('ynKCAHzumT', '2023-06-19 11:58:58.247000', 'AVAILABLE', '2023-06-19 11:58:58.247000', 35, '6c099fa9-34b6b048-22457468'),
('YNwLxF25kE', '2023-06-19 11:58:57.989000', 'AVAILABLE', '2023-06-19 11:58:57.989000', 106, '00165067-e870465b-45245005'),
('YOB2EMmoN9', '2023-06-19 11:58:56.339000', 'AVAILABLE', '2023-06-19 11:58:56.339000', 50, '9c93fcf6-4ee7aba9-9824ff4d'),
('YPfE8zzwEo', '2023-06-19 11:58:54.279000', 'AVAILABLE', '2023-06-19 11:58:54.279000', 3, '294022bf-3dcd2d6e-26e74c77'),
('YPUiTHJgXB', '2023-06-19 11:58:56.096000', 'AVAILABLE', '2023-06-19 11:58:56.096000', 112, 'd419322a-028817a7-fdfc00b4'),
('YPwX8moiYS', '2023-06-19 11:58:59.518000', 'AVAILABLE', '2023-06-19 11:58:59.518000', 24, '53343824-597887ef-e43f61be'),
('YPZW6bdFId', '2023-06-19 11:58:57.956000', 'AVAILABLE', '2023-06-19 11:58:57.956000', 99, '00165067-e870465b-45245005'),
('yraMAUTEev', '2023-06-19 11:58:54.095000', 'AVAILABLE', '2023-06-19 11:58:54.095000', 84, '33c9b15c-f26b7368-dbb825a3'),
('YrtjJovpB7', '2023-06-19 11:58:57.442000', 'AVAILABLE', '2023-06-19 11:58:57.442000', 56, '9ec7e849-190e222e-de378f6a'),
('yS8E8ELllK', '2023-06-19 11:58:54.367000', 'AVAILABLE', '2023-06-19 11:58:54.367000', 25, '294022bf-3dcd2d6e-26e74c77'),
('YS8uurl1Vr', '2023-06-19 11:58:59.572000', 'AVAILABLE', '2023-06-19 11:58:59.572000', 36, '53343824-597887ef-e43f61be'),
('YsW2iVXJdM', '2023-06-19 11:58:57.156000', 'AVAILABLE', '2023-06-19 11:58:57.156000', 67, '243863a7-c6674692-e1f80a99'),
('yTx6EIpaN0', '2023-06-19 11:58:59.320000', 'AVAILABLE', '2023-06-19 11:58:59.320000', 59, '81ac355e-7f992d9d-5cdfd666'),
('yUVsUbKYlg', '2023-06-19 11:58:57.300000', 'AVAILABLE', '2023-06-19 11:58:57.300000', 142, 'a12c8eec-d852c20a-11213a08'),
('YuvubcNn4Z', '2023-06-19 11:58:58.917000', 'AVAILABLE', '2023-06-19 11:58:58.917000', 89, '8ea0f565-e5aa3367-d72511a6'),
('YvIavLUm7C', '2023-06-19 11:58:59.528000', 'AVAILABLE', '2023-06-19 11:58:59.528000', 26, '53343824-597887ef-e43f61be'),
('yWUQLBpmYz', '2023-06-19 11:58:59.403000', 'AVAILABLE', '2023-06-19 11:58:59.403000', 79, '81ac355e-7f992d9d-5cdfd666'),
('YXYUMBl6Su', '2023-06-19 11:58:58.528000', 'AVAILABLE', '2023-06-19 11:58:58.528000', 44, '42334790-513e778b-d54e8923'),
('YyBS3AgSOO', '2023-06-19 11:58:57.238000', 'AVAILABLE', '2023-06-19 11:58:57.238000', 126, 'a12c8eec-d852c20a-11213a08'),
('YzA8Ra1deE', '2023-06-19 11:58:56.123000', 'AVAILABLE', '2023-06-19 11:58:56.123000', 119, 'd419322a-028817a7-fdfc00b4'),
('yZKyuHXBni', '2023-06-19 11:58:56.547000', 'AVAILABLE', '2023-06-19 11:58:56.547000', 99, 'a38986be-920b64bf-147258bc'),
('z089iAKDi2', '2023-06-19 11:58:58.226000', 'AVAILABLE', '2023-06-19 11:58:58.226000', 31, '6c099fa9-34b6b048-22457468'),
('Z0D4zMuQUb', '2023-06-19 11:58:57.803000', 'AVAILABLE', '2023-06-19 11:58:57.803000', 69, 'a2698bad-675973aa-182444c2'),
('Z1dwG14jhM', '2023-06-19 11:58:57.133000', 'AVAILABLE', '2023-06-19 11:58:57.133000', 62, '243863a7-c6674692-e1f80a99'),
('Z27FDMzq6o', '2023-06-19 11:58:57.820000', 'AVAILABLE', '2023-06-19 11:58:57.820000', 72, 'a2698bad-675973aa-182444c2'),
('z4aCorBEUU', '2023-06-19 11:58:54.021000', 'AVAILABLE', '2023-06-19 11:58:54.021000', 71, 'c21543d4-3f2474b3-b8f7484d'),
('Z7crhOHGjb', '2023-06-19 11:58:58.841000', 'AVAILABLE', '2023-06-19 11:58:58.841000', 153, '5682ad59-1c54857b-7b257361'),
('z8YGrwLGoN', '2023-06-19 11:58:56.438000', 'AVAILABLE', '2023-06-19 11:58:56.438000', 75, '9c93fcf6-4ee7aba9-9824ff4d'),
('ZAmgXBXqtn', '2023-06-19 11:58:59.194000', 'AVAILABLE', '2023-06-19 11:58:59.194000', 32, '681eef78-56f9e7e6-4ad01caf'),
('Zbb2puohVs', '2023-06-19 11:58:54.289000', 'AVAILABLE', '2023-06-19 11:58:54.289000', 5, '294022bf-3dcd2d6e-26e74c77'),
('zBRRRktbJ0', '2023-06-19 11:58:57.386000', 'AVAILABLE', '2023-06-19 11:58:57.386000', 41, '9ec7e849-190e222e-de378f6a'),
('ZF0dPwueFC', '2023-06-19 11:58:55.997000', 'AVAILABLE', '2023-06-19 11:58:55.997000', 85, 'd419322a-028817a7-fdfc00b4'),
('ZFOXciSIXF', '2023-06-19 11:58:56.846000', 'AVAILABLE', '2023-06-19 11:58:56.846000', 34, '1253d416-1461a365-45f8c445'),
('Zg0Zc5V2QU', '2023-06-19 11:58:54.357000', 'AVAILABLE', '2023-06-19 11:58:54.357000', 22, '294022bf-3dcd2d6e-26e74c77'),
('zGaY4VZd6l', '2023-06-19 11:58:57.264000', 'AVAILABLE', '2023-06-19 11:58:57.264000', 133, 'a12c8eec-d852c20a-11213a08'),
('zJ7iXQV2J2', '2023-06-19 11:58:55.709000', 'AVAILABLE', '2023-06-19 11:58:55.709000', 21, '10dc60e3-8630f0f2-4e69201a'),
('zlidTmGgAj', '2023-06-19 11:58:56.974000', 'AVAILABLE', '2023-06-19 11:58:56.974000', 145, '0c591085-01d67658-65dd19df'),
('ZmAEAJZJos', '2023-06-19 11:58:58.386000', 'AVAILABLE', '2023-06-19 11:58:58.386000', 138, '9b5ee46d-26e93707-d9784912'),
('zmH5UD39F6', '2023-06-19 11:58:55.367000', 'AVAILABLE', '2023-06-19 11:58:55.367000', 64, '2e9977a7-e5770b06-eacbd3c3'),
('ZmVefsXOKr', '2023-06-19 11:58:56.119000', 'AVAILABLE', '2023-06-19 11:58:56.119000', 118, 'd419322a-028817a7-fdfc00b4'),
('ZmZ25csIeQ', '2023-06-19 11:58:55.400000', 'AVAILABLE', '2023-06-19 11:58:55.400000', 72, '2e9977a7-e5770b06-eacbd3c3'),
('ZokQE8tqhs', '2023-06-19 11:58:55.668000', 'AVAILABLE', '2023-06-19 11:58:55.668000', 11, '10dc60e3-8630f0f2-4e69201a'),
('Zp60miKZcJ', '2023-06-19 11:58:57.431000', 'AVAILABLE', '2023-06-19 11:58:57.431000', 53, '9ec7e849-190e222e-de378f6a'),
('zPqhPafHx2', '2023-06-19 11:58:57.052000', 'AVAILABLE', '2023-06-19 11:58:57.052000', 41, '243863a7-c6674692-e1f80a99'),
('zQ4wHCFUeS', '2023-06-19 11:58:56.750000', 'AVAILABLE', '2023-06-19 11:58:56.750000', 22, '1253d416-1461a365-45f8c445'),
('Zq6RJxFDwQ', '2023-06-19 11:58:58.532000', 'AVAILABLE', '2023-06-19 11:58:58.532000', 45, '42334790-513e778b-d54e8923'),
('ZqcOcBg9B9', '2023-06-19 11:58:55.539000', 'AVAILABLE', '2023-06-19 11:58:55.539000', 62, '66bf2624-fb3bb5fa-210bed10'),
('ZQHoS5n8Un', '2023-06-19 11:58:56.187000', 'AVAILABLE', '2023-06-19 11:58:56.187000', 12, '719b41d4-07cf3ce5-794cb046'),
('Zt2yJ9ada9', '2023-06-19 11:58:56.524000', 'AVAILABLE', '2023-06-19 11:58:56.524000', 93, 'a38986be-920b64bf-147258bc'),
('zTfGqrxwKQ', '2023-06-19 11:58:58.344000', 'AVAILABLE', '2023-06-19 11:58:58.344000', 130, '9b5ee46d-26e93707-d9784912'),
('ztMZ6tHk2M', '2023-06-19 11:58:55.549000', 'AVAILABLE', '2023-06-19 11:58:55.549000', 64, '66bf2624-fb3bb5fa-210bed10'),
('ZTn14Ga0HI', '2023-06-19 11:58:59.361000', 'AVAILABLE', '2023-06-19 11:58:59.361000', 69, '81ac355e-7f992d9d-5cdfd666'),
('ZU2rzafatf', '2023-06-19 11:58:59.133000', 'AVAILABLE', '2023-06-19 11:58:59.133000', 18, '681eef78-56f9e7e6-4ad01caf');
INSERT INTO `show_seat` (`id`, `create_at`, `status`, `update_at`, `cinema_seat_id`, `show_id`) VALUES
('ZUAsrvgB8X', '2023-06-19 11:58:57.895000', 'AVAILABLE', '2023-06-19 11:58:57.895000', 86, '00165067-e870465b-45245005'),
('ZVkDTQAPIl', '2023-06-19 11:58:54.528000', 'AVAILABLE', '2023-06-19 11:58:54.528000', 143, 'bba69e0b-82df5939-21a13bcc'),
('ZVOMcC2lND', '2023-06-19 11:58:57.183000', 'AVAILABLE', '2023-06-19 11:58:57.183000', 74, '243863a7-c6674692-e1f80a99'),
('ZxNGPA9amo', '2023-06-19 11:58:55.679000', 'AVAILABLE', '2023-06-19 11:58:55.679000', 14, '10dc60e3-8630f0f2-4e69201a'),
('zyQU4RbZSg', '2023-06-19 11:58:55.144000', 'AVAILABLE', '2023-06-19 11:58:55.144000', 11, '61d2f5d8-15400daa-3f1fa87a'),
('zztfAVRs1c', '2023-06-19 11:58:56.681000', 'AVAILABLE', '2023-06-19 11:58:56.681000', 7, '1253d416-1461a365-45f8c445'),
('ZZYHG6H2qp', '2023-06-19 11:58:59.001000', 'AVAILABLE', '2023-06-19 11:58:59.001000', 109, '8ea0f565-e5aa3367-d72511a6');

-- --------------------------------------------------------

--
-- Table structure for table `spam_user`
--

CREATE TABLE `spam_user` (
  `id` varchar(26) NOT NULL,
  `spam_times` int NOT NULL,
  `update_at` datetime(6) DEFAULT NULL,
  `user_id` varchar(26) NOT NULL
) ENGINE=InnoDB DEFAULT CHARSET=utf8mb4 COLLATE=utf8mb4_0900_ai_ci;

-- --------------------------------------------------------

--
-- Table structure for table `token`
--

CREATE TABLE `token` (
  `id` varchar(26) NOT NULL,
  `access_token` varchar(3000) NOT NULL,
  `refresh_token` varchar(3000) NOT NULL,
  `user_id` varchar(26) DEFAULT NULL
) ENGINE=InnoDB DEFAULT CHARSET=utf8mb4 COLLATE=utf8mb4_0900_ai_ci;

--
-- Dumping data for table `token`
--

INSERT INTO `token` (`id`, `access_token`, `refresh_token`, `user_id`) VALUES
('ea70bb3b-276c22c5-12e6a688', 'WiJ3wtdMlykixwlEhzwyoPn6TeXTA5YoC3DMmu/5EhmNZ1TKHoSm/ZXocIBNmXP65mQOxLmzZpa5sXWXKcAH4uaouxpt3LEktH2XDa5nW6hNeXFGmR74D0Zyw62m8XKyk5DiT8BPnn7f+csNwCBAx85y7g1DQnuzMaCIcaqvczYUWJq8M53F/qMIZ9bS2b5v3QJOaIM70PKMfSqW5sjh3dAofXdCwdrc3Z2EDXdctmEaIg06mITbcnDFvirhbkEYoP0CiHbgoG1VoYxAYykp06FVK74bUdeSlAzpaNVWKaHVGTJNKVNtdRErlBdhxeblrmuYKQX/H/TwWBw0efD4QKvUMvSFiB47/5bPOJNG7kMCexbHTD9//+xrGx/ofpPQRlrpwPZnjq6z6vdEG5Wvm1W45VtxVEfFu9ze6tPY0+gbJn6WIVOS66TcbwSUuz84hVXY4dim4XXG16nuQpk73nWtBYBZHokK+EH9qUs+I46CrVe1NxnKBLAS8Rz1byI1hSgxHVYSbBCvgLLUittphBJuSqXsGwt4S0x7/t+DoUuWIBab1eB0Zte6O94t/502BTr2LyBAulNtJr8UyW8Pumifo2aRuJgtDZmBfBwl/cv5NHOIy/66QWJlZBnZUQ==', 'WiJ3wtdMlykixwlEhzwyoPn6TeXTA5YoAnG42+vALALCeQ3JFZSU7pDEXo1MtkHPpmAnn6ivYZ+Hqk3gTsxe/YOouG07yaok/lCpM65JZaQVVHZvmDTRIQZ11Iz92HWYlpH1XJhkrFzM+NsJwSF9191m8iAARWu4cMCyfM2jR1MgIbKXb7/+gKMuZ47vrOdI4j8WVrsgxPa8ViyKh7m6r8U8N1FqzPeHwofEDQBegEsgOUgbxbm/I2O2gQW4FVUQx+gLykbQ3EVXvbVPel5p34l0MYIdHvHh9C+/dt5QYoKCAkFuHWZCeRp6rDJeytrexFmdLHyyVPDLS2dsTMryFqaiMuK2hR9zyuHKFOYCnFAfVQmwYR1n/dxvECrsN/a4HnHu3dcflvWp3bVFGeuFvVTV4hkEfmi0lJy6pJWI1/U9LzjfG2Sbv6fiJjPchgp5zBPTleOfilL10cnqaJ8Y30XDWZ5uW5wswEnRqkkBed6p302qHDnNQpgOizj3TyM6jzMmYno4bift5Yf55Odxpy5lf+XOKhQabD8tx9+9kUrQPgfZ5stPZfnGEOkd4v0EFDPvDiZlzUJjF8ZK3WMv42aZnlzNptg3Fq+3aDgl1c4=', '7540f518-84b36801-ec034014');

--
-- Indexes for dumped tables
--

--
-- Indexes for table `account`
--
ALTER TABLE `account`
  ADD PRIMARY KEY (`id`),
  ADD UNIQUE KEY `UKigmh1otf9m20dj0fblcfismwt` (`username`,`email`);

--
-- Indexes for table `account_roles`
--
ALTER TABLE `account_roles`
  ADD KEY `FK70s9enq5d1oywl7v8vis5ke5w` (`roles_id`),
  ADD KEY `FKtp61eta5i06bug3w1qr6286uf` (`account_id`);

--
-- Indexes for table `account_temp`
--
ALTER TABLE `account_temp`
  ADD PRIMARY KEY (`id`),
  ADD UNIQUE KEY `UKib5953fd7xdaocxdnw70ps78p` (`username`,`email`);

--
-- Indexes for table `booking`
--
ALTER TABLE `booking`
  ADD PRIMARY KEY (`id`),
  ADD KEY `FKp55px829kiwjglwaj12kw22vx` (`show_id`),
  ADD KEY `FKsx5vxi7ox6ss3udb20motr3b5` (`user_id`);

--
-- Indexes for table `booking_seats`
--
ALTER TABLE `booking_seats`
  ADD KEY `FKl40e41jsn0gds92yihw1khgan` (`seats_id`),
  ADD KEY `FKiafqjbiteckjb95679jbqwona` (`booking_id`);

--
-- Indexes for table `cinema_hall`
--
ALTER TABLE `cinema_hall`
  ADD PRIMARY KEY (`id`),
  ADD UNIQUE KEY `UKt2y542bb02p0yyc7vjrve3egq` (`name`);

--
-- Indexes for table `cinema_seat`
--
ALTER TABLE `cinema_seat`
  ADD PRIMARY KEY (`id`),
  ADD KEY `FK5w9hs8k9ucvwukhb939nybsew` (`cinemahall_id`);

--
-- Indexes for table `cinema_show`
--
ALTER TABLE `cinema_show`
  ADD PRIMARY KEY (`id`),
  ADD KEY `FK4f9b292igihvnhtki8hu8s4gp` (`cinema_hall_id`),
  ADD KEY `FKn39s5216u9gxkw3h3odvc531n` (`movie_id`);

--
-- Indexes for table `comment`
--
ALTER TABLE `comment`
  ADD PRIMARY KEY (`id`),
  ADD KEY `FKj6owqni09n6r5rspfx1xtfu23` (`movie_id`),
  ADD KEY `FKn84216vj612qs1eg5goe6n2lj` (`user_id`);

--
-- Indexes for table `genre`
--
ALTER TABLE `genre`
  ADD PRIMARY KEY (`id`),
  ADD UNIQUE KEY `UKbut3uv73xmomvw1eovcuvmp0n` (`genre`,`id`);

--
-- Indexes for table `movie`
--
ALTER TABLE `movie`
  ADD PRIMARY KEY (`id`),
  ADD UNIQUE KEY `UKkrjn66vkw3ljss4b1dre6fh42` (`title`,`id`);

--
-- Indexes for table `movie_genre`
--
ALTER TABLE `movie_genre`
  ADD KEY `FK86p3roa187k12avqfl28klp1q` (`genre_id`),
  ADD KEY `FKp6vjabv2e2435at1hnuxg64yv` (`movie_id`);

--
-- Indexes for table `payment`
--
ALTER TABLE `payment`
  ADD PRIMARY KEY (`id`),
  ADD KEY `FKqewrl4xrv9eiad6eab3aoja65` (`booking_id`);

--
-- Indexes for table `role`
--
ALTER TABLE `role`
  ADD PRIMARY KEY (`id`),
  ADD UNIQUE KEY `UK8sewwnpamngi6b1dwaa88askk` (`name`);

--
-- Indexes for table `show_seat`
--
ALTER TABLE `show_seat`
  ADD PRIMARY KEY (`id`),
  ADD KEY `FKnet31xfrflvyr2mv56tyixieq` (`cinema_seat_id`),
  ADD KEY `FKiy4ciakwup12wqhalym9gibqe` (`show_id`);

--
-- Indexes for table `spam_user`
--
ALTER TABLE `spam_user`
  ADD PRIMARY KEY (`id`),
  ADD KEY `FKlju5m05cupqrofn0h5cxqf0fa` (`user_id`);

--
-- Indexes for table `token`
--
ALTER TABLE `token`
  ADD PRIMARY KEY (`id`),
  ADD KEY `FKcmaeto5oi5o878gndh99ryn8q` (`user_id`);

--
-- AUTO_INCREMENT for dumped tables
--

--
-- AUTO_INCREMENT for table `cinema_seat`
--
ALTER TABLE `cinema_seat`
  MODIFY `id` bigint NOT NULL AUTO_INCREMENT, AUTO_INCREMENT=161;

--
-- AUTO_INCREMENT for table `genre`
--
ALTER TABLE `genre`
  MODIFY `id` bigint NOT NULL AUTO_INCREMENT, AUTO_INCREMENT=17;

--
-- AUTO_INCREMENT for table `movie`
--
ALTER TABLE `movie`
  MODIFY `id` bigint NOT NULL AUTO_INCREMENT, AUTO_INCREMENT=33;

--
-- Constraints for dumped tables
--

--
-- Constraints for table `account_roles`
--
ALTER TABLE `account_roles`
  ADD CONSTRAINT `FK70s9enq5d1oywl7v8vis5ke5w` FOREIGN KEY (`roles_id`) REFERENCES `role` (`id`),
  ADD CONSTRAINT `FKtp61eta5i06bug3w1qr6286uf` FOREIGN KEY (`account_id`) REFERENCES `account` (`id`);

--
-- Constraints for table `booking`
--
ALTER TABLE `booking`
  ADD CONSTRAINT `FKp55px829kiwjglwaj12kw22vx` FOREIGN KEY (`show_id`) REFERENCES `cinema_show` (`id`),
  ADD CONSTRAINT `FKsx5vxi7ox6ss3udb20motr3b5` FOREIGN KEY (`user_id`) REFERENCES `account` (`id`);

--
-- Constraints for table `booking_seats`
--
ALTER TABLE `booking_seats`
  ADD CONSTRAINT `FKiafqjbiteckjb95679jbqwona` FOREIGN KEY (`booking_id`) REFERENCES `booking` (`id`),
  ADD CONSTRAINT `FKl40e41jsn0gds92yihw1khgan` FOREIGN KEY (`seats_id`) REFERENCES `show_seat` (`id`);

--
-- Constraints for table `cinema_seat`
--
ALTER TABLE `cinema_seat`
  ADD CONSTRAINT `FK5w9hs8k9ucvwukhb939nybsew` FOREIGN KEY (`cinemahall_id`) REFERENCES `cinema_hall` (`id`);

--
-- Constraints for table `cinema_show`
--
ALTER TABLE `cinema_show`
  ADD CONSTRAINT `FK4f9b292igihvnhtki8hu8s4gp` FOREIGN KEY (`cinema_hall_id`) REFERENCES `cinema_hall` (`id`),
  ADD CONSTRAINT `FKn39s5216u9gxkw3h3odvc531n` FOREIGN KEY (`movie_id`) REFERENCES `movie` (`id`);

--
-- Constraints for table `comment`
--
ALTER TABLE `comment`
  ADD CONSTRAINT `FKj6owqni09n6r5rspfx1xtfu23` FOREIGN KEY (`movie_id`) REFERENCES `movie` (`id`),
  ADD CONSTRAINT `FKn84216vj612qs1eg5goe6n2lj` FOREIGN KEY (`user_id`) REFERENCES `account` (`id`);

--
-- Constraints for table `movie_genre`
--
ALTER TABLE `movie_genre`
  ADD CONSTRAINT `FK86p3roa187k12avqfl28klp1q` FOREIGN KEY (`genre_id`) REFERENCES `genre` (`id`),
  ADD CONSTRAINT `FKp6vjabv2e2435at1hnuxg64yv` FOREIGN KEY (`movie_id`) REFERENCES `movie` (`id`);

--
-- Constraints for table `payment`
--
ALTER TABLE `payment`
  ADD CONSTRAINT `FKqewrl4xrv9eiad6eab3aoja65` FOREIGN KEY (`booking_id`) REFERENCES `booking` (`id`);

--
-- Constraints for table `show_seat`
--
ALTER TABLE `show_seat`
  ADD CONSTRAINT `FKiy4ciakwup12wqhalym9gibqe` FOREIGN KEY (`show_id`) REFERENCES `cinema_show` (`id`),
  ADD CONSTRAINT `FKnet31xfrflvyr2mv56tyixieq` FOREIGN KEY (`cinema_seat_id`) REFERENCES `cinema_seat` (`id`);

--
-- Constraints for table `spam_user`
--
ALTER TABLE `spam_user`
  ADD CONSTRAINT `FKlju5m05cupqrofn0h5cxqf0fa` FOREIGN KEY (`user_id`) REFERENCES `account` (`id`);

--
-- Constraints for table `token`
--
ALTER TABLE `token`
  ADD CONSTRAINT `FKcmaeto5oi5o878gndh99ryn8q` FOREIGN KEY (`user_id`) REFERENCES `account` (`id`);
COMMIT;

/*!40101 SET CHARACTER_SET_CLIENT=@OLD_CHARACTER_SET_CLIENT */;
/*!40101 SET CHARACTER_SET_RESULTS=@OLD_CHARACTER_SET_RESULTS */;
/*!40101 SET COLLATION_CONNECTION=@OLD_COLLATION_CONNECTION */;
