-- phpMyAdmin SQL Dump
-- version 5.2.1
-- https://www.phpmyadmin.net/
--
-- Host: localhost
-- Generation Time: Jun 18, 2023 at 09:13 AM
-- Server version: 8.0.32
-- PHP Version: 8.2.3

SET SQL_MODE = "NO_AUTO_VALUE_ON_ZERO";
START TRANSACTION;
SET time_zone = "+00:00";


/*!40101 SET @OLD_CHARACTER_SET_CLIENT=@@CHARACTER_SET_CLIENT */;
/*!40101 SET @OLD_CHARACTER_SET_RESULTS=@@CHARACTER_SET_RESULTS */;
/*!40101 SET @OLD_COLLATION_CONNECTION=@@COLLATION_CONNECTION */;
/*!40101 SET NAMES utf8mb4 */;

--
-- Database: `mytestdb`
--

-- --------------------------------------------------------

--
-- Table structure for table `account`
--

CREATE TABLE `account` (
  `id` varchar(26) NOT NULL,
  `address` varchar(255) NOT NULL,
  `create_at` datetime(6) NOT NULL,
  `email` varchar(128) NOT NULL,
  `fullname` varchar(255) NOT NULL,
  `ip` varchar(255) NOT NULL,
  `password` varchar(255) NOT NULL,
  `phone` varchar(255) NOT NULL,
  `status` varchar(255) DEFAULT NULL,
  `update_at` datetime(6) DEFAULT NULL,
  `username` varchar(128) NOT NULL
) ENGINE=InnoDB DEFAULT CHARSET=utf8mb4 COLLATE=utf8mb4_0900_ai_ci;

--
-- Dumping data for table `account`
--

INSERT INTO `account` (`id`, `address`, `create_at`, `email`, `fullname`, `ip`, `password`, `phone`, `status`, `update_at`, `username`) VALUES
('1c9d37fa-91478273-cbc7490f', '123/32 Nasd Aw', '2023-06-17 21:22:51.292000', '00an.an.an.an.an00@gmail.com', 'WD SID WDW', '1.2.3.423', '$2a$10$7C1dWFPltKDm2KzI2XtrTOLdA5weiVsqo39HKomBw6sFxzut4G3eK', '012345678', 'ACTIVE', '2023-06-17 21:22:51.292000', 'user_1'),
('1e505c15-cac73beb-997a8286', '213/324 asdsa', '2023-06-15 19:44:12.293000', 'vA@gmail.com', 'Hi Hi Ha Ha', '1.2.3.4', '$2a$10$pKsRCNd6gySen1eMOd4t1OaxMErE57EXGo0KhvooU1bP8kAObUs86', '0122323', 'ACTIVE', '2023-06-17 16:13:34.356000', 'florentino'),
('9cfa2472-732d9311-60b94b90', '213/324 asdsa', '2023-06-15 19:44:12.445000', 'vC@gmail.com', 'Nguyen Van C', '23.42.54.42', '$2a$10$VrK7AVWF2SB8DmacC292sOVGxGDJSp5RTW9xv6aob3dA9Gj8o5N6y', '0126323', 'ACTIVE', '2023-06-15 19:44:12.445000', 'vC'),
('bfaa716f-d93e4e9b-3b8dd760', '123/32 Nasd Aw', '2023-06-17 22:20:33.756000', '00an.an00@gmail.com', 'WD SID WDW', '1.2.3.423', '$2a$10$vy.ahdaox1KbVIVomsIx4u.kLFFWkbqGY/01brWJ2nr4MYbcSJufK', '012345678', 'ACTIVE', '2023-06-17 22:20:33.756000', 'user_2'),
('e1df8dcc-413765ef-fe42597d', '213/324 asdsa', '2023-06-15 19:44:12.519000', 'vD@gmail.com', 'Nguyen Van D', '23.4.3.6', '$2a$10$VDBEsln71O4bC9fKojX3Eeo11t7cIBJGJqZS9m5QqaygtZ8uPUIxO', '0129323', 'ACTIVE', '2023-06-15 19:44:12.519000', 'vD'),
('fef32e6b-d92f9396-e3fd93a6', '213/324 asdsa', '2023-06-15 19:44:12.372000', 'lstpanda18@gmail.com', 'GG La La', '4.5.6.7', '$2a$10$fo0xKoul.DkQ94SBbFZuROq/vM8iV7VmUbt4Vko4DR1qMReM7/g5K', '0124323', 'ACTIVE', '2023-06-17 16:12:29.641000', 'lalaforever');

-- --------------------------------------------------------

--
-- Table structure for table `account_roles`
--

CREATE TABLE `account_roles` (
  `account_id` varchar(26) NOT NULL,
  `roles_id` bigint NOT NULL
) ENGINE=InnoDB DEFAULT CHARSET=utf8mb4 COLLATE=utf8mb4_0900_ai_ci;

--
-- Dumping data for table `account_roles`
--

INSERT INTO `account_roles` (`account_id`, `roles_id`) VALUES
('1e505c15-cac73beb-997a8286', 1),
('1e505c15-cac73beb-997a8286', 3),
('1e505c15-cac73beb-997a8286', 2),
('fef32e6b-d92f9396-e3fd93a6', 1),
('fef32e6b-d92f9396-e3fd93a6', 2),
('9cfa2472-732d9311-60b94b90', 2),
('e1df8dcc-413765ef-fe42597d', 2),
('1c9d37fa-91478273-cbc7490f', 2),
('bfaa716f-d93e4e9b-3b8dd760', 2);

-- --------------------------------------------------------

--
-- Table structure for table `account_temp`
--

CREATE TABLE `account_temp` (
  `id` bigint NOT NULL,
  `address` varchar(255) NOT NULL,
  `code` varchar(255) NOT NULL,
  `create_at` datetime(6) NOT NULL,
  `email` varchar(128) NOT NULL,
  `fullname` varchar(255) NOT NULL,
  `ip` varchar(255) NOT NULL,
  `password` varchar(255) NOT NULL,
  `phone` varchar(255) NOT NULL,
  `times` int NOT NULL,
  `username` varchar(128) NOT NULL
) ENGINE=InnoDB DEFAULT CHARSET=utf8mb4 COLLATE=utf8mb4_0900_ai_ci;

-- --------------------------------------------------------

--
-- Table structure for table `account_temp_seq`
--

CREATE TABLE `account_temp_seq` (
  `next_val` bigint DEFAULT NULL
) ENGINE=InnoDB DEFAULT CHARSET=utf8mb4 COLLATE=utf8mb4_0900_ai_ci;

--
-- Dumping data for table `account_temp_seq`
--

INSERT INTO `account_temp_seq` (`next_val`) VALUES
(101);

-- --------------------------------------------------------

--
-- Table structure for table `booking`
--

CREATE TABLE `booking` (
  `id` varchar(26) NOT NULL,
  `create_at` datetime(6) NOT NULL,
  `status` varchar(255) DEFAULT NULL,
  `update_at` datetime(6) DEFAULT NULL,
  `show_id` varchar(26) NOT NULL,
  `user_id` varchar(26) NOT NULL
) ENGINE=InnoDB DEFAULT CHARSET=utf8mb4 COLLATE=utf8mb4_0900_ai_ci;

-- --------------------------------------------------------

--
-- Table structure for table `booking_seats`
--

CREATE TABLE `booking_seats` (
  `booking_id` varchar(26) NOT NULL,
  `seats_id` varchar(26) NOT NULL
) ENGINE=InnoDB DEFAULT CHARSET=utf8mb4 COLLATE=utf8mb4_0900_ai_ci;

-- --------------------------------------------------------

--
-- Table structure for table `cinema_hall`
--

CREATE TABLE `cinema_hall` (
  `id` varchar(26) NOT NULL,
  `capacity` int NOT NULL,
  `create_at` datetime(6) NOT NULL,
  `name` varchar(255) NOT NULL,
  `total_col` int NOT NULL,
  `total_row` int NOT NULL,
  `update_at` datetime(6) DEFAULT NULL
) ENGINE=InnoDB DEFAULT CHARSET=utf8mb4 COLLATE=utf8mb4_0900_ai_ci;

--
-- Dumping data for table `cinema_hall`
--

INSERT INTO `cinema_hall` (`id`, `capacity`, `create_at`, `name`, `total_col`, `total_row`, `update_at`) VALUES
('25e26bca-b261282c-7900bb67', 40, '2023-06-15 19:45:20.834000', 'D', 8, 5, '2023-06-15 19:45:20.834000'),
('89ebffad-62ada343-8bc33338', 40, '2023-06-15 19:45:20.830000', 'C', 8, 5, '2023-06-15 19:45:20.830000'),
('b363ab53-dc8f0e28-b9e42f03', 40, '2023-06-15 19:45:20.807000', 'A', 8, 5, '2023-06-15 19:45:20.807000'),
('dad16036-443f367a-ba92e48e', 40, '2023-06-15 19:45:20.827000', 'B', 8, 5, '2023-06-15 19:45:20.827000');

-- --------------------------------------------------------

--
-- Table structure for table `cinema_seat`
--

CREATE TABLE `cinema_seat` (
  `id` bigint NOT NULL,
  `col_index` int DEFAULT NULL,
  `create_at` datetime(6) NOT NULL,
  `name` varchar(255) DEFAULT NULL,
  `price` double DEFAULT NULL,
  `row_index` int DEFAULT NULL,
  `seat_type` varchar(255) DEFAULT NULL,
  `status` varchar(255) DEFAULT NULL,
  `update_at` datetime(6) DEFAULT NULL,
  `cinemahall_id` varchar(26) DEFAULT NULL
) ENGINE=InnoDB DEFAULT CHARSET=utf8mb4 COLLATE=utf8mb4_0900_ai_ci;

--
-- Dumping data for table `cinema_seat`
--

INSERT INTO `cinema_seat` (`id`, `col_index`, `create_at`, `name`, `price`, `row_index`, `seat_type`, `status`, `update_at`, `cinemahall_id`) VALUES
(1, 1, '2023-06-15 19:45:20.849000', 'A1.1', 10000, 1, 'REGULAR', 'AVAILABLE', '2023-06-15 19:45:20.849000', 'b363ab53-dc8f0e28-b9e42f03'),
(2, 2, '2023-06-15 19:45:20.855000', 'A1.2', 10000, 1, 'REGULAR', 'AVAILABLE', '2023-06-15 19:45:20.855000', 'b363ab53-dc8f0e28-b9e42f03'),
(3, 3, '2023-06-15 19:45:20.860000', 'A1.3', 10000, 1, 'REGULAR', 'AVAILABLE', '2023-06-15 19:45:20.860000', 'b363ab53-dc8f0e28-b9e42f03'),
(4, 4, '2023-06-15 19:45:20.864000', 'A1.4', 10000, 1, 'REGULAR', 'AVAILABLE', '2023-06-15 19:45:20.864000', 'b363ab53-dc8f0e28-b9e42f03'),
(5, 5, '2023-06-15 19:45:20.867000', 'A1.5', 10000, 1, 'REGULAR', 'AVAILABLE', '2023-06-15 19:45:20.867000', 'b363ab53-dc8f0e28-b9e42f03'),
(6, 6, '2023-06-15 19:45:20.870000', 'A1.6', 10000, 1, 'REGULAR', 'AVAILABLE', '2023-06-15 19:45:20.870000', 'b363ab53-dc8f0e28-b9e42f03'),
(7, 7, '2023-06-15 19:45:20.872000', 'A1.7', 10000, 1, 'REGULAR', 'AVAILABLE', '2023-06-15 19:45:20.872000', 'b363ab53-dc8f0e28-b9e42f03'),
(8, 8, '2023-06-15 19:45:20.876000', 'A1.8', 10000, 1, 'REGULAR', 'AVAILABLE', '2023-06-15 19:45:20.876000', 'b363ab53-dc8f0e28-b9e42f03'),
(9, 1, '2023-06-15 19:45:20.880000', 'A2.1', 10000, 2, 'REGULAR', 'AVAILABLE', '2023-06-15 19:45:20.880000', 'b363ab53-dc8f0e28-b9e42f03'),
(10, 2, '2023-06-15 19:45:20.884000', 'A2.2', 10000, 2, 'REGULAR', 'AVAILABLE', '2023-06-15 19:45:20.884000', 'b363ab53-dc8f0e28-b9e42f03'),
(11, 3, '2023-06-15 19:45:20.888000', 'A2.3', 10000, 2, 'REGULAR', 'AVAILABLE', '2023-06-15 19:45:20.888000', 'b363ab53-dc8f0e28-b9e42f03'),
(12, 4, '2023-06-15 19:45:20.893000', 'A2.4', 10000, 2, 'REGULAR', 'AVAILABLE', '2023-06-15 19:45:20.893000', 'b363ab53-dc8f0e28-b9e42f03'),
(13, 5, '2023-06-15 19:45:20.895000', 'A2.5', 10000, 2, 'REGULAR', 'AVAILABLE', '2023-06-15 19:45:20.895000', 'b363ab53-dc8f0e28-b9e42f03'),
(14, 6, '2023-06-15 19:45:20.898000', 'A2.6', 10000, 2, 'REGULAR', 'AVAILABLE', '2023-06-15 19:45:20.898000', 'b363ab53-dc8f0e28-b9e42f03'),
(15, 7, '2023-06-15 19:45:20.901000', 'A2.7', 10000, 2, 'REGULAR', 'AVAILABLE', '2023-06-15 19:45:20.901000', 'b363ab53-dc8f0e28-b9e42f03'),
(16, 8, '2023-06-15 19:45:20.903000', 'A2.8', 10000, 2, 'REGULAR', 'AVAILABLE', '2023-06-15 19:45:20.903000', 'b363ab53-dc8f0e28-b9e42f03'),
(17, 1, '2023-06-15 19:45:20.906000', 'A3.1', 10000, 3, 'REGULAR', 'AVAILABLE', '2023-06-15 19:45:20.906000', 'b363ab53-dc8f0e28-b9e42f03'),
(18, 2, '2023-06-15 19:45:20.909000', 'A3.2', 10000, 3, 'REGULAR', 'AVAILABLE', '2023-06-15 19:45:20.909000', 'b363ab53-dc8f0e28-b9e42f03'),
(19, 3, '2023-06-15 19:45:20.912000', 'A3.3', 10000, 3, 'REGULAR', 'AVAILABLE', '2023-06-15 19:45:20.912000', 'b363ab53-dc8f0e28-b9e42f03'),
(20, 4, '2023-06-15 19:45:20.915000', 'A3.4', 10000, 3, 'REGULAR', 'AVAILABLE', '2023-06-15 19:45:20.915000', 'b363ab53-dc8f0e28-b9e42f03'),
(21, 5, '2023-06-15 19:45:20.917000', 'A3.5', 10000, 3, 'REGULAR', 'AVAILABLE', '2023-06-15 19:45:20.917000', 'b363ab53-dc8f0e28-b9e42f03'),
(22, 6, '2023-06-15 19:45:20.920000', 'A3.6', 10000, 3, 'REGULAR', 'AVAILABLE', '2023-06-15 19:45:20.920000', 'b363ab53-dc8f0e28-b9e42f03'),
(23, 7, '2023-06-15 19:45:20.924000', 'A3.7', 10000, 3, 'REGULAR', 'AVAILABLE', '2023-06-15 19:45:20.924000', 'b363ab53-dc8f0e28-b9e42f03'),
(24, 8, '2023-06-15 19:45:20.928000', 'A3.8', 10000, 3, 'REGULAR', 'AVAILABLE', '2023-06-15 19:45:20.928000', 'b363ab53-dc8f0e28-b9e42f03'),
(25, 1, '2023-06-15 19:45:20.933000', 'A4.1', 10000, 4, 'REGULAR', 'AVAILABLE', '2023-06-15 19:45:20.933000', 'b363ab53-dc8f0e28-b9e42f03'),
(26, 2, '2023-06-15 19:45:20.937000', 'A4.2', 10000, 4, 'REGULAR', 'AVAILABLE', '2023-06-15 19:45:20.937000', 'b363ab53-dc8f0e28-b9e42f03'),
(27, 3, '2023-06-15 19:45:20.940000', 'A4.3', 10000, 4, 'REGULAR', 'AVAILABLE', '2023-06-15 19:45:20.940000', 'b363ab53-dc8f0e28-b9e42f03'),
(28, 4, '2023-06-15 19:45:20.943000', 'A4.4', 10000, 4, 'REGULAR', 'AVAILABLE', '2023-06-15 19:45:20.943000', 'b363ab53-dc8f0e28-b9e42f03'),
(29, 5, '2023-06-15 19:45:20.947000', 'A4.5', 10000, 4, 'REGULAR', 'AVAILABLE', '2023-06-15 19:45:20.947000', 'b363ab53-dc8f0e28-b9e42f03'),
(30, 6, '2023-06-15 19:45:20.951000', 'A4.6', 10000, 4, 'REGULAR', 'AVAILABLE', '2023-06-15 19:45:20.951000', 'b363ab53-dc8f0e28-b9e42f03'),
(31, 7, '2023-06-15 19:45:20.956000', 'A4.7', 10000, 4, 'REGULAR', 'AVAILABLE', '2023-06-15 19:45:20.956000', 'b363ab53-dc8f0e28-b9e42f03'),
(32, 8, '2023-06-15 19:45:20.959000', 'A4.8', 10000, 4, 'REGULAR', 'AVAILABLE', '2023-06-15 19:45:20.959000', 'b363ab53-dc8f0e28-b9e42f03'),
(33, 1, '2023-06-15 19:45:20.962000', 'A5.1', 10000, 5, 'REGULAR', 'AVAILABLE', '2023-06-15 19:45:20.962000', 'b363ab53-dc8f0e28-b9e42f03'),
(34, 2, '2023-06-15 19:45:20.964000', 'A5.2', 10000, 5, 'REGULAR', 'AVAILABLE', '2023-06-15 19:45:20.964000', 'b363ab53-dc8f0e28-b9e42f03'),
(35, 3, '2023-06-15 19:45:20.966000', 'A5.3', 10000, 5, 'REGULAR', 'AVAILABLE', '2023-06-15 19:45:20.966000', 'b363ab53-dc8f0e28-b9e42f03'),
(36, 4, '2023-06-15 19:45:20.970000', 'A5.4', 10000, 5, 'REGULAR', 'AVAILABLE', '2023-06-15 19:45:20.970000', 'b363ab53-dc8f0e28-b9e42f03'),
(37, 5, '2023-06-15 19:45:20.972000', 'A5.5', 10000, 5, 'REGULAR', 'AVAILABLE', '2023-06-15 19:45:20.972000', 'b363ab53-dc8f0e28-b9e42f03'),
(38, 6, '2023-06-15 19:45:20.975000', 'A5.6', 10000, 5, 'REGULAR', 'AVAILABLE', '2023-06-15 19:45:20.975000', 'b363ab53-dc8f0e28-b9e42f03'),
(39, 7, '2023-06-15 19:45:20.977000', 'A5.7', 10000, 5, 'REGULAR', 'AVAILABLE', '2023-06-15 19:45:20.977000', 'b363ab53-dc8f0e28-b9e42f03'),
(40, 8, '2023-06-15 19:45:20.980000', 'A5.8', 10000, 5, 'REGULAR', 'AVAILABLE', '2023-06-15 19:45:20.980000', 'b363ab53-dc8f0e28-b9e42f03'),
(41, 1, '2023-06-15 19:45:20.984000', 'B1.1', 10000, 1, 'REGULAR', 'AVAILABLE', '2023-06-15 19:45:20.984000', 'dad16036-443f367a-ba92e48e'),
(42, 2, '2023-06-15 19:45:20.988000', 'B1.2', 10000, 1, 'REGULAR', 'AVAILABLE', '2023-06-15 19:45:20.988000', 'dad16036-443f367a-ba92e48e'),
(43, 3, '2023-06-15 19:45:20.992000', 'B1.3', 10000, 1, 'REGULAR', 'AVAILABLE', '2023-06-15 19:45:20.992000', 'dad16036-443f367a-ba92e48e'),
(44, 4, '2023-06-15 19:45:20.995000', 'B1.4', 10000, 1, 'REGULAR', 'AVAILABLE', '2023-06-15 19:45:20.995000', 'dad16036-443f367a-ba92e48e'),
(45, 5, '2023-06-15 19:45:21.000000', 'B1.5', 10000, 1, 'REGULAR', 'AVAILABLE', '2023-06-15 19:45:21.000000', 'dad16036-443f367a-ba92e48e'),
(46, 6, '2023-06-15 19:45:21.004000', 'B1.6', 10000, 1, 'REGULAR', 'AVAILABLE', '2023-06-15 19:45:21.004000', 'dad16036-443f367a-ba92e48e'),
(47, 7, '2023-06-15 19:45:21.007000', 'B1.7', 10000, 1, 'REGULAR', 'AVAILABLE', '2023-06-15 19:45:21.007000', 'dad16036-443f367a-ba92e48e'),
(48, 8, '2023-06-15 19:45:21.011000', 'B1.8', 10000, 1, 'REGULAR', 'AVAILABLE', '2023-06-15 19:45:21.011000', 'dad16036-443f367a-ba92e48e'),
(49, 1, '2023-06-15 19:45:21.014000', 'B2.1', 10000, 2, 'REGULAR', 'AVAILABLE', '2023-06-15 19:45:21.014000', 'dad16036-443f367a-ba92e48e'),
(50, 2, '2023-06-15 19:45:21.019000', 'B2.2', 10000, 2, 'REGULAR', 'AVAILABLE', '2023-06-15 19:45:21.019000', 'dad16036-443f367a-ba92e48e'),
(51, 3, '2023-06-15 19:45:21.022000', 'B2.3', 10000, 2, 'REGULAR', 'AVAILABLE', '2023-06-15 19:45:21.022000', 'dad16036-443f367a-ba92e48e'),
(52, 4, '2023-06-15 19:45:21.025000', 'B2.4', 10000, 2, 'REGULAR', 'AVAILABLE', '2023-06-15 19:45:21.026000', 'dad16036-443f367a-ba92e48e'),
(53, 5, '2023-06-15 19:45:21.028000', 'B2.5', 10000, 2, 'REGULAR', 'AVAILABLE', '2023-06-15 19:45:21.028000', 'dad16036-443f367a-ba92e48e'),
(54, 6, '2023-06-15 19:45:21.031000', 'B2.6', 10000, 2, 'REGULAR', 'AVAILABLE', '2023-06-15 19:45:21.031000', 'dad16036-443f367a-ba92e48e'),
(55, 7, '2023-06-15 19:45:21.034000', 'B2.7', 10000, 2, 'REGULAR', 'AVAILABLE', '2023-06-15 19:45:21.034000', 'dad16036-443f367a-ba92e48e'),
(56, 8, '2023-06-15 19:45:21.037000', 'B2.8', 10000, 2, 'REGULAR', 'AVAILABLE', '2023-06-15 19:45:21.037000', 'dad16036-443f367a-ba92e48e'),
(57, 1, '2023-06-15 19:45:21.040000', 'B3.1', 10000, 3, 'REGULAR', 'AVAILABLE', '2023-06-15 19:45:21.040000', 'dad16036-443f367a-ba92e48e'),
(58, 2, '2023-06-15 19:45:21.043000', 'B3.2', 10000, 3, 'REGULAR', 'AVAILABLE', '2023-06-15 19:45:21.043000', 'dad16036-443f367a-ba92e48e'),
(59, 3, '2023-06-15 19:45:21.046000', 'B3.3', 10000, 3, 'REGULAR', 'AVAILABLE', '2023-06-15 19:45:21.046000', 'dad16036-443f367a-ba92e48e'),
(60, 4, '2023-06-15 19:45:21.050000', 'B3.4', 10000, 3, 'REGULAR', 'AVAILABLE', '2023-06-15 19:45:21.050000', 'dad16036-443f367a-ba92e48e'),
(61, 5, '2023-06-15 19:45:21.053000', 'B3.5', 10000, 3, 'REGULAR', 'AVAILABLE', '2023-06-15 19:45:21.053000', 'dad16036-443f367a-ba92e48e'),
(62, 6, '2023-06-15 19:45:21.056000', 'B3.6', 10000, 3, 'REGULAR', 'AVAILABLE', '2023-06-15 19:45:21.056000', 'dad16036-443f367a-ba92e48e'),
(63, 7, '2023-06-15 19:45:21.060000', 'B3.7', 10000, 3, 'REGULAR', 'AVAILABLE', '2023-06-15 19:45:21.060000', 'dad16036-443f367a-ba92e48e'),
(64, 8, '2023-06-15 19:45:21.062000', 'B3.8', 10000, 3, 'REGULAR', 'AVAILABLE', '2023-06-15 19:45:21.062000', 'dad16036-443f367a-ba92e48e'),
(65, 1, '2023-06-15 19:45:21.066000', 'B4.1', 10000, 4, 'REGULAR', 'AVAILABLE', '2023-06-15 19:45:21.066000', 'dad16036-443f367a-ba92e48e'),
(66, 2, '2023-06-15 19:45:21.069000', 'B4.2', 10000, 4, 'REGULAR', 'AVAILABLE', '2023-06-15 19:45:21.069000', 'dad16036-443f367a-ba92e48e'),
(67, 3, '2023-06-15 19:45:21.072000', 'B4.3', 10000, 4, 'REGULAR', 'AVAILABLE', '2023-06-15 19:45:21.072000', 'dad16036-443f367a-ba92e48e'),
(68, 4, '2023-06-15 19:45:21.075000', 'B4.4', 10000, 4, 'REGULAR', 'AVAILABLE', '2023-06-15 19:45:21.075000', 'dad16036-443f367a-ba92e48e'),
(69, 5, '2023-06-15 19:45:21.078000', 'B4.5', 10000, 4, 'REGULAR', 'AVAILABLE', '2023-06-15 19:45:21.078000', 'dad16036-443f367a-ba92e48e'),
(70, 6, '2023-06-15 19:45:21.081000', 'B4.6', 10000, 4, 'REGULAR', 'AVAILABLE', '2023-06-15 19:45:21.081000', 'dad16036-443f367a-ba92e48e'),
(71, 7, '2023-06-15 19:45:21.084000', 'B4.7', 10000, 4, 'REGULAR', 'AVAILABLE', '2023-06-15 19:45:21.084000', 'dad16036-443f367a-ba92e48e'),
(72, 8, '2023-06-15 19:45:21.088000', 'B4.8', 10000, 4, 'REGULAR', 'AVAILABLE', '2023-06-15 19:45:21.088000', 'dad16036-443f367a-ba92e48e'),
(73, 1, '2023-06-15 19:45:21.091000', 'B5.1', 10000, 5, 'REGULAR', 'AVAILABLE', '2023-06-15 19:45:21.091000', 'dad16036-443f367a-ba92e48e'),
(74, 2, '2023-06-15 19:45:21.096000', 'B5.2', 10000, 5, 'REGULAR', 'AVAILABLE', '2023-06-15 19:45:21.096000', 'dad16036-443f367a-ba92e48e'),
(75, 3, '2023-06-15 19:45:21.100000', 'B5.3', 10000, 5, 'REGULAR', 'AVAILABLE', '2023-06-15 19:45:21.100000', 'dad16036-443f367a-ba92e48e'),
(76, 4, '2023-06-15 19:45:21.103000', 'B5.4', 10000, 5, 'REGULAR', 'AVAILABLE', '2023-06-15 19:45:21.103000', 'dad16036-443f367a-ba92e48e'),
(77, 5, '2023-06-15 19:45:21.107000', 'B5.5', 10000, 5, 'REGULAR', 'AVAILABLE', '2023-06-15 19:45:21.107000', 'dad16036-443f367a-ba92e48e'),
(78, 6, '2023-06-15 19:45:21.111000', 'B5.6', 10000, 5, 'REGULAR', 'AVAILABLE', '2023-06-15 19:45:21.111000', 'dad16036-443f367a-ba92e48e'),
(79, 7, '2023-06-15 19:45:21.114000', 'B5.7', 10000, 5, 'REGULAR', 'AVAILABLE', '2023-06-15 19:45:21.114000', 'dad16036-443f367a-ba92e48e'),
(80, 8, '2023-06-15 19:45:21.118000', 'B5.8', 10000, 5, 'REGULAR', 'AVAILABLE', '2023-06-15 19:45:21.118000', 'dad16036-443f367a-ba92e48e'),
(81, 1, '2023-06-15 19:45:21.123000', 'C1.1', 10000, 1, 'REGULAR', 'AVAILABLE', '2023-06-15 19:45:21.123000', '89ebffad-62ada343-8bc33338'),
(82, 2, '2023-06-15 19:45:21.126000', 'C1.2', 10000, 1, 'REGULAR', 'AVAILABLE', '2023-06-15 19:45:21.126000', '89ebffad-62ada343-8bc33338'),
(83, 3, '2023-06-15 19:45:21.129000', 'C1.3', 10000, 1, 'REGULAR', 'AVAILABLE', '2023-06-15 19:45:21.129000', '89ebffad-62ada343-8bc33338'),
(84, 4, '2023-06-15 19:45:21.132000', 'C1.4', 10000, 1, 'REGULAR', 'AVAILABLE', '2023-06-15 19:45:21.132000', '89ebffad-62ada343-8bc33338'),
(85, 5, '2023-06-15 19:45:21.134000', 'C1.5', 10000, 1, 'REGULAR', 'AVAILABLE', '2023-06-15 19:45:21.134000', '89ebffad-62ada343-8bc33338'),
(86, 6, '2023-06-15 19:45:21.137000', 'C1.6', 10000, 1, 'REGULAR', 'AVAILABLE', '2023-06-15 19:45:21.137000', '89ebffad-62ada343-8bc33338'),
(87, 7, '2023-06-15 19:45:21.140000', 'C1.7', 10000, 1, 'REGULAR', 'AVAILABLE', '2023-06-15 19:45:21.140000', '89ebffad-62ada343-8bc33338'),
(88, 8, '2023-06-15 19:45:21.143000', 'C1.8', 10000, 1, 'REGULAR', 'AVAILABLE', '2023-06-15 19:45:21.143000', '89ebffad-62ada343-8bc33338'),
(89, 1, '2023-06-15 19:45:21.147000', 'C2.1', 10000, 2, 'REGULAR', 'AVAILABLE', '2023-06-15 19:45:21.147000', '89ebffad-62ada343-8bc33338'),
(90, 2, '2023-06-15 19:45:21.151000', 'C2.2', 10000, 2, 'REGULAR', 'AVAILABLE', '2023-06-15 19:45:21.151000', '89ebffad-62ada343-8bc33338'),
(91, 3, '2023-06-15 19:45:21.154000', 'C2.3', 10000, 2, 'REGULAR', 'AVAILABLE', '2023-06-15 19:45:21.154000', '89ebffad-62ada343-8bc33338'),
(92, 4, '2023-06-15 19:45:21.158000', 'C2.4', 10000, 2, 'REGULAR', 'AVAILABLE', '2023-06-15 19:45:21.158000', '89ebffad-62ada343-8bc33338'),
(93, 5, '2023-06-15 19:45:21.161000', 'C2.5', 10000, 2, 'REGULAR', 'AVAILABLE', '2023-06-15 19:45:21.161000', '89ebffad-62ada343-8bc33338'),
(94, 6, '2023-06-15 19:45:21.164000', 'C2.6', 10000, 2, 'REGULAR', 'AVAILABLE', '2023-06-15 19:45:21.164000', '89ebffad-62ada343-8bc33338'),
(95, 7, '2023-06-15 19:45:21.168000', 'C2.7', 10000, 2, 'REGULAR', 'AVAILABLE', '2023-06-15 19:45:21.168000', '89ebffad-62ada343-8bc33338'),
(96, 8, '2023-06-15 19:45:21.172000', 'C2.8', 10000, 2, 'REGULAR', 'AVAILABLE', '2023-06-15 19:45:21.172000', '89ebffad-62ada343-8bc33338'),
(97, 1, '2023-06-15 19:45:21.175000', 'C3.1', 10000, 3, 'REGULAR', 'AVAILABLE', '2023-06-15 19:45:21.175000', '89ebffad-62ada343-8bc33338'),
(98, 2, '2023-06-15 19:45:21.178000', 'C3.2', 10000, 3, 'REGULAR', 'AVAILABLE', '2023-06-15 19:45:21.178000', '89ebffad-62ada343-8bc33338'),
(99, 3, '2023-06-15 19:45:21.182000', 'C3.3', 10000, 3, 'REGULAR', 'AVAILABLE', '2023-06-15 19:45:21.182000', '89ebffad-62ada343-8bc33338'),
(100, 4, '2023-06-15 19:45:21.185000', 'C3.4', 10000, 3, 'REGULAR', 'AVAILABLE', '2023-06-15 19:45:21.185000', '89ebffad-62ada343-8bc33338'),
(101, 5, '2023-06-15 19:45:21.189000', 'C3.5', 10000, 3, 'REGULAR', 'AVAILABLE', '2023-06-15 19:45:21.189000', '89ebffad-62ada343-8bc33338'),
(102, 6, '2023-06-15 19:45:21.192000', 'C3.6', 10000, 3, 'REGULAR', 'AVAILABLE', '2023-06-15 19:45:21.192000', '89ebffad-62ada343-8bc33338'),
(103, 7, '2023-06-15 19:45:21.195000', 'C3.7', 10000, 3, 'REGULAR', 'AVAILABLE', '2023-06-15 19:45:21.195000', '89ebffad-62ada343-8bc33338'),
(104, 8, '2023-06-15 19:45:21.199000', 'C3.8', 10000, 3, 'REGULAR', 'AVAILABLE', '2023-06-15 19:45:21.199000', '89ebffad-62ada343-8bc33338'),
(105, 1, '2023-06-15 19:45:21.202000', 'C4.1', 10000, 4, 'REGULAR', 'AVAILABLE', '2023-06-15 19:45:21.202000', '89ebffad-62ada343-8bc33338'),
(106, 2, '2023-06-15 19:45:21.206000', 'C4.2', 10000, 4, 'REGULAR', 'AVAILABLE', '2023-06-15 19:45:21.206000', '89ebffad-62ada343-8bc33338'),
(107, 3, '2023-06-15 19:45:21.209000', 'C4.3', 10000, 4, 'REGULAR', 'AVAILABLE', '2023-06-15 19:45:21.210000', '89ebffad-62ada343-8bc33338'),
(108, 4, '2023-06-15 19:45:21.213000', 'C4.4', 10000, 4, 'REGULAR', 'AVAILABLE', '2023-06-15 19:45:21.213000', '89ebffad-62ada343-8bc33338'),
(109, 5, '2023-06-15 19:45:21.216000', 'C4.5', 10000, 4, 'REGULAR', 'AVAILABLE', '2023-06-15 19:45:21.216000', '89ebffad-62ada343-8bc33338'),
(110, 6, '2023-06-15 19:45:21.218000', 'C4.6', 10000, 4, 'REGULAR', 'AVAILABLE', '2023-06-15 19:45:21.218000', '89ebffad-62ada343-8bc33338'),
(111, 7, '2023-06-15 19:45:21.221000', 'C4.7', 10000, 4, 'REGULAR', 'AVAILABLE', '2023-06-15 19:45:21.221000', '89ebffad-62ada343-8bc33338'),
(112, 8, '2023-06-15 19:45:21.223000', 'C4.8', 10000, 4, 'REGULAR', 'AVAILABLE', '2023-06-15 19:45:21.223000', '89ebffad-62ada343-8bc33338'),
(113, 1, '2023-06-15 19:45:21.225000', 'C5.1', 10000, 5, 'REGULAR', 'AVAILABLE', '2023-06-15 19:45:21.225000', '89ebffad-62ada343-8bc33338'),
(114, 2, '2023-06-15 19:45:21.228000', 'C5.2', 10000, 5, 'REGULAR', 'AVAILABLE', '2023-06-15 19:45:21.228000', '89ebffad-62ada343-8bc33338'),
(115, 3, '2023-06-15 19:45:21.230000', 'C5.3', 10000, 5, 'REGULAR', 'AVAILABLE', '2023-06-15 19:45:21.230000', '89ebffad-62ada343-8bc33338'),
(116, 4, '2023-06-15 19:45:21.232000', 'C5.4', 10000, 5, 'REGULAR', 'AVAILABLE', '2023-06-15 19:45:21.232000', '89ebffad-62ada343-8bc33338'),
(117, 5, '2023-06-15 19:45:21.234000', 'C5.5', 10000, 5, 'REGULAR', 'AVAILABLE', '2023-06-15 19:45:21.234000', '89ebffad-62ada343-8bc33338'),
(118, 6, '2023-06-15 19:45:21.236000', 'C5.6', 10000, 5, 'REGULAR', 'AVAILABLE', '2023-06-15 19:45:21.236000', '89ebffad-62ada343-8bc33338'),
(119, 7, '2023-06-15 19:45:21.238000', 'C5.7', 10000, 5, 'REGULAR', 'AVAILABLE', '2023-06-15 19:45:21.238000', '89ebffad-62ada343-8bc33338'),
(120, 8, '2023-06-15 19:45:21.242000', 'C5.8', 10000, 5, 'REGULAR', 'AVAILABLE', '2023-06-15 19:45:21.242000', '89ebffad-62ada343-8bc33338'),
(121, 1, '2023-06-15 19:45:21.246000', 'D1.1', 10000, 1, 'REGULAR', 'AVAILABLE', '2023-06-15 19:45:21.246000', '25e26bca-b261282c-7900bb67'),
(122, 2, '2023-06-15 19:45:21.249000', 'D1.2', 10000, 1, 'REGULAR', 'AVAILABLE', '2023-06-15 19:45:21.249000', '25e26bca-b261282c-7900bb67'),
(123, 3, '2023-06-15 19:45:21.252000', 'D1.3', 10000, 1, 'REGULAR', 'AVAILABLE', '2023-06-15 19:45:21.252000', '25e26bca-b261282c-7900bb67'),
(124, 4, '2023-06-15 19:45:21.255000', 'D1.4', 10000, 1, 'REGULAR', 'AVAILABLE', '2023-06-15 19:45:21.255000', '25e26bca-b261282c-7900bb67'),
(125, 5, '2023-06-15 19:45:21.257000', 'D1.5', 10000, 1, 'REGULAR', 'AVAILABLE', '2023-06-15 19:45:21.257000', '25e26bca-b261282c-7900bb67'),
(126, 6, '2023-06-15 19:45:21.260000', 'D1.6', 10000, 1, 'REGULAR', 'AVAILABLE', '2023-06-15 19:45:21.260000', '25e26bca-b261282c-7900bb67'),
(127, 7, '2023-06-15 19:45:21.261000', 'D1.7', 10000, 1, 'REGULAR', 'AVAILABLE', '2023-06-15 19:45:21.261000', '25e26bca-b261282c-7900bb67'),
(128, 8, '2023-06-15 19:45:21.263000', 'D1.8', 10000, 1, 'REGULAR', 'AVAILABLE', '2023-06-15 19:45:21.263000', '25e26bca-b261282c-7900bb67'),
(129, 1, '2023-06-15 19:45:21.266000', 'D2.1', 10000, 2, 'REGULAR', 'AVAILABLE', '2023-06-15 19:45:21.266000', '25e26bca-b261282c-7900bb67'),
(130, 2, '2023-06-15 19:45:21.268000', 'D2.2', 10000, 2, 'REGULAR', 'AVAILABLE', '2023-06-15 19:45:21.268000', '25e26bca-b261282c-7900bb67'),
(131, 3, '2023-06-15 19:45:21.270000', 'D2.3', 10000, 2, 'REGULAR', 'AVAILABLE', '2023-06-15 19:45:21.270000', '25e26bca-b261282c-7900bb67'),
(132, 4, '2023-06-15 19:45:21.272000', 'D2.4', 10000, 2, 'REGULAR', 'AVAILABLE', '2023-06-15 19:45:21.272000', '25e26bca-b261282c-7900bb67'),
(133, 5, '2023-06-15 19:45:21.273000', 'D2.5', 10000, 2, 'REGULAR', 'AVAILABLE', '2023-06-15 19:45:21.273000', '25e26bca-b261282c-7900bb67'),
(134, 6, '2023-06-15 19:45:21.275000', 'D2.6', 10000, 2, 'REGULAR', 'AVAILABLE', '2023-06-15 19:45:21.275000', '25e26bca-b261282c-7900bb67'),
(135, 7, '2023-06-15 19:45:21.277000', 'D2.7', 10000, 2, 'REGULAR', 'AVAILABLE', '2023-06-15 19:45:21.277000', '25e26bca-b261282c-7900bb67'),
(136, 8, '2023-06-15 19:45:21.279000', 'D2.8', 10000, 2, 'REGULAR', 'AVAILABLE', '2023-06-15 19:45:21.279000', '25e26bca-b261282c-7900bb67'),
(137, 1, '2023-06-15 19:45:21.281000', 'D3.1', 10000, 3, 'REGULAR', 'AVAILABLE', '2023-06-15 19:45:21.281000', '25e26bca-b261282c-7900bb67'),
(138, 2, '2023-06-15 19:45:21.283000', 'D3.2', 10000, 3, 'REGULAR', 'AVAILABLE', '2023-06-15 19:45:21.283000', '25e26bca-b261282c-7900bb67'),
(139, 3, '2023-06-15 19:45:21.286000', 'D3.3', 10000, 3, 'REGULAR', 'AVAILABLE', '2023-06-15 19:45:21.286000', '25e26bca-b261282c-7900bb67'),
(140, 4, '2023-06-15 19:45:21.289000', 'D3.4', 10000, 3, 'REGULAR', 'AVAILABLE', '2023-06-15 19:45:21.289000', '25e26bca-b261282c-7900bb67'),
(141, 5, '2023-06-15 19:45:21.294000', 'D3.5', 10000, 3, 'REGULAR', 'AVAILABLE', '2023-06-15 19:45:21.294000', '25e26bca-b261282c-7900bb67'),
(142, 6, '2023-06-15 19:45:21.298000', 'D3.6', 10000, 3, 'REGULAR', 'AVAILABLE', '2023-06-15 19:45:21.298000', '25e26bca-b261282c-7900bb67'),
(143, 7, '2023-06-15 19:45:21.301000', 'D3.7', 10000, 3, 'REGULAR', 'AVAILABLE', '2023-06-15 19:45:21.301000', '25e26bca-b261282c-7900bb67'),
(144, 8, '2023-06-15 19:45:21.305000', 'D3.8', 10000, 3, 'REGULAR', 'AVAILABLE', '2023-06-15 19:45:21.305000', '25e26bca-b261282c-7900bb67'),
(145, 1, '2023-06-15 19:45:21.308000', 'D4.1', 10000, 4, 'REGULAR', 'AVAILABLE', '2023-06-15 19:45:21.308000', '25e26bca-b261282c-7900bb67'),
(146, 2, '2023-06-15 19:45:21.312000', 'D4.2', 10000, 4, 'REGULAR', 'AVAILABLE', '2023-06-15 19:45:21.312000', '25e26bca-b261282c-7900bb67'),
(147, 3, '2023-06-15 19:45:21.315000', 'D4.3', 10000, 4, 'REGULAR', 'AVAILABLE', '2023-06-15 19:45:21.315000', '25e26bca-b261282c-7900bb67'),
(148, 4, '2023-06-15 19:45:21.318000', 'D4.4', 10000, 4, 'REGULAR', 'AVAILABLE', '2023-06-15 19:45:21.318000', '25e26bca-b261282c-7900bb67'),
(149, 5, '2023-06-15 19:45:21.320000', 'D4.5', 10000, 4, 'REGULAR', 'AVAILABLE', '2023-06-15 19:45:21.320000', '25e26bca-b261282c-7900bb67'),
(150, 6, '2023-06-15 19:45:21.323000', 'D4.6', 10000, 4, 'REGULAR', 'AVAILABLE', '2023-06-15 19:45:21.323000', '25e26bca-b261282c-7900bb67'),
(151, 7, '2023-06-15 19:45:21.326000', 'D4.7', 10000, 4, 'REGULAR', 'AVAILABLE', '2023-06-15 19:45:21.326000', '25e26bca-b261282c-7900bb67'),
(152, 8, '2023-06-15 19:45:21.329000', 'D4.8', 10000, 4, 'REGULAR', 'AVAILABLE', '2023-06-15 19:45:21.329000', '25e26bca-b261282c-7900bb67'),
(153, 1, '2023-06-15 19:45:21.332000', 'D5.1', 10000, 5, 'REGULAR', 'AVAILABLE', '2023-06-15 19:45:21.332000', '25e26bca-b261282c-7900bb67'),
(154, 2, '2023-06-15 19:45:21.334000', 'D5.2', 10000, 5, 'REGULAR', 'AVAILABLE', '2023-06-15 19:45:21.334000', '25e26bca-b261282c-7900bb67'),
(155, 3, '2023-06-15 19:45:21.337000', 'D5.3', 10000, 5, 'REGULAR', 'AVAILABLE', '2023-06-15 19:45:21.337000', '25e26bca-b261282c-7900bb67'),
(156, 4, '2023-06-15 19:45:21.339000', 'D5.4', 10000, 5, 'REGULAR', 'AVAILABLE', '2023-06-15 19:45:21.339000', '25e26bca-b261282c-7900bb67'),
(157, 5, '2023-06-15 19:45:21.342000', 'D5.5', 10000, 5, 'REGULAR', 'AVAILABLE', '2023-06-15 19:45:21.342000', '25e26bca-b261282c-7900bb67'),
(158, 6, '2023-06-15 19:45:21.344000', 'D5.6', 10000, 5, 'REGULAR', 'AVAILABLE', '2023-06-15 19:45:21.344000', '25e26bca-b261282c-7900bb67'),
(159, 7, '2023-06-15 19:45:21.347000', 'D5.7', 10000, 5, 'REGULAR', 'AVAILABLE', '2023-06-15 19:45:21.347000', '25e26bca-b261282c-7900bb67'),
(160, 8, '2023-06-15 19:45:21.350000', 'D5.8', 10000, 5, 'REGULAR', 'AVAILABLE', '2023-06-15 19:45:21.350000', '25e26bca-b261282c-7900bb67');

-- --------------------------------------------------------

--
-- Table structure for table `cinema_show`
--

CREATE TABLE `cinema_show` (
  `id` varchar(26) NOT NULL,
  `create_at` datetime(6) NOT NULL,
  `end_time` datetime(6) DEFAULT NULL,
  `start_time` datetime(6) NOT NULL,
  `update_at` datetime(6) DEFAULT NULL,
  `cinema_hall_id` varchar(26) DEFAULT NULL,
  `movie_id` bigint DEFAULT NULL
) ENGINE=InnoDB DEFAULT CHARSET=utf8mb4 COLLATE=utf8mb4_0900_ai_ci;

--
-- Dumping data for table `cinema_show`
--

INSERT INTO `cinema_show` (`id`, `create_at`, `end_time`, `start_time`, `update_at`, `cinema_hall_id`, `movie_id`) VALUES
('02d49570-5763c443-0e0e20b9', '2023-06-15 20:15:36.560000', '2023-06-10 14:58:00.000000', '2023-06-10 13:15:00.000000', '2023-06-15 20:15:36.560000', 'dad16036-443f367a-ba92e48e', 10),
('12fd5981-14b6376b-7f28464a', '2023-06-15 20:15:32.240000', '2023-06-11 22:16:00.000000', '2023-06-11 20:30:00.000000', '2023-06-15 20:15:32.240000', '25e26bca-b261282c-7900bb67', 12),
('16a02431-8fb9c725-773dfee8', '2023-06-15 20:15:36.855000', '2023-06-08 22:55:00.000000', '2023-06-08 20:45:00.000000', '2023-06-15 20:15:36.855000', 'b363ab53-dc8f0e28-b9e42f03', 21),
('360453d5-7bb9a652-2e16222e', '2023-06-15 20:15:38.306000', '2023-06-07 17:13:00.000000', '2023-06-07 15:00:00.000000', '2023-06-15 20:15:38.306000', 'b363ab53-dc8f0e28-b9e42f03', 7),
('42a849ad-22d6499b-116bd748', '2023-06-15 20:15:35.967000', '2023-06-13 18:02:00.000000', '2023-06-13 16:00:00.000000', '2023-06-15 20:15:35.967000', '25e26bca-b261282c-7900bb67', 2),
('433236f1-68829139-724b58a8', '2023-06-15 20:15:31.647000', '2023-06-10 17:09:00.000000', '2023-06-10 14:45:00.000000', '2023-06-15 20:15:31.647000', 'dad16036-443f367a-ba92e48e', 9),
('4e4cf96e-1acaaad4-63ccd759', '2023-06-15 20:15:38.623000', '2023-06-12 21:25:00.000000', '2023-06-12 19:15:00.000000', '2023-06-15 20:15:38.623000', '25e26bca-b261282c-7900bb67', 23),
('53be5f2b-45e36235-5cd210b3', '2023-06-15 20:15:32.913000', '2023-06-07 20:33:00.000000', '2023-06-07 18:45:00.000000', '2023-06-15 20:15:32.913000', 'b363ab53-dc8f0e28-b9e42f03', 8),
('56cc6688-df8a2e38-2162ed27', '2023-06-15 20:15:33.748000', '2023-06-11 17:26:00.000000', '2023-06-11 15:45:00.000000', '2023-06-15 20:15:33.748000', '89ebffad-62ada343-8bc33338', 13),
('57f477bc-96829428-3d3e4599', '2023-06-15 20:15:33.108000', '2023-06-12 18:40:00.000000', '2023-06-12 16:30:00.000000', '2023-06-15 20:15:33.108000', '25e26bca-b261282c-7900bb67', 23),
('62565e62-1601caab-91c3347e', '2023-06-15 20:15:31.832000', '2023-06-08 23:25:00.000000', '2023-06-08 21:15:00.000000', '2023-06-15 20:15:31.832000', 'b363ab53-dc8f0e28-b9e42f03', 22),
('69b61741-856ca4cc-32c91a7b', '2023-06-15 20:15:33.962000', '2023-06-09 21:13:00.000000', '2023-06-09 19:00:00.000000', '2023-06-15 20:15:33.962000', 'dad16036-443f367a-ba92e48e', 7),
('6d108104-3a6fa3d7-c2d533e3', '2023-06-15 20:15:34.406000', '2023-06-13 23:10:00.000000', '2023-06-13 21:00:00.000000', '2023-06-15 20:15:34.406000', '25e26bca-b261282c-7900bb67', 25),
('70cd8618-93e95219-67e18b87', '2023-06-15 20:15:35.444000', '2023-06-11 21:55:00.000000', '2023-06-11 19:45:00.000000', '2023-06-15 20:15:35.444000', '25e26bca-b261282c-7900bb67', 20),
('77b3bac0-12b14306-eab7fb5e', '2023-06-15 20:15:34.915000', '2023-06-08 19:58:00.000000', '2023-06-08 18:15:00.000000', '2023-06-15 20:15:34.915000', 'b363ab53-dc8f0e28-b9e42f03', 11),
('7a92b03b-c28eb91e-33cfad47', '2023-06-15 20:15:33.534000', '2023-06-08 15:30:00.000000', '2023-06-08 14:00:00.000000', '2023-06-15 20:15:33.534000', 'b363ab53-dc8f0e28-b9e42f03', 5),
('83a9e5af-823d4066-f8545c66', '2023-06-15 20:15:34.179000', '2023-06-07 16:09:00.000000', '2023-06-07 13:30:00.000000', '2023-06-15 20:15:34.179000', 'b363ab53-dc8f0e28-b9e42f03', 1),
('909fe10f-5c932a32-a276b53d', '2023-06-15 20:15:38.015000', '2023-06-10 20:55:00.000000', '2023-06-10 18:45:00.000000', '2023-06-15 20:15:38.015000', 'dad16036-443f367a-ba92e48e', 20),
('9ffe64a9-0e43f7fe-27c9cb68', '2023-06-15 20:15:35.182000', '2023-06-12 18:42:00.000000', '2023-06-12 17:00:00.000000', '2023-06-15 20:15:35.182000', '89ebffad-62ada343-8bc33338', 4),
('a3acc532-b4ef7790-c2dfea3f', '2023-06-15 20:15:35.718000', '2023-06-09 16:35:00.000000', '2023-06-09 14:15:00.000000', '2023-06-15 20:15:35.718000', '89ebffad-62ada343-8bc33338', 15),
('a8c75739-892d563b-33c04143', '2023-06-15 20:15:34.664000', '2023-06-10 18:55:00.000000', '2023-06-10 16:30:00.000000', '2023-06-15 20:15:34.664000', 'dad16036-443f367a-ba92e48e', 16),
('aadd4aec-f8456853-aac62184', '2023-06-15 20:15:32.692000', '2023-06-10 14:10:00.000000', '2023-06-10 12:00:00.000000', '2023-06-15 20:15:32.692000', 'dad16036-443f367a-ba92e48e', 19),
('afc99b82-f7de970c-0a8b199f', '2023-06-15 20:15:37.732000', '2023-06-09 19:00:00.000000', '2023-06-09 17:30:00.000000', '2023-06-15 20:15:37.732000', '89ebffad-62ada343-8bc33338', 5),
('b178a981-0a3a2d5a-fdb64525', '2023-06-15 20:15:38.923000', '2023-06-08 20:09:00.000000', '2023-06-08 17:45:00.000000', '2023-06-15 20:15:38.923000', 'b363ab53-dc8f0e28-b9e42f03', 9),
('b9fb509c-7a9a04d3-ed121498', '2023-06-15 20:15:33.317000', '2023-06-12 18:40:00.000000', '2023-06-12 16:30:00.000000', '2023-06-15 20:15:33.317000', '25e26bca-b261282c-7900bb67', 23),
('c0b3bd2f-6b1a1a67-e2e9270f', '2023-06-15 20:15:37.146000', '2023-06-11 17:58:00.000000', '2023-06-11 16:15:00.000000', '2023-06-15 20:15:37.146000', '89ebffad-62ada343-8bc33338', 14),
('c6b8009f-229c53f8-9c8986c9', '2023-06-15 20:15:31.418000', '2023-06-12 21:40:00.000000', '2023-06-12 19:30:00.000000', '2023-06-15 20:15:31.418000', '25e26bca-b261282c-7900bb67', 17),
('d58d7610-48cc9183-ce7e5121', '2023-06-15 20:15:36.260000', '2023-06-12 20:10:00.000000', '2023-06-12 18:00:00.000000', '2023-06-15 20:15:36.260000', '25e26bca-b261282c-7900bb67', 18),
('e2456b3c-569b3bd7-1a4ba0dd', '2023-06-15 20:15:32.034000', '2023-06-13 18:54:00.000000', '2023-06-13 17:00:00.000000', '2023-06-15 20:15:32.034000', '89ebffad-62ada343-8bc33338', 3),
('ea01d571-901a3b58-6ba41284', '2023-06-15 20:15:32.458000', '2023-06-09 17:45:00.000000', '2023-06-09 16:15:00.000000', '2023-06-15 20:15:32.458000', '89ebffad-62ada343-8bc33338', 6),
('ee88b52c-46f88bae-12a2c208', '2023-06-15 20:04:20.496000', '2023-05-20 10:24:00.000000', '2023-05-20 07:45:00.000000', '2023-06-15 20:04:20.496000', '25e26bca-b261282c-7900bb67', 1),
('fce15157-7ed50e6c-02bb8d91', '2023-06-15 20:15:37.439000', '2023-06-13 22:25:00.000000', '2023-06-13 20:15:00.000000', '2023-06-15 20:15:37.439000', '25e26bca-b261282c-7900bb67', 24);

-- --------------------------------------------------------

--
-- Table structure for table `comment`
--

CREATE TABLE `comment` (
  `id` varchar(26) NOT NULL,
  `comment` varchar(255) NOT NULL,
  `create_at` datetime(6) NOT NULL,
  `disliked` int NOT NULL,
  `liked` int NOT NULL,
  `rated` int NOT NULL,
  `update_at` datetime(6) DEFAULT NULL,
  `movie_id` bigint DEFAULT NULL,
  `user_id` varchar(26) DEFAULT NULL
) ENGINE=InnoDB DEFAULT CHARSET=utf8mb4 COLLATE=utf8mb4_0900_ai_ci;

--
-- Dumping data for table `comment`
--

INSERT INTO `comment` (`id`, `comment`, `create_at`, `disliked`, `liked`, `rated`, `update_at`, `movie_id`, `user_id`) VALUES
('041acd90-861586b5-1faaba60', 'Tuyệt vời! Đây là một trong những bộ phim xuất sắc nhất mà tôi từng xem. Cốt truyện thông minh và diễn xuất ấn tượng. Đáng để dành thời gian để xem!', '2023-06-15 21:07:19.886000', 0, 0, 5, '2023-06-15 21:07:19.886000', 19, 'fef32e6b-d92f9396-e3fd93a6'),
('042ab23a-335c69a1-57b4b7cf', 'Phim này không phải là sở thích của tôi. Cốt truyện chưa thực sự cuốn hút và diễn xuất cũng không ấn tượng. Tôi hy vọng có nhiều bộ phim tốt hơn để xem.', '2023-06-15 21:07:18.816000', 0, 0, 2, '2023-06-15 21:07:18.816000', 7, 'fef32e6b-d92f9396-e3fd93a6'),
('05340f42-7dbe67b0-75755569', 'Phim này không phải là sở thích của tôi. Cốt truyện chưa thực sự cuốn hút và diễn xuất cũng không ấn tượng. Tôi hy vọng có nhiều bộ phim tốt hơn để xem.', '2023-06-15 21:07:19.548000', 0, 0, 2, '2023-06-15 21:07:19.548000', 15, 'fef32e6b-d92f9396-e3fd93a6'),
('05b012b1-a1b45ad9-39c40d31', 'Phim này thực sự tuyệt vời! Cốt truyện hấp dẫn và diễn xuất xuất sắc. Những cảnh quay đẹp mắt và tạo hình nhân vật rất đặc sắc. Một bộ phim không thể bỏ qua!', '2023-06-15 21:07:19.916000', 0, 0, 4, '2023-06-15 21:07:19.916000', 20, 'fef32e6b-d92f9396-e3fd93a6'),
('069b302e-3e96c47f-e0ac5774', 'Tuyệt vời! Phim có cốt truyện gây cấn và diễn xuất xuất sắc. Một trong những bộ phim hay nhất mà tôi từng xem.', '2023-06-15 21:07:20.033000', 0, 0, 5, '2023-06-15 21:07:20.033000', 21, 'fef32e6b-d92f9396-e3fd93a6'),
('09f971b1-3412e358-78f3debc', 'Phim này khá ổn. Cốt truyện có những tình tiết thú vị và diễn xuất tốt. Mặc dù không xuất sắc, nhưng vẫn xứng đáng xem.', '2023-06-15 21:07:19.006000', 0, 0, 3, '2023-06-15 21:07:19.006000', 10, 'fef32e6b-d92f9396-e3fd93a6'),
('0ccd1748-c32ddc49-3ca27197', 'Phim này khá ổn. Cốt truyện có những khía cạnh thú vị và diễn xuất cũng tốt. Tuy không xuất sắc nhưng vẫn xứng đáng xem.', '2023-06-15 21:07:18.385000', 0, 0, 3, '2023-06-15 21:07:18.385000', 3, 'fef32e6b-d92f9396-e3fd93a6'),
('0d34b45e-0c352464-3894c267', 'Phim này thực sự tuyệt vời! Cốt truyện hấp dẫn và diễn xuất xuất sắc. Mình đã bị lôi cuốn từ đầu đến cuối. Đáng để xem.', '2023-06-15 21:07:20.192000', 0, 0, 4, '2023-06-15 21:07:20.192000', 23, 'fef32e6b-d92f9396-e3fd93a6'),
('0ed22728-6ea55453-d3cbabec', 'Phim này khá ổn. Cốt truyện có những tình tiết thú vị và diễn xuất tốt. Mặc dù không xuất sắc, nhưng vẫn xứng đáng xem.', '2023-06-15 21:07:18.922000', 0, 0, 3, '2023-06-15 21:07:18.922000', 9, 'fef32e6b-d92f9396-e3fd93a6'),
('0f0b4be7-c6a297ba-bb08b1f1', 'Phim này khá ổn đấy. Cốt truyện có những điểm thú vị và diễn xuất cũng không tồi. Mình đã có trải nghiệm tốt.', '2023-06-15 21:07:20.446000', 0, 0, 3, '2023-06-15 21:07:20.446000', 25, 'fef32e6b-d92f9396-e3fd93a6'),
('0ff91fd1-93624a8a-15f8e991', 'Phim này không phải là sở thích của mình. Tôi không thấy hấp dẫn và cảm thấy nó khá nhàm chán. Có nhiều bộ phim tốt hơn để xem.', '2023-06-15 21:07:18.724000', 0, 0, 2, '2023-06-15 21:07:18.724000', 6, 'fef32e6b-d92f9396-e3fd93a6'),
('10adffc5-f235e9e3-54c91863', 'Phim này khá ổn. Cốt truyện có những tình tiết thú vị và diễn xuất tốt. Mặc dù không xuất sắc, nhưng vẫn xứng đáng xem.', '2023-06-15 21:07:19.572000', 0, 0, 3, '2023-06-15 21:07:19.572000', 16, 'fef32e6b-d92f9396-e3fd93a6'),
('117a421f-e47a8d2f-614bb437', 'Bộ phim này rất thú vị! Tôi thích cách diễn viên thể hiện vai diễn và cốt truyện hấp dẫn. Nếu bạn muốn xem một bộ phim giải trí thú vị, hãy thử ngay!', '2023-06-15 21:07:18.161000', 0, 0, 4, '2023-06-15 21:07:18.161000', 1, 'fef32e6b-d92f9396-e3fd93a6'),
('118966af-85d5f18b-760d3890', 'Tuyệt vời! Phim có cốt truyện gây cấn và diễn xuất xuất sắc. Mình đã bị lôi cuốn từ đầu đến cuối. Đây là một trong những bộ phim hay nhất mà tôi từng xem.', '2023-06-15 21:07:19.759000', 0, 0, 5, '2023-06-15 21:07:19.759000', 18, 'fef32e6b-d92f9396-e3fd93a6'),
('12626fe6-fa208b32-241635e9', 'Tuyệt vời! Phim có cốt truyện gây cấn và diễn xuất xuất sắc. Mình đã bị lôi cuốn từ đầu đến cuối. Đây là một trong những bộ phim hay nhất mà tôi từng xem.', '2023-06-15 21:07:19.676000', 0, 0, 5, '2023-06-15 21:07:19.676000', 17, 'fef32e6b-d92f9396-e3fd93a6'),
('138c9cec-eb3d3cef-e7e783a1', 'Phim này khá ổn. Cốt truyện có những tình tiết thú vị và diễn xuất tốt. Mặc dù không xuất sắc, nhưng vẫn xứng đáng xem.', '2023-06-15 21:07:19.190000', 0, 0, 3, '2023-06-15 21:07:19.190000', 12, 'fef32e6b-d92f9396-e3fd93a6'),
('13e630bd-037bb49c-4f6d4ff3', 'Phim này khá ổn đấy. Cốt truyện có những điểm thú vị và diễn xuất cũng không tồi. Nếu bạn muốn xem một bộ phim giải trí, hãy thử ngay!', '2023-06-15 21:07:19.979000', 0, 0, 3, '2023-06-15 21:07:19.979000', 20, 'fef32e6b-d92f9396-e3fd93a6'),
('166b01d6-f5217db2-6c5429a7', 'Phim này rất ấn tượng! Cốt truyện phong phú và lôi cuốn, diễn xuất xuất sắc và cảnh quay đẹp mắt. Tôi rất thích bộ phim này!', '2023-06-15 21:07:19.226000', 0, 0, 4, '2023-06-15 21:07:19.226000', 12, 'fef32e6b-d92f9396-e3fd93a6'),
('175e0853-62215d85-f61a73f0', 'Phim này không đáng xem. Cốt truyện nhạt nhẽo và diễn xuất kém. Mình không thấy hứng thú khi xem.', '2023-06-15 21:07:18.310000', 0, 0, 2, '2023-06-15 21:07:18.310000', 2, 'fef32e6b-d92f9396-e3fd93a6'),
('19143af4-cfd0d632-285eade4', 'Phim này rất ấn tượng! Cốt truyện phong phú và lôi cuốn, diễn xuất xuất sắc và cảnh quay đẹp mắt. Tôi rất thích bộ phim này!', '2023-06-15 21:07:18.866000', 0, 0, 4, '2023-06-15 21:07:18.866000', 8, 'fef32e6b-d92f9396-e3fd93a6'),
('1a0ed38b-672ad1db-0cce78ae', 'Tuyệt vời! Đây là một trong những bộ phim xuất sắc nhất mà tôi từng xem. Cốt truyện thông minh và diễn xuất ấn tượng. Đáng để dành thời gian để xem!', '2023-06-15 21:07:18.885000', 0, 0, 5, '2023-06-15 21:07:18.885000', 8, 'fef32e6b-d92f9396-e3fd93a6'),
('1b77dbb5-1fc96d06-42fb54fc', 'Phim này rất ấn tượng! Cốt truyện phong phú và lôi cuốn, diễn xuất xuất sắc và cảnh quay đẹp mắt. Tôi rất thích bộ phim này!', '2023-06-15 21:07:19.965000', 0, 0, 4, '2023-06-15 21:07:19.965000', 20, 'fef32e6b-d92f9396-e3fd93a6'),
('1b8bcf5f-87b498f6-dd2aa0d1', 'Phim này tuyệt vời! Tôi không thể rời mắt khỏi màn hình suốt cả thời gian. Cốt truyện độc đáo và diễn xuất xuất sắc. Rất đáng xem!', '2023-06-15 21:07:18.201000', 0, 0, 5, '2023-06-15 21:07:18.201000', 1, 'fef32e6b-d92f9396-e3fd93a6'),
('1c88eff9-cedfaaa0-51dc2897', 'Phim này rất ấn tượng! Cốt truyện phong phú và lôi cuốn, diễn xuất xuất sắc và cảnh quay đẹp mắt. Tôi rất thích bộ phim này!', '2023-06-15 21:07:19.507000', 0, 0, 4, '2023-06-15 21:07:19.507000', 15, 'fef32e6b-d92f9396-e3fd93a6'),
('1deb8680-2eec49ab-d65dde84', 'Phim này khá ổn đấy. Cốt truyện có những điểm thú vị và diễn xuất cũng không tồi. Nếu bạn muốn xem một bộ phim giải trí, hãy thử ngay!', '2023-06-15 21:07:19.519000', 0, 0, 3, '2023-06-15 21:07:19.519000', 15, 'fef32e6b-d92f9396-e3fd93a6'),
('203bed68-e984d496-22b1ebfd', 'Phim này khá ổn. Mình đã có những giây phút giải trí và cảm thấy thoải mái khi xem nó. Nếu bạn muốn xem một bộ phim nhẹ nhàng, hãy thử ngay!', '2023-06-15 21:07:18.524000', 0, 0, 3, '2023-06-15 21:07:18.524000', 4, 'fef32e6b-d92f9396-e3fd93a6'),
('21cbb984-8e30541b-77c89cba', 'Phim này rất ấn tượng! Cốt truyện phong phú và lôi cuốn, diễn xuất xuất sắc và cảnh quay đẹp mắt. Mình rất thích bộ phim này.', '2023-06-15 21:07:20.237000', 0, 0, 4, '2023-06-15 21:07:20.237000', 23, 'fef32e6b-d92f9396-e3fd93a6'),
('2283aa3d-98fced20-39552ac2', 'Phim này khá ổn. Cốt truyện có những tình tiết thú vị và diễn xuất tốt. Mặc dù không xuất sắc, nhưng vẫn xứng đáng xem.', '2023-06-15 21:07:19.928000', 0, 0, 3, '2023-06-15 21:07:19.928000', 20, 'fef32e6b-d92f9396-e3fd93a6'),
('244a2d5c-c13e026e-b5278e2d', 'Phim này không phải là sở thích của tôi. Cốt truyện chưa thực sự cuốn hút và diễn xuất cũng không ấn tượng. Tôi hy vọng có nhiều bộ phim tốt hơn để xem.', '2023-06-15 21:07:19.216000', 0, 0, 2, '2023-06-15 21:07:19.216000', 12, 'fef32e6b-d92f9396-e3fd93a6'),
('25ecc551-4f038dc1-27b2ef61', 'Phim này không phải là sở thích của tôi. Cốt truyện chưa thực sự cuốn hút và diễn xuất cũng không ấn tượng. Tôi hy vọng có nhiều bộ phim tốt hơn để xem.', '2023-06-15 21:07:19.065000', 0, 0, 2, '2023-06-15 21:07:19.065000', 10, 'fef32e6b-d92f9396-e3fd93a6'),
('26406c57-425c92a6-1f9024db', 'Tuyệt vời! Đây là một trong những bộ phim xuất sắc nhất mà tôi từng xem. Cốt truyện thông minh và diễn xuất ấn tượng. Đáng để dành thời gian để xem!', '2023-06-15 21:07:19.716000', 0, 0, 5, '2023-06-15 21:07:19.716000', 17, 'fef32e6b-d92f9396-e3fd93a6'),
('27fe9e03-35580229-cd9017c4', 'Phim này không phải là sở thích của tôi. Cốt truyện chưa thực sự cuốn hút và diễn xuất cũng không ấn tượng. Tôi hy vọng có nhiều bộ phim tốt hơn để xem.', '2023-06-15 21:07:20.001000', 0, 0, 2, '2023-06-15 21:07:20.001000', 20, 'fef32e6b-d92f9396-e3fd93a6'),
('2bb26d1b-9cdf1961-9dd6b9e2', 'Phim này khá ổn đấy. Cốt truyện có những điểm thú vị và diễn xuất cũng không tồi. Nếu bạn muốn xem một bộ phim giải trí, hãy thử ngay!', '2023-06-15 21:07:19.431000', 0, 0, 3, '2023-06-15 21:07:19.431000', 14, 'fef32e6b-d92f9396-e3fd93a6'),
('2bd33199-425383e4-749fb32d', 'Phim này khá ổn. Tuy không đạt tới mức xuất sắc, nhưng nó vẫn có những pha hành động hấp dẫn và diễn xuất tốt.', '2023-06-15 21:07:18.189000', 0, 0, 3, '2023-06-15 21:07:18.189000', 1, 'fef32e6b-d92f9396-e3fd93a6'),
('2e03c9e0-51770aaf-15d44f71', 'Phim này không phải là sở thích của tôi. Cốt truyện chưa thực sự cuốn hút và diễn xuất cũng không ấn tượng. Tôi hy vọng có nhiều bộ phim tốt hơn để xem.', '2023-06-15 21:07:19.113000', 0, 0, 2, '2023-06-15 21:07:19.113000', 11, 'fef32e6b-d92f9396-e3fd93a6'),
('2e1360d1-a48be99c-41e04e02', 'Tôi không thể tìm thấy từ nào để miêu tả phim này! Nó thực sự tuyệt vời. Cốt truyện gây cấn, hành động mãn nhãn và diễn xuất xuất sắc. Tôi đã bị lôi cuốn từ đầu đến cuối.', '2023-06-15 21:07:18.492000', 0, 0, 5, '2023-06-15 21:07:18.492000', 4, 'fef32e6b-d92f9396-e3fd93a6'),
('2e488a6d-b085089a-51990c3d', 'Phim này khá ổn. Cốt truyện có những tình tiết thú vị và diễn xuất tốt. Mặc dù không xuất sắc, nhưng vẫn xứng đáng xem.', '2023-06-15 21:07:19.665000', 0, 0, 3, '2023-06-15 21:07:19.665000', 17, 'fef32e6b-d92f9396-e3fd93a6'),
('2e7d8a6e-ac3d4572-386b2a25', 'Tuyệt vời! Đây là một trong những bộ phim xuất sắc nhất mà tôi từng xem. Cốt truyện thông minh và diễn xuất ấn tượng. Đáng để dành thời gian để xem!', '2023-06-15 21:07:18.806000', 0, 0, 5, '2023-06-15 21:07:18.806000', 7, 'fef32e6b-d92f9396-e3fd93a6'),
('2f0fdc37-d80755e6-9008b5d1', 'Phim này thực sự tuyệt vời! Cốt truyện hấp dẫn và diễn xuất xuất sắc. Những cảnh quay đẹp mắt và tạo hình nhân vật rất đặc sắc. Một bộ phim không thể bỏ qua!', '2023-06-15 21:07:19.560000', 0, 0, 4, '2023-06-15 21:07:19.560000', 16, 'fef32e6b-d92f9396-e3fd93a6'),
('30584f5b-4eb1a33c-f7a4cf2a', 'Phim này khá ổn. Cốt truyện có những tình tiết thú vị và diễn xuất tốt. Mặc dù không xuất sắc, nhưng vẫn xứng đáng xem.', '2023-06-15 21:07:18.751000', 0, 0, 3, '2023-06-15 21:07:18.751000', 7, 'fef32e6b-d92f9396-e3fd93a6'),
('320819cf-cc02cfa7-577580b7', 'Tuyệt vời! Đây là một trong những bộ phim xuất sắc nhất mà tôi từng xem. Cốt truyện thông minh và diễn xuất ấn tượng. Đáng để dành thời gian để xem!', '2023-06-15 21:07:19.251000', 0, 0, 5, '2023-06-15 21:07:19.251000', 12, 'fef32e6b-d92f9396-e3fd93a6'),
('3213e835-3a84c029-9a29b72a', 'Phim này khá ổn. Cốt truyện có những tình tiết thú vị và diễn xuất cũng tốt. Tuy không xuất sắc nhưng vẫn xứng đáng xem.', '2023-06-15 21:07:18.654000', 0, 0, 3, '2023-06-15 21:07:18.654000', 6, 'fef32e6b-d92f9396-e3fd93a6'),
('344a5394-4b5a5ce9-d4ed2cec', 'Phim này thực sự tuyệt vời! Cốt truyện hấp dẫn và diễn xuất xuất sắc. Những cảnh quay đẹp mắt và tạo hình nhân vật rất đặc sắc. Một bộ phim không thể bỏ qua!', '2023-06-15 21:07:18.826000', 0, 0, 4, '2023-06-15 21:07:18.826000', 8, 'fef32e6b-d92f9396-e3fd93a6'),
('3493bc55-be878fb0-fe032e1e', 'Tuyệt vời! Đây là một trong những bộ phim xuất sắc nhất mà tôi từng xem. Cốt truyện thông minh và diễn xuất ấn tượng. Đáng để dành thời gian để xem!', '2023-06-15 21:07:19.151000', 0, 0, 5, '2023-06-15 21:07:19.151000', 11, 'fef32e6b-d92f9396-e3fd93a6'),
('39ab56d7-f9956b78-128155e3', 'Tuyệt vời! Phim có cốt truyện gây cấn và diễn xuất xuất sắc. Mình đã bị lôi cuốn từ đầu đến cuối. Đây là một trong những bộ phim hay nhất mà tôi từng xem.', '2023-06-15 21:07:19.486000', 0, 0, 5, '2023-06-15 21:07:19.486000', 15, 'fef32e6b-d92f9396-e3fd93a6'),
('3aef331e-df887e70-592820a5', 'Tuyệt vời! Phim có cốt truyện gây cấn và diễn xuất xuất sắc. Mình đã bị lôi cuốn từ đầu đến cuối. Đây là một trong những bộ phim hay nhất mà tôi từng xem.', '2023-06-15 21:07:19.015000', 0, 0, 5, '2023-06-15 21:07:19.015000', 10, 'fef32e6b-d92f9396-e3fd93a6'),
('3d57d0b3-aa98d922-4d68b2e9', 'Phim này khá ổn đấy. Cốt truyện có những điểm thú vị và diễn xuất cũng không tồi. Mình đã có trải nghiệm tốt.', '2023-06-15 21:07:20.353000', 0, 0, 3, '2023-06-15 21:07:20.353000', 24, 'fef32e6b-d92f9396-e3fd93a6'),
('3d820577-d0428038-6f9c76ef', 'Tuyệt vời! Phim có cốt truyện gây cấn và diễn xuất xuất sắc. Mình đã bị lôi cuốn từ đầu đến cuối. Đây là một trong những bộ phim hay nhất mà tôi từng xem.', '2023-06-15 21:07:18.933000', 0, 0, 5, '2023-06-15 21:07:18.933000', 9, 'fef32e6b-d92f9396-e3fd93a6'),
('3e649316-40da5a3a-0b8c3624', 'Phim này rất ấn tượng! Cốt truyện phong phú và lôi cuốn, diễn xuất xuất sắc và cảnh quay đẹp mắt. Mình rất thích bộ phim này.', '2023-06-15 21:07:20.340000', 0, 0, 4, '2023-06-15 21:07:20.340000', 24, 'fef32e6b-d92f9396-e3fd93a6'),
('40a0229b-ca0b74fd-1dc9decb', 'Phim này khá ổn. Cốt truyện có những tình tiết thú vị và diễn xuất tốt. Mặc dù không xuất sắc, nhưng vẫn xứng đáng xem.', '2023-06-15 21:07:19.748000', 0, 0, 3, '2023-06-15 21:07:19.748000', 18, 'fef32e6b-d92f9396-e3fd93a6'),
('41978623-6e50552e-f6d50580', 'Phim này không phù hợp với sở thích của tôi. Cốt truyện chưa thực sự cuốn hút và diễn xuất không ấn tượng. Hy vọng sẽ có nhiều bộ phim tốt hơn để xem.', '2023-06-15 21:07:20.044000', 0, 0, 2, '2023-06-15 21:07:20.044000', 21, 'fef32e6b-d92f9396-e3fd93a6'),
('420fad9a-18c02015-6031a56c', 'Phim này thực sự tuyệt vời! Cốt truyện hấp dẫn và diễn xuất xuất sắc. Những cảnh quay đẹp mắt và tạo hình nhân vật rất đặc sắc. Một bộ phim không thể bỏ qua!', '2023-06-15 21:07:18.996000', 0, 0, 4, '2023-06-15 21:07:18.996000', 10, 'fef32e6b-d92f9396-e3fd93a6'),
('42ba28d9-02e662c5-2d71a760', 'Tuyệt vời! Đây là một trong những bộ phim xuất sắc nhất mà tôi từng xem. Cốt truyện thông minh và diễn xuất ấn tượng. Đáng để dành thời gian để xem!', '2023-06-15 21:07:19.632000', 0, 0, 5, '2023-06-15 21:07:19.632000', 16, 'fef32e6b-d92f9396-e3fd93a6'),
('4325b2b2-5fb71c5d-7942f278', 'Phim này khá ổn đấy. Cốt truyện có những điểm thú vị và diễn xuất cũng không tồi. Nếu bạn muốn xem một bộ phim giải trí, hãy thử ngay!', '2023-06-15 21:07:19.876000', 0, 0, 3, '2023-06-15 21:07:19.876000', 19, 'fef32e6b-d92f9396-e3fd93a6'),
('440d63a5-e983cfb9-dc741f23', 'Phim này khá ổn. Cốt truyện có những tình tiết thú vị và diễn xuất tốt. Mặc dù không xuất sắc, nhưng vẫn xứng đáng xem.', '2023-06-15 21:07:19.090000', 0, 0, 3, '2023-06-15 21:07:19.090000', 11, 'fef32e6b-d92f9396-e3fd93a6'),
('4471b2f6-03693d5a-2f314727', 'Phim này thực sự tuyệt vời! Cốt truyện hấp dẫn và diễn xuất xuất sắc. Những cảnh quay đẹp mắt và tạo hình nhân vật rất đặc sắc. Một bộ phim không thể bỏ qua!', '2023-06-15 21:07:19.822000', 0, 0, 4, '2023-06-15 21:07:19.822000', 19, 'fef32e6b-d92f9396-e3fd93a6'),
('45bf68ef-8dea91d3-359f3c3a', 'Phim này thực sự tuyệt vời! Tôi thích cốt truyện hấp dẫn và diễn xuất xuất sắc của các diễn viên. Mọi chi tiết trong phim đều được chăm chút kỹ lưỡng. Một tuyệt phẩm không thể bỏ qua!', '2023-06-15 21:07:18.369000', 0, 0, 4, '2023-06-15 21:07:18.369000', 3, 'fef32e6b-d92f9396-e3fd93a6'),
('49190eb1-2b1eef91-cc3962a8', 'Phim này khá ổn. Mình đã có những giây phút giải trí và cảm thấy thoải mái khi xem nó. Nếu bạn muốn xem một bộ phim nhẹ nhàng, hãy thử ngay!', '2023-06-15 21:07:18.609000', 0, 0, 3, '2023-06-15 21:07:18.609000', 5, 'fef32e6b-d92f9396-e3fd93a6'),
('49a561bd-75430966-7f26928b', 'Phim này không đáng xem. Cốt truyện nhạt nhẽo và diễn xuất kém. Mình không thấy hứng thú khi xem.', '2023-06-15 21:07:18.505000', 0, 0, 2, '2023-06-15 21:07:18.505000', 4, 'fef32e6b-d92f9396-e3fd93a6'),
('4ba9204c-280a7b83-bf027e52', 'Tuyệt vời! Đây là một trong những bộ phim xuất sắc nhất mà tôi từng xem. Cốt truyện thông minh và diễn xuất ấn tượng. Mình rất khuyến khích xem.', '2023-06-15 21:07:20.458000', 0, 0, 5, '2023-06-15 21:07:20.458000', 25, 'fef32e6b-d92f9396-e3fd93a6'),
('4e04092d-1c900668-6c9ca9a0', 'Phim này khá ổn đấy. Cốt truyện có những điểm thú vị và diễn xuất cũng không tồi. Nếu bạn muốn xem một bộ phim giải trí, hãy thử ngay!', '2023-06-15 21:07:19.620000', 0, 0, 3, '2023-06-15 21:07:19.620000', 16, 'fef32e6b-d92f9396-e3fd93a6'),
('4e4e1a75-a7d78556-a975a21c', 'Phim này khá ổn đấy. Cốt truyện có những điểm thú vị và diễn xuất cũng không tồi. Mình đã có trải nghiệm tốt.', '2023-06-15 21:07:20.252000', 0, 0, 3, '2023-06-15 21:07:20.252000', 23, 'fef32e6b-d92f9396-e3fd93a6'),
('4e74fcf3-17f2a495-392a2eab', 'Phim này khá ổn. Cốt truyện có những tình tiết thú vị và diễn xuất tốt. Mặc dù không xuất sắc, nhưng vẫn xứng đáng xem.', '2023-06-15 21:07:19.292000', 0, 0, 3, '2023-06-15 21:07:19.292000', 13, 'fef32e6b-d92f9396-e3fd93a6'),
('4ee1bec3-04126dc2-125763c4', 'Phim này thực sự tuyệt vời! Cốt truyện hấp dẫn và diễn xuất xuất sắc. Mình đã bị lôi cuốn từ đầu đến cuối. Đáng để xem.', '2023-06-15 21:07:20.011000', 0, 0, 4, '2023-06-15 21:07:20.011000', 21, 'fef32e6b-d92f9396-e3fd93a6'),
('4f3d3cc2-55abf0de-53157d1b', 'Phim này rất ấn tượng! Cốt truyện phong phú và lôi cuốn, diễn xuất xuất sắc và cảnh quay đẹp mắt. Mình rất thích bộ phim này.', '2023-06-15 21:07:20.054000', 0, 0, 4, '2023-06-15 21:07:20.054000', 21, 'fef32e6b-d92f9396-e3fd93a6'),
('50cb3c56-ccd14597-30c55429', 'Tuyệt vời! Đây là một trong những bộ phim xuất sắc nhất mà tôi từng xem. Cốt truyện thông minh và diễn xuất ấn tượng. Mình rất khuyến khích xem.', '2023-06-15 21:07:20.165000', 0, 0, 5, '2023-06-15 21:07:20.165000', 22, 'fef32e6b-d92f9396-e3fd93a6'),
('52ae24c7-17292d55-088dfa84', 'Phim này không phải là sở thích của tôi. Cốt truyện chưa thực sự cuốn hút và diễn xuất cũng không ấn tượng. Tôi hy vọng có nhiều bộ phim tốt hơn để xem.', '2023-06-15 21:07:19.811000', 0, 0, 2, '2023-06-15 21:07:19.811000', 18, 'fef32e6b-d92f9396-e3fd93a6'),
('53ef1349-05430012-a355ff57', 'Phim này không phải là sở thích của tôi. Cốt truyện chưa thực sự cuốn hút và diễn xuất cũng không ấn tượng. Tôi hy vọng có nhiều bộ phim tốt hơn để xem.', '2023-06-15 21:07:19.270000', 0, 0, 2, '2023-06-15 21:07:19.270000', 12, 'fef32e6b-d92f9396-e3fd93a6'),
('585465ba-254135dd-467b3b56', 'Phim này rất ấn tượng! Cốt truyện phong phú và lôi cuốn, diễn xuất xuất sắc và cảnh quay đẹp mắt. Tôi rất thích bộ phim này!', '2023-06-15 21:07:19.126000', 0, 0, 4, '2023-06-15 21:07:19.126000', 11, 'fef32e6b-d92f9396-e3fd93a6'),
('5d86d58c-37e52365-952af847', 'Phim này không phải là sở thích của mình. Tôi không thấy hấp dẫn và cảm thấy nó khá nhàm chán. Có nhiều bộ phim tốt hơn để xem.', '2023-06-15 21:07:18.268000', 0, 0, 2, '2023-06-15 21:07:18.268000', 1, 'fef32e6b-d92f9396-e3fd93a6'),
('5d94a195-cc27e232-e79ca904', 'Phim này khá ổn đấy. Cốt truyện có những điểm thú vị và diễn xuất cũng không tồi. Nếu bạn muốn xem một bộ phim giải trí, hãy thử ngay!', '2023-06-15 21:07:19.237000', 0, 0, 3, '2023-06-15 21:07:19.237000', 12, 'fef32e6b-d92f9396-e3fd93a6'),
('5da603d3-2e39b9f7-99679936', 'Phim này thực sự tuyệt vời! Cốt truyện hấp dẫn và diễn xuất xuất sắc. Những cảnh quay đẹp mắt và tạo hình nhân vật rất đặc sắc. Một bộ phim không thể bỏ qua!', '2023-06-15 21:07:18.741000', 0, 0, 4, '2023-06-15 21:07:18.741000', 7, 'fef32e6b-d92f9396-e3fd93a6'),
('6388511d-fe7fb7c7-6b69b79c', 'Tuyệt vời! Phim có cốt truyện gây cấn và diễn xuất xuất sắc. Mình đã bị lôi cuốn từ đầu đến cuối. Đây là một trong những bộ phim hay nhất mà tôi từng xem.', '2023-06-15 21:07:19.304000', 0, 0, 5, '2023-06-15 21:07:19.304000', 13, 'fef32e6b-d92f9396-e3fd93a6'),
('696845a6-d349c746-51d305b1', 'Phim này không phải là sở thích của tôi. Cốt truyện chưa thực sự cuốn hút và diễn xuất cũng không ấn tượng. Tôi hy vọng có nhiều bộ phim tốt hơn để xem.', '2023-06-15 21:07:19.902000', 0, 0, 2, '2023-06-15 21:07:19.902000', 19, 'fef32e6b-d92f9396-e3fd93a6'),
('6a233111-5789e92d-a6a9d0b2', 'Phim này không phải là sở thích của tôi. Cốt truyện chưa thực sự cuốn hút và diễn xuất cũng không ấn tượng. Tôi hy vọng có nhiều bộ phim tốt hơn để xem.', '2023-06-15 21:07:19.409000', 0, 0, 2, '2023-06-15 21:07:19.409000', 14, 'fef32e6b-d92f9396-e3fd93a6'),
('6b2c9d77-a79c7a08-d682d1d2', 'Phim này khá ổn đấy. Cốt truyện có những điểm thú vị và diễn xuất cũng không tồi. Nếu bạn muốn xem một bộ phim giải trí, hãy thử ngay!', '2023-06-15 21:07:18.965000', 0, 0, 3, '2023-06-15 21:07:18.965000', 9, 'fef32e6b-d92f9396-e3fd93a6'),
('6f1d5103-8a3ba14a-63b11c26', 'Phim này không phải là sở thích của tôi. Cốt truyện chưa thực sự cuốn hút và diễn xuất cũng không ấn tượng. Tôi hy vọng có nhiều bộ phim tốt hơn để xem.', '2023-06-15 21:07:18.857000', 0, 0, 2, '2023-06-15 21:07:18.857000', 8, 'fef32e6b-d92f9396-e3fd93a6'),
('746011cb-8a2f509f-47114907', 'Tuyệt vời! Đây là một trong những bộ phim xuất sắc nhất mà tôi từng xem. Cốt truyện thông minh và diễn xuất ấn tượng. Mình rất khuyến khích xem.', '2023-06-15 21:07:20.364000', 0, 0, 5, '2023-06-15 21:07:20.364000', 24, 'fef32e6b-d92f9396-e3fd93a6'),
('74f45140-f0cfd05a-c1a375cf', 'Phim này khá ổn đấy. Cốt truyện có những điểm thú vị và diễn xuất cũng không tồi. Nếu bạn muốn xem một bộ phim giải trí, hãy thử ngay!', '2023-06-15 21:07:18.797000', 0, 0, 3, '2023-06-15 21:07:18.797000', 7, 'fef32e6b-d92f9396-e3fd93a6'),
('75228d5f-14e264e1-c4d56cad', 'Phim này khá ổn. Cốt truyện có những tình tiết thú vị và diễn xuất tốt. Mặc dù không xuất sắc, nhưng vẫn xứng đáng xem.', '2023-06-15 21:07:19.833000', 0, 0, 3, '2023-06-15 21:07:19.833000', 19, 'fef32e6b-d92f9396-e3fd93a6'),
('75c03256-46ffa5d2-36f4128a', 'Phim này không phải là sở thích của tôi. Cốt truyện chưa thực sự cuốn hút và diễn xuất cũng không ấn tượng. Tôi hy vọng có nhiều bộ phim tốt hơn để xem.', '2023-06-15 21:07:19.314000', 0, 0, 2, '2023-06-15 21:07:19.314000', 13, 'fef32e6b-d92f9396-e3fd93a6'),
('7665bce5-742e2629-885e9db5', 'Phim này không phù hợp với sở thích của tôi. Cốt truyện chưa thực sự cuốn hút và diễn xuất không ấn tượng. Hy vọng sẽ có nhiều bộ phim tốt hơn để xem.', '2023-06-15 21:07:20.469000', 0, 0, 2, '2023-06-15 21:07:20.469000', 25, 'fef32e6b-d92f9396-e3fd93a6'),
('7727fd17-f683b0f0-a3c2e68e', 'Phim này không phù hợp với sở thích của tôi. Cốt truyện chưa thực sự cuốn hút và diễn xuất không ấn tượng. Hy vọng sẽ có nhiều bộ phim tốt hơn để xem.', '2023-06-15 21:07:20.376000', 0, 0, 2, '2023-06-15 21:07:20.376000', 24, 'fef32e6b-d92f9396-e3fd93a6'),
('79d2a37c-6d6b1ea5-fbf9d7ce', 'Tuyệt vời! Phim có cốt truyện sâu sắc và ý nghĩa. Diễn xuất xuất sắc và tạo hình nhân vật độc đáo. Mình đã yêu thích từ đầu đến cuối!', '2023-06-15 21:07:18.256000', 0, 0, 5, '2023-06-15 21:07:18.256000', 1, 'fef32e6b-d92f9396-e3fd93a6'),
('7a6f1992-acbc3ed9-16d6f216', 'Phim này thực sự tuyệt vời! Cốt truyện hấp dẫn và diễn xuất xuất sắc. Mình đã bị lôi cuốn từ đầu đến cuối. Đáng để xem.', '2023-06-15 21:07:20.293000', 0, 0, 4, '2023-06-15 21:07:20.293000', 24, 'fef32e6b-d92f9396-e3fd93a6'),
('7c20421c-57feb4ed-8e5759b1', 'Phim này rất ấn tượng! Cốt truyện phong phú và lôi cuốn, diễn xuất xuất sắc và cảnh quay đẹp mắt. Mình rất thích bộ phim này.', '2023-06-15 21:07:20.143000', 0, 0, 4, '2023-06-15 21:07:20.143000', 22, 'fef32e6b-d92f9396-e3fd93a6'),
('7d6f65bd-03e30dfd-0107a239', 'Phim này khá ổn đấy. Cốt truyện có những điểm thú vị và diễn xuất cũng không tồi. Nếu bạn muốn xem một bộ phim giải trí, hãy thử ngay!', '2023-06-15 21:07:19.334000', 0, 0, 3, '2023-06-15 21:07:19.334000', 13, 'fef32e6b-d92f9396-e3fd93a6'),
('7dd54351-ec60b408-0c225412', 'Tuyệt vời! Phim có cốt truyện sâu sắc và ý nghĩa. Diễn xuất xuất sắc và tạo hình nhân vật độc đáo. Mình đã yêu thích từ đầu đến cuối!', '2023-06-15 21:07:18.619000', 0, 0, 5, '2023-06-15 21:07:18.619000', 5, 'fef32e6b-d92f9396-e3fd93a6'),
('7f7d381a-e5eff4a4-e8793d18', 'Phim này không phù hợp với sở thích của tôi. Cốt truyện chưa thực sự cuốn hút và diễn xuất không ấn tượng. Hy vọng sẽ có nhiều bộ phim tốt hơn để xem.', '2023-06-15 21:07:20.175000', 0, 0, 2, '2023-06-15 21:07:20.175000', 22, 'fef32e6b-d92f9396-e3fd93a6'),
('7faf810c-e61e8d94-c1c29ba4', 'Phim này khá ổn đấy. Cốt truyện có những điểm thú vị và diễn xuất cũng không tồi. Nếu bạn muốn xem một bộ phim giải trí, hãy thử ngay!', '2023-06-15 21:07:19.706000', 0, 0, 3, '2023-06-15 21:07:19.706000', 17, 'fef32e6b-d92f9396-e3fd93a6'),
('80661971-49dd5fcf-5d5745c8', 'Phim này không phải là sở thích của tôi. Cốt truyện chưa thực sự cuốn hút và diễn xuất cũng không ấn tượng. Tôi hy vọng có nhiều bộ phim tốt hơn để xem.', '2023-06-15 21:07:19.854000', 0, 0, 2, '2023-06-15 21:07:19.854000', 19, 'fef32e6b-d92f9396-e3fd93a6'),
('82129f84-77dbbe2c-22b6dede', 'Tuyệt vời! Phim có cốt truyện gây cấn và diễn xuất xuất sắc. Mình đã bị lôi cuốn từ đầu đến cuối. Đây là một trong những bộ phim hay nhất mà tôi từng xem.', '2023-06-15 21:07:19.204000', 0, 0, 5, '2023-06-15 21:07:19.204000', 12, 'fef32e6b-d92f9396-e3fd93a6'),
('82a25974-a58403b2-a0842ab6', 'Phim này không phải là sở thích của tôi. Cốt truyện chưa thực sự cuốn hút và diễn xuất cũng không ấn tượng. Tôi hy vọng có nhiều bộ phim tốt hơn để xem.', '2023-06-15 21:07:19.025000', 0, 0, 2, '2023-06-15 21:07:19.025000', 10, 'fef32e6b-d92f9396-e3fd93a6'),
('82a6ef0d-0d2b4388-f457b86f', 'Không thích phim này lắm. Cốt truyện tẻ nhạt và diễn xuất kém. Mình không thấy hứng thú khi xem.', '2023-06-15 21:07:18.676000', 0, 0, 2, '2023-06-15 21:07:18.676000', 6, 'fef32e6b-d92f9396-e3fd93a6'),
('82e46b0c-a9a62e77-2041f970', 'Phim này không phải là sở thích của tôi. Cốt truyện chưa thực sự cuốn hút và diễn xuất cũng không ấn tượng. Tôi hy vọng có nhiều bộ phim tốt hơn để xem.', '2023-06-15 21:07:19.599000', 0, 0, 2, '2023-06-15 21:07:19.599000', 16, 'fef32e6b-d92f9396-e3fd93a6'),
('837b80a8-92b7f129-5c25ea33', 'Phim này thực sự tuyệt vời! Cốt truyện hấp dẫn và diễn xuất xuất sắc. Những cảnh quay đẹp mắt và tạo hình nhân vật rất đặc sắc. Một bộ phim không thể bỏ qua!', '2023-06-15 21:07:19.374000', 0, 0, 4, '2023-06-15 21:07:19.374000', 14, 'fef32e6b-d92f9396-e3fd93a6'),
('86313c0d-192f64a4-1221aeb4', 'Tuyệt vời! Phim có cốt truyện gây cấn và diễn xuất xuất sắc. Một trong những bộ phim hay nhất mà tôi từng xem.', '2023-06-15 21:07:20.317000', 0, 0, 5, '2023-06-15 21:07:20.317000', 24, 'fef32e6b-d92f9396-e3fd93a6'),
('86d406d2-11df07f2-b536e08e', 'Tuyệt vời! Phim có cốt truyện sâu sắc và ý nghĩa. Diễn xuất xuất sắc và tạo hình nhân vật độc đáo. Mình đã yêu thích từ đầu đến cuối!', '2023-06-15 21:07:18.444000', 0, 0, 5, '2023-06-15 21:07:18.444000', 3, 'fef32e6b-d92f9396-e3fd93a6'),
('8772f29c-247444c0-12cc1741', 'Phim này không phải là sở thích của mình. Tôi không thấy hấp dẫn và cảm thấy nó khá nhàm chán. Có nhiều bộ phim tốt hơn để xem.', '2023-06-15 21:07:18.544000', 0, 0, 2, '2023-06-15 21:07:18.544000', 4, 'fef32e6b-d92f9396-e3fd93a6'),
('8883fbc7-b7cf62c5-440b2ded', 'Phim này không phải là sở thích của tôi. Cốt truyện chưa thực sự cuốn hút và diễn xuất cũng không ấn tượng. Tôi hy vọng có nhiều bộ phim tốt hơn để xem.', '2023-06-15 21:07:18.985000', 0, 0, 2, '2023-06-15 21:07:18.985000', 9, 'fef32e6b-d92f9396-e3fd93a6'),
('892ee3e8-cf3b3cdb-51dc99f6', 'Phim này thực sự tuyệt vời! Cốt truyện hấp dẫn và diễn xuất xuất sắc. Những cảnh quay đẹp mắt và tạo hình nhân vật rất đặc sắc. Một bộ phim không thể bỏ qua!', '2023-06-15 21:07:19.079000', 0, 0, 4, '2023-06-15 21:07:19.079000', 11, 'fef32e6b-d92f9396-e3fd93a6'),
('89a5a5cf-7eb351d9-f425040f', 'Phim này khá ổn. Cốt truyện có những tình tiết thú vị và diễn xuất cũng tốt. Tuy không xuất sắc nhưng vẫn xứng đáng xem.', '2023-06-15 21:07:18.482000', 0, 0, 3, '2023-06-15 21:07:18.482000', 4, 'fef32e6b-d92f9396-e3fd93a6'),
('89be7f9f-35809ec8-8c106776', 'Phim này khá ổn. Cốt truyện có những tình tiết thú vị và diễn xuất cũng tốt. Tuy không xuất sắc nhưng vẫn xứng đáng xem.', '2023-06-15 21:07:18.290000', 0, 0, 3, '2023-06-15 21:07:18.290000', 2, 'fef32e6b-d92f9396-e3fd93a6'),
('8db287f7-a4b48f49-0d92fa00', 'Tuyệt vời! Phim có cốt truyện gây cấn và diễn xuất xuất sắc. Một trong những bộ phim hay nhất mà tôi từng xem.', '2023-06-15 21:07:20.214000', 0, 0, 5, '2023-06-15 21:07:20.214000', 23, 'fef32e6b-d92f9396-e3fd93a6'),
('90d5ac19-1d3baa95-1e7a30a9', 'Tuyệt vời! Phim có cốt truyện gây cấn và diễn xuất xuất sắc. Mình đã bị lôi cuốn từ đầu đến cuối. Đây là một trong những bộ phim hay nhất mà tôi từng xem.', '2023-06-15 21:07:18.763000', 0, 0, 5, '2023-06-15 21:07:18.763000', 7, 'fef32e6b-d92f9396-e3fd93a6'),
('91239290-1af01f17-9a520c65', 'Phim này không phù hợp với sở thích của tôi. Cốt truyện chưa thực sự cuốn hút và diễn xuất không ấn tượng. Hy vọng sẽ có nhiều bộ phim tốt hơn để xem.', '2023-06-15 21:07:20.132000', 0, 0, 2, '2023-06-15 21:07:20.132000', 22, 'fef32e6b-d92f9396-e3fd93a6'),
('928d3f00-0c3be6ab-03543214', 'Phim này khá ổn. Cốt truyện có những tình tiết thú vị và diễn xuất tốt. Mặc dù không xuất sắc, nhưng vẫn xứng đáng xem.', '2023-06-15 21:07:19.476000', 0, 0, 3, '2023-06-15 21:07:19.476000', 15, 'fef32e6b-d92f9396-e3fd93a6'),
('93231249-c133acac-246e9921', 'Phim này ổn đấy. Mình không có nhiều kỳ vọng và được gặp đúng những gì mình mong đợi. Nếu bạn đang tìm một bộ phim nhẹ nhàng, hãy xem nó!', '2023-06-15 21:07:18.433000', 0, 0, 3, '2023-06-15 21:07:18.433000', 3, 'fef32e6b-d92f9396-e3fd93a6'),
('9345f865-05233002-4dca2dd8', 'Phim này rất ấn tượng! Cốt truyện phong phú và lôi cuốn, diễn xuất xuất sắc và cảnh quay đẹp mắt. Tôi rất thích bộ phim này!', '2023-06-15 21:07:19.780000', 0, 0, 4, '2023-06-15 21:07:19.780000', 18, 'fef32e6b-d92f9396-e3fd93a6'),
('94270554-58aeb46c-be472291', 'Phim này tuyệt vời! Tôi không thể rời mắt khỏi màn hình. Cốt truyện độc đáo và diễn xuất xuất sắc. Tất cả các yếu tố đều hoàn hảo!', '2023-06-15 21:07:18.397000', 0, 0, 5, '2023-06-15 21:07:18.397000', 3, 'fef32e6b-d92f9396-e3fd93a6'),
('95b2f3f4-311ff358-1fc4a37b', 'Phim này khá ổn đấy. Cốt truyện có những điểm thú vị và diễn xuất cũng không tồi. Nếu bạn muốn xem một bộ phim giải trí, hãy thử ngay!', '2023-06-15 21:07:19.044000', 0, 0, 3, '2023-06-15 21:07:19.044000', 10, 'fef32e6b-d92f9396-e3fd93a6'),
('95eda488-d381431e-55b7c044', 'Phim này khá ổn. Cốt truyện có những tình tiết thú vị và diễn xuất tốt. Mặc dù không xuất sắc, nhưng vẫn xứng đáng xem.', '2023-06-15 21:07:18.836000', 0, 0, 3, '2023-06-15 21:07:18.836000', 8, 'fef32e6b-d92f9396-e3fd93a6'),
('96107906-6bfce48c-51e83466', 'Phim này thực sự tuyệt vời! Cốt truyện hấp dẫn và diễn xuất xuất sắc. Những cảnh quay đẹp mắt và tạo hình nhân vật rất đặc sắc. Một bộ phim không thể bỏ qua!', '2023-06-15 21:07:19.465000', 0, 0, 4, '2023-06-15 21:07:19.465000', 15, 'fef32e6b-d92f9396-e3fd93a6'),
('9632a8bc-d626de05-41fd4ee7', 'Tuyệt vời! Phim có cốt truyện gây cấn và diễn xuất xuất sắc. Mình đã bị lôi cuốn từ đầu đến cuối. Đây là một trong những bộ phim hay nhất mà tôi từng xem.', '2023-06-15 21:07:19.844000', 0, 0, 5, '2023-06-15 21:07:19.844000', 19, 'fef32e6b-d92f9396-e3fd93a6'),
('96d4dfcd-07f8c724-325e6517', 'Phim này thật tuyệt vời! Cốt truyện hấp dẫn và diễn xuất xuất sắc. Những cảnh quay đẹp mắt và tạo hình nhân vật rất đặc sắc. Một bộ phim không thể bỏ qua!', '2023-06-15 21:07:18.555000', 0, 0, 4, '2023-06-15 21:07:18.555000', 5, 'fef32e6b-d92f9396-e3fd93a6'),
('9996e4eb-21ab390f-8a0084fe', 'Phim này không phải là sở thích của tôi. Cốt truyện chưa thực sự cuốn hút và diễn xuất cũng không ấn tượng. Tôi hy vọng có nhiều bộ phim tốt hơn để xem.', '2023-06-15 21:07:19.686000', 0, 0, 2, '2023-06-15 21:07:19.686000', 17, 'fef32e6b-d92f9396-e3fd93a6'),
('999935fa-6a1d6930-4b9baa5a', 'Mình thích phim này! Cốt truyện thú vị và diễn xuất ấn tượng. Một bộ phim giải trí đáng xem!', '2023-06-15 21:07:18.322000', 0, 0, 4, '2023-06-15 21:07:18.322000', 2, 'fef32e6b-d92f9396-e3fd93a6'),
('9afa76f3-e4da4f82-ea615cbd', 'Phim này không phù hợp với sở thích của tôi. Cốt truyện chưa thực sự cuốn hút và diễn xuất không ấn tượng. Hy vọng sẽ có nhiều bộ phim tốt hơn để xem.', '2023-06-15 21:07:20.226000', 0, 0, 2, '2023-06-15 21:07:20.226000', 23, 'fef32e6b-d92f9396-e3fd93a6'),
('9b9ee814-23a7a4a6-437975fe', 'Tuyệt vời! Phim có cốt truyện sâu sắc và ý nghĩa. Diễn xuất xuất sắc và tạo hình nhân vật độc đáo. Mình đã yêu thích từ đầu đến cuối!', '2023-06-15 21:07:18.342000', 0, 0, 5, '2023-06-15 21:07:18.342000', 2, 'fef32e6b-d92f9396-e3fd93a6'),
('a0402896-e65d690b-b9179f4d', 'Phim này rất ấn tượng! Cốt truyện phong phú và lôi cuốn, diễn xuất xuất sắc và cảnh quay đẹp mắt. Mình rất thích bộ phim này.', '2023-06-15 21:07:20.435000', 0, 0, 4, '2023-06-15 21:07:20.435000', 25, 'fef32e6b-d92f9396-e3fd93a6'),
('a16b8b3b-89849650-7724d4d6', 'Phim này không phải là sở thích của tôi. Cốt truyện chưa thực sự cuốn hút và diễn xuất cũng không ấn tượng. Tôi hy vọng có nhiều bộ phim tốt hơn để xem.', '2023-06-15 21:07:19.361000', 0, 0, 2, '2023-06-15 21:07:19.361000', 13, 'fef32e6b-d92f9396-e3fd93a6'),
('a2d094b3-9776ea4f-6e9f0368', 'Không thích phim này lắm. Cốt truyện tẻ nhạt và diễn xuất kém. Mình không thấy hứng thú khi xem.', '2023-06-15 21:07:18.212000', 0, 0, 2, '2023-06-15 21:07:18.212000', 1, 'fef32e6b-d92f9396-e3fd93a6'),
('a4c2961a-77eb858d-86b4ae16', 'Phim này không phải là sở thích của tôi. Cốt truyện chưa thực sự cuốn hút và diễn xuất cũng không ấn tượng. Tôi hy vọng có nhiều bộ phim tốt hơn để xem.', '2023-06-15 21:07:18.776000', 0, 0, 2, '2023-06-15 21:07:18.776000', 7, 'fef32e6b-d92f9396-e3fd93a6'),
('a514a0ed-80471bd1-51cf66cd', 'Phim này rất ấn tượng! Cốt truyện phong phú và lôi cuốn, diễn xuất xuất sắc và cảnh quay đẹp mắt. Tôi rất thích bộ phim này!', '2023-06-15 21:07:19.865000', 0, 0, 4, '2023-06-15 21:07:19.865000', 19, 'fef32e6b-d92f9396-e3fd93a6'),
('a5ff34ea-ecca3f87-558ab7f9', 'Tuyệt vời! Phim có cốt truyện gây cấn và diễn xuất xuất sắc. Mình đã bị lôi cuốn từ đầu đến cuối. Đây là một trong những bộ phim hay nhất mà tôi từng xem.', '2023-06-15 21:07:19.941000', 0, 0, 5, '2023-06-15 21:07:19.941000', 20, 'fef32e6b-d92f9396-e3fd93a6'),
('a623973f-7fd5c123-c4e43df8', 'Phim này thực sự tuyệt vời! Cốt truyện hấp dẫn và diễn xuất xuất sắc. Những cảnh quay đẹp mắt và tạo hình nhân vật rất đặc sắc. Một bộ phim không thể bỏ qua!', '2023-06-15 21:07:19.176000', 0, 0, 4, '2023-06-15 21:07:19.176000', 12, 'fef32e6b-d92f9396-e3fd93a6'),
('a894b8d6-595ed3ce-e73a3b69', 'Phim này không phù hợp với sở thích của tôi. Cốt truyện chưa thực sự cuốn hút và diễn xuất không ấn tượng. Hy vọng sẽ có nhiều bộ phim tốt hơn để xem.', '2023-06-15 21:07:20.329000', 0, 0, 2, '2023-06-15 21:07:20.329000', 24, 'fef32e6b-d92f9396-e3fd93a6'),
('abb907a2-c7bb01bf-a40b5636', 'Phim này khá ổn. Cốt truyện có những tình tiết thú vị và diễn xuất tốt. Mình đã thưởng thức được.', '2023-06-15 21:07:20.400000', 0, 0, 3, '2023-06-15 21:07:20.400000', 25, 'fef32e6b-d92f9396-e3fd93a6'),
('ac5671db-e84fb1b2-2df991f7', 'Tuyệt vời! Phim có cốt truyện gây cấn và diễn xuất xuất sắc. Mình đã bị lôi cuốn từ đầu đến cuối. Đây là một trong những bộ phim hay nhất mà tôi từng xem.', '2023-06-15 21:07:19.398000', 0, 0, 5, '2023-06-15 21:07:19.398000', 14, 'fef32e6b-d92f9396-e3fd93a6'),
('ad1160c7-e29dff4a-4d4190ad', 'Phim này rất ấn tượng! Cốt truyện phong phú và lôi cuốn, diễn xuất xuất sắc và cảnh quay đẹp mắt. Tôi rất thích bộ phim này!', '2023-06-15 21:07:18.787000', 0, 0, 4, '2023-06-15 21:07:18.787000', 7, 'fef32e6b-d92f9396-e3fd93a6'),
('ad924d7e-443404cb-11b70833', 'Phim này không phải là sở thích của tôi. Cốt truyện chưa thực sự cuốn hút và diễn xuất cũng không ấn tượng. Tôi hy vọng có nhiều bộ phim tốt hơn để xem.', '2023-06-15 21:07:19.956000', 0, 0, 2, '2023-06-15 21:07:19.956000', 20, 'fef32e6b-d92f9396-e3fd93a6'),
('ae7f334f-70b2c871-bbf9ec11', 'Phim này khá ổn đấy. Cốt truyện có những điểm thú vị và diễn xuất cũng không tồi. Mình đã có trải nghiệm tốt.', '2023-06-15 21:07:20.065000', 0, 0, 3, '2023-06-15 21:07:20.065000', 21, 'fef32e6b-d92f9396-e3fd93a6'),
('afc0f4af-16955d7c-f981e825', 'Phim này thực sự tuyệt vời! Cốt truyện hấp dẫn và diễn xuất xuất sắc. Những cảnh quay đẹp mắt và tạo hình nhân vật rất đặc sắc. Một bộ phim không thể bỏ qua!', '2023-06-15 21:07:19.738000', 0, 0, 4, '2023-06-15 21:07:19.738000', 18, 'fef32e6b-d92f9396-e3fd93a6'),
('b05b42f8-e17aa80b-b143942c', 'Phim này không phải là sở thích của tôi. Cốt truyện chưa thực sự cuốn hút và diễn xuất cũng không ấn tượng. Tôi hy vọng có nhiều bộ phim tốt hơn để xem.', '2023-06-15 21:07:19.496000', 0, 0, 2, '2023-06-15 21:07:19.496000', 15, 'fef32e6b-d92f9396-e3fd93a6'),
('b13de10c-2a81140b-4190646f', 'Tuyệt vời! Phim có cốt truyện gây cấn và diễn xuất xuất sắc. Mình đã bị lôi cuốn từ đầu đến cuối. Đây là một trong những bộ phim hay nhất mà tôi từng xem.', '2023-06-15 21:07:18.847000', 0, 0, 5, '2023-06-15 21:07:18.847000', 8, 'fef32e6b-d92f9396-e3fd93a6'),
('b26a8dfb-f021ce3f-d1cb135e', 'Phim này không phải là sở thích của tôi. Cốt truyện chưa thực sự cuốn hút và diễn xuất cũng không ấn tượng. Tôi hy vọng có nhiều bộ phim tốt hơn để xem.', '2023-06-15 21:07:19.769000', 0, 0, 2, '2023-06-15 21:07:19.769000', 18, 'fef32e6b-d92f9396-e3fd93a6'),
('b406a5ad-9b6f5330-0411d9b6', 'Tuyệt vời! Phim có cốt truyện gây cấn và diễn xuất xuất sắc. Một trong những bộ phim hay nhất mà tôi từng xem.', '2023-06-15 21:07:20.121000', 0, 0, 5, '2023-06-15 21:07:20.121000', 22, 'fef32e6b-d92f9396-e3fd93a6'),
('b510a8f9-755e87e0-105c7aee', 'Mình thích phim này! Cốt truyện thú vị và diễn xuất ấn tượng. Một bộ phim giải trí đáng xem!', '2023-06-15 21:07:18.598000', 0, 0, 4, '2023-06-15 21:07:18.598000', 5, 'fef32e6b-d92f9396-e3fd93a6'),
('b70c55df-1d614858-d9e8ed7c', 'Phim này thực sự tuyệt vời! Cốt truyện hấp dẫn và diễn xuất xuất sắc. Những cảnh quay đẹp mắt và tạo hình nhân vật rất đặc sắc. Một bộ phim không thể bỏ qua!', '2023-06-15 21:07:19.656000', 0, 0, 4, '2023-06-15 21:07:19.656000', 17, 'fef32e6b-d92f9396-e3fd93a6'),
('b7daf0b8-5a0b2dcd-5aa2af09', 'Phim này khá ổn. Cốt truyện có những tình tiết thú vị và diễn xuất tốt. Mình đã thưởng thức được.', '2023-06-15 21:07:20.110000', 0, 0, 3, '2023-06-15 21:07:20.110000', 22, 'fef32e6b-d92f9396-e3fd93a6'),
('b86d4d56-03927779-15e7542d', 'Phim này không phù hợp với sở thích của tôi. Cốt truyện chưa thực sự cuốn hút và diễn xuất không ấn tượng. Hy vọng sẽ có nhiều bộ phim tốt hơn để xem.', '2023-06-15 21:07:20.087000', 0, 0, 2, '2023-06-15 21:07:20.087000', 21, 'fef32e6b-d92f9396-e3fd93a6'),
('b8d890f4-29a853ec-fe86c29b', 'Tuyệt vời! Đây là một trong những bộ phim xuất sắc nhất mà tôi từng xem. Cốt truyện thông minh và diễn xuất ấn tượng. Đáng để dành thời gian để xem!', '2023-06-15 21:07:19.990000', 0, 0, 5, '2023-06-15 21:07:19.990000', 20, 'fef32e6b-d92f9396-e3fd93a6'),
('ba4d3c37-da3c32b5-82a9fd48', 'Phim này khá ổn đấy. Cốt truyện có những điểm thú vị và diễn xuất cũng không tồi. Mình đã có trải nghiệm tốt.', '2023-06-15 21:07:20.155000', 0, 0, 3, '2023-06-15 21:07:20.155000', 22, 'fef32e6b-d92f9396-e3fd93a6'),
('bb3bf6ad-224aa3cf-9afa728c', 'Tuyệt vời! Đây là một trong những bộ phim xuất sắc nhất mà tôi từng xem. Cốt truyện thông minh và diễn xuất ấn tượng. Đáng để dành thời gian để xem!', '2023-06-15 21:07:19.442000', 0, 0, 5, '2023-06-15 21:07:19.442000', 14, 'fef32e6b-d92f9396-e3fd93a6'),
('bb823072-8b70760b-fe193803', 'Phim này khá ổn. Cốt truyện có những tình tiết thú vị và diễn xuất tốt. Mình đã thưởng thức được.', '2023-06-15 21:07:20.023000', 0, 0, 3, '2023-06-15 21:07:20.023000', 21, 'fef32e6b-d92f9396-e3fd93a6'),
('c15310c3-23a29c4d-45645c78', 'Phim này khá ổn đấy. Cốt truyện có những điểm thú vị và diễn xuất cũng không tồi. Nếu bạn muốn xem một bộ phim giải trí, hãy thử ngay!', '2023-06-15 21:07:18.875000', 0, 0, 3, '2023-06-15 21:07:18.875000', 8, 'fef32e6b-d92f9396-e3fd93a6'),
('c31c7f16-6e3250b6-6f7ae785', 'Phim này thật tuyệt vời! Tôi đã bị cuốn hút bởi cốt truyện hấp dẫn và diễn xuất xuất sắc. Đây là một bộ phim không thể bỏ qua!', '2023-06-15 21:07:18.280000', 0, 0, 4, '2023-06-15 21:07:18.280000', 2, 'fef32e6b-d92f9396-e3fd93a6'),
('c365f094-27967ae8-2d1edad2', 'Tuyệt vời! Đây là một trong những bộ phim xuất sắc nhất mà tôi từng xem. Cốt truyện thông minh và diễn xuất ấn tượng. Đáng để dành thời gian để xem!', '2023-06-15 21:07:19.053000', 0, 0, 5, '2023-06-15 21:07:19.053000', 10, 'fef32e6b-d92f9396-e3fd93a6'),
('c369786f-74b00c00-ae9d206f', 'Phim này khá ổn. Cốt truyện có những tình tiết thú vị và diễn xuất tốt. Mình đã thưởng thức được.', '2023-06-15 21:07:20.203000', 0, 0, 3, '2023-06-15 21:07:20.203000', 23, 'fef32e6b-d92f9396-e3fd93a6'),
('c37d0cb1-8c73c072-d59b35f8', 'Phim này thực sự tuyệt vời! Cốt truyện hấp dẫn và diễn xuất xuất sắc. Những cảnh quay đẹp mắt và tạo hình nhân vật rất đặc sắc. Một bộ phim không thể bỏ qua!', '2023-06-15 21:07:18.912000', 0, 0, 4, '2023-06-15 21:07:18.912000', 9, 'fef32e6b-d92f9396-e3fd93a6'),
('c3b8c990-79108d53-222e3ddf', 'Phim này không phải là sở thích của tôi. Cốt truyện chưa thực sự cuốn hút và diễn xuất cũng không ấn tượng. Tôi hy vọng có nhiều bộ phim tốt hơn để xem.', '2023-06-15 21:07:19.727000', 0, 0, 2, '2023-06-15 21:07:19.727000', 17, 'fef32e6b-d92f9396-e3fd93a6'),
('c57a9b3f-5f05e577-7549f327', 'Phim này khá ổn. Cốt truyện có những tình tiết thú vị và diễn xuất tốt. Mình đã thưởng thức được.', '2023-06-15 21:07:20.304000', 0, 0, 3, '2023-06-15 21:07:20.304000', 24, 'fef32e6b-d92f9396-e3fd93a6'),
('c66f779b-e1f58476-609fcae6', 'Tôi rất thích phim này! Cốt truyện hấp dẫn và nhân vật được phát triển tốt. Một bộ phim giải trí tuyệt vời!', '2023-06-15 21:07:18.422000', 0, 0, 4, '2023-06-15 21:07:18.422000', 3, 'fef32e6b-d92f9396-e3fd93a6'),
('c866868e-80e50810-d4f61e25', 'Phim này ổn đấy. Mình không có nhiều kỳ vọng và được gặp đúng những gì mình mong đợi. Nếu bạn đang tìm một bộ phim nhẹ nhàng, hãy xem nó!', '2023-06-15 21:07:18.701000', 0, 0, 3, '2023-06-15 21:07:18.701000', 6, 'fef32e6b-d92f9396-e3fd93a6'),
('c9a790c6-def86a32-6c6de0fe', 'Phim này rất ấn tượng! Cốt truyện phong phú và lôi cuốn, diễn xuất xuất sắc và cảnh quay đẹp mắt. Tôi rất thích bộ phim này!', '2023-06-15 21:07:19.035000', 0, 0, 4, '2023-06-15 21:07:19.035000', 10, 'fef32e6b-d92f9396-e3fd93a6'),
('cbc1d0a8-3c294785-03e44468', 'Phim này không phải là sở thích của mình. Tôi không thấy hấp dẫn và cảm thấy nó khá nhàm chán. Có nhiều bộ phim tốt hơn để xem.', '2023-06-15 21:07:18.357000', 0, 0, 2, '2023-06-15 21:07:18.357000', 2, 'fef32e6b-d92f9396-e3fd93a6'),
('cdd167f2-e19bbf68-57c21e1b', 'Phim này không phải là sở thích của tôi. Cốt truyện chưa thực sự cuốn hút và diễn xuất cũng không ấn tượng. Tôi hy vọng có nhiều bộ phim tốt hơn để xem.', '2023-06-15 21:07:19.454000', 0, 0, 2, '2023-06-15 21:07:19.454000', 14, 'fef32e6b-d92f9396-e3fd93a6'),
('ce040746-0c8f80a2-83e63975', 'Phim này thực sự tuyệt vời! Cốt truyện hấp dẫn và diễn xuất xuất sắc. Mình đã bị lôi cuốn từ đầu đến cuối. Đáng để xem.', '2023-06-15 21:07:20.390000', 0, 0, 4, '2023-06-15 21:07:20.390000', 25, 'fef32e6b-d92f9396-e3fd93a6'),
('cf3057c2-e58e0a48-c8694760', 'Tuyệt vời! Phim có cốt truyện gây cấn và diễn xuất xuất sắc. Mình đã bị lôi cuốn từ đầu đến cuối. Đây là một trong những bộ phim hay nhất mà tôi từng xem.', '2023-06-15 21:07:19.587000', 0, 0, 5, '2023-06-15 21:07:19.587000', 16, 'fef32e6b-d92f9396-e3fd93a6'),
('cf71b6e9-6b1e2bf4-35f16d2e', 'Tôi rất thích phim này! Cốt truyện hấp dẫn và nhân vật được phát triển tốt. Một bộ phim giải trí tuyệt vời!', '2023-06-15 21:07:18.687000', 0, 0, 4, '2023-06-15 21:07:18.687000', 6, 'fef32e6b-d92f9396-e3fd93a6'),
('d2f1c3b2-07d33274-f6dd7a9d', 'Phim này không phù hợp với sở thích của tôi. Cốt truyện chưa thực sự cuốn hút và diễn xuất không ấn tượng. Hy vọng sẽ có nhiều bộ phim tốt hơn để xem.', '2023-06-15 21:07:20.280000', 0, 0, 2, '2023-06-15 21:07:20.280000', 23, 'fef32e6b-d92f9396-e3fd93a6'),
('d3cd2188-1b6835f7-91808aa0', 'Tôi rất thích phim này! Cốt truyện hấp dẫn và nhân vật được phát triển tốt. Một bộ phim giải trí tuyệt vời!', '2023-06-15 21:07:18.224000', 0, 0, 4, '2023-06-15 21:07:18.224000', 1, 'fef32e6b-d92f9396-e3fd93a6'),
('d460a343-ab22ca1b-0c7b3fcf', 'Phim này rất ấn tượng! Cốt truyện phong phú và lôi cuốn, diễn xuất xuất sắc và cảnh quay đẹp mắt. Tôi rất thích bộ phim này!', '2023-06-15 21:07:19.609000', 0, 0, 4, '2023-06-15 21:07:19.609000', 16, 'fef32e6b-d92f9396-e3fd93a6'),
('d48623d9-cec1be95-d8b3cdda', 'Phim này không đáng xem. Cốt truyện nhạt nhẽo và diễn xuất kém. Mình không thấy hứng thú khi xem.', '2023-06-15 21:07:18.586000', 0, 0, 2, '2023-06-15 21:07:18.586000', 5, 'fef32e6b-d92f9396-e3fd93a6'),
('d64daeee-13b3fa75-eba6c0d6', 'Phim này tuyệt vời! Tôi không thể rời mắt khỏi màn hình. Cốt truyện độc đáo và diễn xuất xuất sắc. Tất cả các yếu tố đều hoàn hảo!', '2023-06-15 21:07:18.665000', 0, 0, 5, '2023-06-15 21:07:18.665000', 6, 'fef32e6b-d92f9396-e3fd93a6'),
('d696da11-cb9dc7bd-67aae402', 'Phim này rất ấn tượng! Cốt truyện phong phú và lôi cuốn, diễn xuất xuất sắc và cảnh quay đẹp mắt. Tôi rất thích bộ phim này!', '2023-06-15 21:07:19.421000', 0, 0, 4, '2023-06-15 21:07:19.421000', 14, 'fef32e6b-d92f9396-e3fd93a6'),
('d7125c5b-e08f2168-2ca86b19', 'Phim này rất ấn tượng! Cốt truyện phong phú và lôi cuốn, diễn xuất xuất sắc và cảnh quay đẹp mắt. Tôi rất thích bộ phim này!', '2023-06-15 21:07:19.324000', 0, 0, 4, '2023-06-15 21:07:19.324000', 13, 'fef32e6b-d92f9396-e3fd93a6'),
('d79c593f-bd884bb0-6898ba94', 'Tuyệt vời! Đây là một trong những bộ phim xuất sắc nhất mà tôi từng xem. Cốt truyện thông minh và diễn xuất ấn tượng. Mình rất khuyến khích xem.', '2023-06-15 21:07:20.075000', 0, 0, 5, '2023-06-15 21:07:20.075000', 21, 'fef32e6b-d92f9396-e3fd93a6'),
('d79e6fb3-dd72dec5-8758a88b', 'Tuyệt vời! Đây là một trong những bộ phim xuất sắc nhất mà tôi từng xem. Cốt truyện thông minh và diễn xuất ấn tượng. Đáng để dành thời gian để xem!', '2023-06-15 21:07:19.347000', 0, 0, 5, '2023-06-15 21:07:19.347000', 13, 'fef32e6b-d92f9396-e3fd93a6'),
('d8a6ea2b-32db7c3d-d78d7b43', 'Phim này không phải là sở thích của mình. Tôi không thấy hấp dẫn và cảm thấy nó khá nhàm chán. Có nhiều bộ phim tốt hơn để xem.', '2023-06-15 21:07:18.456000', 0, 0, 2, '2023-06-15 21:07:18.456000', 3, 'fef32e6b-d92f9396-e3fd93a6'),
('d91ef05a-80ad3575-40d24606', 'Phim này không phải là sở thích của tôi. Cốt truyện chưa thực sự cuốn hút và diễn xuất cũng không ấn tượng. Tôi hy vọng có nhiều bộ phim tốt hơn để xem.', '2023-06-15 21:07:19.643000', 0, 0, 2, '2023-06-15 21:07:19.643000', 16, 'fef32e6b-d92f9396-e3fd93a6'),
('db562fc3-754b4c8d-ba537b31', 'Phim này khá ổn đấy. Cốt truyện có những điểm thú vị và diễn xuất cũng không tồi. Nếu bạn muốn xem một bộ phim giải trí, hãy thử ngay!', '2023-06-15 21:07:19.139000', 0, 0, 3, '2023-06-15 21:07:19.139000', 11, 'fef32e6b-d92f9396-e3fd93a6'),
('db6bb530-56be30a9-c20a0702', 'Phim này ổn đấy. Mình không có nhiều kỳ vọng và được gặp đúng những gì mình mong đợi. Nếu bạn đang tìm một bộ phim nhẹ nhàng, hãy xem nó!', '2023-06-15 21:07:18.245000', 0, 0, 3, '2023-06-15 21:07:18.245000', 1, 'fef32e6b-d92f9396-e3fd93a6'),
('dd1d5df3-a8d91a99-466af118', 'Phim này thật tuyệt vời! Cốt truyện hấp dẫn và diễn xuất xuất sắc. Những pha hành động đỉnh cao và tạo hình nhân vật rất đặc sắc. Một bộ phim không thể bỏ qua!', '2023-06-15 21:07:18.470000', 0, 0, 4, '2023-06-15 21:07:18.470000', 4, 'fef32e6b-d92f9396-e3fd93a6'),
('ddb0c34b-ea7b0f5a-32085639', 'Tôi không thể tìm thấy từ nào để miêu tả phim này! Nó thực sự tuyệt vời. Cốt truyện gây cấn, cảnh quay đẹp mắt và diễn xuất xuất sắc. Tôi đã bị lôi cuốn từ đầu đến cuối.', '2023-06-15 21:07:18.575000', 0, 0, 5, '2023-06-15 21:07:18.576000', 5, 'fef32e6b-d92f9396-e3fd93a6'),
('e12bc7ed-4460dfe2-9974916c', 'Tuyệt vời! Phim có cốt truyện gây cấn và diễn xuất xuất sắc. Mình đã bị lôi cuốn từ đầu đến cuối. Đây là một trong những bộ phim hay nhất mà tôi từng xem.', '2023-06-15 21:07:19.101000', 0, 0, 5, '2023-06-15 21:07:19.101000', 11, 'fef32e6b-d92f9396-e3fd93a6'),
('e147ceba-7302ad89-2fd0303b', 'Tuyệt vời! Đây là một trong những bộ phim xuất sắc nhất mà tôi từng xem. Cốt truyện thông minh và diễn xuất ấn tượng. Đáng để dành thời gian để xem!', '2023-06-15 21:07:19.800000', 0, 0, 5, '2023-06-15 21:07:19.800000', 18, 'fef32e6b-d92f9396-e3fd93a6'),
('e1ddf6d9-6b4dbf68-6311f712', 'Tuyệt vời! Đây là một trong những bộ phim xuất sắc nhất mà tôi từng xem. Cốt truyện thông minh và diễn xuất ấn tượng. Đáng để dành thời gian để xem!', '2023-06-15 21:07:19.534000', 0, 0, 5, '2023-06-15 21:07:19.534000', 15, 'fef32e6b-d92f9396-e3fd93a6'),
('e3001214-e6ed2fc3-25504ff2', 'Tuyệt vời! Phim có cốt truyện sâu sắc và ý nghĩa. Diễn xuất xuất sắc và tạo hình nhân vật độc đáo. Mình đã yêu thích từ đầu đến cuối!', '2023-06-15 21:07:18.534000', 0, 0, 5, '2023-06-15 21:07:18.534000', 4, 'fef32e6b-d92f9396-e3fd93a6'),
('e3695b39-6fb7419c-b902a8f0', 'Tuyệt vời! Đây là một trong những bộ phim xuất sắc nhất mà tôi từng xem. Cốt truyện thông minh và diễn xuất ấn tượng. Đáng để dành thời gian để xem!', '2023-06-15 21:07:18.976000', 0, 0, 5, '2023-06-15 21:07:18.976000', 9, 'fef32e6b-d92f9396-e3fd93a6'),
('e6462277-0543e5f4-4349015d', 'Không thích phim này lắm. Cốt truyện tẻ nhạt và diễn xuất kém. Mình không thấy hứng thú khi xem.', '2023-06-15 21:07:18.410000', 0, 0, 2, '2023-06-15 21:07:18.410000', 3, 'fef32e6b-d92f9396-e3fd93a6'),
('e82a1bb1-6e0e71da-d9bef7c5', 'Phim này khá ổn. Mình đã có những giây phút giải trí và cảm thấy thoải mái khi xem nó. Nếu bạn muốn xem một bộ phim nhẹ nhàng, hãy thử ngay!', '2023-06-15 21:07:18.333000', 0, 0, 3, '2023-06-15 21:07:18.333000', 2, 'fef32e6b-d92f9396-e3fd93a6'),
('e8f14381-443f9e60-7783a284', 'Phim này không phải là sở thích của tôi. Cốt truyện chưa thực sự cuốn hút và diễn xuất cũng không ấn tượng. Tôi hy vọng có nhiều bộ phim tốt hơn để xem.', '2023-06-15 21:07:18.943000', 0, 0, 2, '2023-06-15 21:07:18.943000', 9, 'fef32e6b-d92f9396-e3fd93a6');
INSERT INTO `comment` (`id`, `comment`, `create_at`, `disliked`, `liked`, `rated`, `update_at`, `movie_id`, `user_id`) VALUES
('ea7fb41f-f329df22-a035723e', 'Phim này khá ổn. Cốt truyện có những tình tiết thú vị và diễn xuất tốt. Mặc dù không xuất sắc, nhưng vẫn xứng đáng xem.', '2023-06-15 21:07:19.387000', 0, 0, 3, '2023-06-15 21:07:19.387000', 14, 'fef32e6b-d92f9396-e3fd93a6'),
('ed20d3d7-ae9a5bd5-9ddcb8ee', 'Phim này không phù hợp với sở thích của tôi. Cốt truyện chưa thực sự cuốn hút và diễn xuất không ấn tượng. Hy vọng sẽ có nhiều bộ phim tốt hơn để xem.', '2023-06-15 21:07:20.422000', 0, 0, 2, '2023-06-15 21:07:20.422000', 25, 'fef32e6b-d92f9396-e3fd93a6'),
('f0b88747-75de9d5d-019321c2', 'Mình thích phim này! Cốt truyện thú vị và diễn xuất ấn tượng. Một bộ phim giải trí đáng xem!', '2023-06-15 21:07:18.515000', 0, 0, 4, '2023-06-15 21:07:18.515000', 4, 'fef32e6b-d92f9396-e3fd93a6'),
('f1e0ea5b-6889aee9-c8ae1900', 'Phim này thực sự tuyệt vời! Cốt truyện hấp dẫn và diễn xuất xuất sắc. Mình đã bị lôi cuốn từ đầu đến cuối. Đáng để xem.', '2023-06-15 21:07:20.098000', 0, 0, 4, '2023-06-15 21:07:20.098000', 22, 'fef32e6b-d92f9396-e3fd93a6'),
('f2cb5053-89920c1a-07c8ab7d', 'Phim này khá ổn đấy. Cốt truyện có những điểm thú vị và diễn xuất cũng không tồi. Nếu bạn muốn xem một bộ phim giải trí, hãy thử ngay!', '2023-06-15 21:07:19.790000', 0, 0, 3, '2023-06-15 21:07:19.790000', 18, 'fef32e6b-d92f9396-e3fd93a6'),
('f3d01623-3bb4a9df-30314083', 'Tuyệt vời! Phim có cốt truyện sâu sắc và ý nghĩa. Diễn xuất xuất sắc và tạo hình nhân vật độc đáo. Mình đã yêu thích từ đầu đến cuối!', '2023-06-15 21:07:18.714000', 0, 0, 5, '2023-06-15 21:07:18.714000', 6, 'fef32e6b-d92f9396-e3fd93a6'),
('f3d7bcd4-6671ae94-4ffc995a', 'Phim này không phải là sở thích của mình. Tôi không thấy hấp dẫn và cảm thấy nó khá nhàm chán. Có nhiều bộ phim tốt hơn để xem.', '2023-06-15 21:07:18.631000', 0, 0, 2, '2023-06-15 21:07:18.631000', 5, 'fef32e6b-d92f9396-e3fd93a6'),
('f419dbf9-a7f665aa-5951e82c', 'Tôi không thể tìm thấy từ nào để miêu tả phim này! Nó thực sự tuyệt vời. Cốt truyện gây cấn và diễn xuất tuyệt hảo. Tôi đã bị lôi cuốn từ đầu đến cuối.', '2023-06-15 21:07:18.301000', 0, 0, 5, '2023-06-15 21:07:18.301000', 2, 'fef32e6b-d92f9396-e3fd93a6'),
('f6965528-3b049924-eb66db96', 'Phim này không phải là sở thích của tôi. Cốt truyện chưa thực sự cuốn hút và diễn xuất cũng không ấn tượng. Tôi hy vọng có nhiều bộ phim tốt hơn để xem.', '2023-06-15 21:07:18.898000', 0, 0, 2, '2023-06-15 21:07:18.898000', 8, 'fef32e6b-d92f9396-e3fd93a6'),
('f9b9f400-342ba1e0-355ed30d', 'Phim này không phải là sở thích của tôi. Cốt truyện chưa thực sự cuốn hút và diễn xuất cũng không ấn tượng. Tôi hy vọng có nhiều bộ phim tốt hơn để xem.', '2023-06-15 21:07:19.163000', 0, 0, 2, '2023-06-15 21:07:19.163000', 11, 'fef32e6b-d92f9396-e3fd93a6'),
('fb99a427-d94e82de-e3c71488', 'Phim này khá ổn. Cốt truyện có những tình tiết thú vị và diễn xuất cũng tốt. Tuy không xuất sắc nhưng vẫn xứng đáng xem.', '2023-06-15 21:07:18.564000', 0, 0, 3, '2023-06-15 21:07:18.564000', 5, 'fef32e6b-d92f9396-e3fd93a6'),
('fc470241-6925b07c-5a1d9bbf', 'Phim này thực sự tuyệt vời! Cốt truyện hấp dẫn và diễn xuất xuất sắc. Những cảnh quay đẹp mắt và tạo hình nhân vật rất đặc sắc. Một bộ phim không thể bỏ qua!', '2023-06-15 21:07:19.282000', 0, 0, 4, '2023-06-15 21:07:19.282000', 13, 'fef32e6b-d92f9396-e3fd93a6'),
('fd099a75-c949ccaa-1dd3bffd', 'Tuyệt vời! Đây là một trong những bộ phim xuất sắc nhất mà tôi từng xem. Cốt truyện thông minh và diễn xuất ấn tượng. Mình rất khuyến khích xem.', '2023-06-15 21:07:20.264000', 0, 0, 5, '2023-06-15 21:07:20.264000', 23, 'fef32e6b-d92f9396-e3fd93a6'),
('fd5021e0-cbcc85b7-16a03e4d', 'Phim này rất ấn tượng! Cốt truyện phong phú và lôi cuốn, diễn xuất xuất sắc và cảnh quay đẹp mắt. Tôi rất thích bộ phim này!', '2023-06-15 21:07:18.954000', 0, 0, 4, '2023-06-15 21:07:18.954000', 9, 'fef32e6b-d92f9396-e3fd93a6'),
('fd564807-b6262c59-92d7e4c1', 'Tuyệt vời! Phim có cốt truyện gây cấn và diễn xuất xuất sắc. Một trong những bộ phim hay nhất mà tôi từng xem.', '2023-06-15 21:07:20.412000', 0, 0, 5, '2023-06-15 21:07:20.412000', 25, 'fef32e6b-d92f9396-e3fd93a6'),
('ff3b521a-4a01d49f-40284b71', 'Phim này rất ấn tượng! Cốt truyện phong phú và lôi cuốn, diễn xuất xuất sắc và cảnh quay đẹp mắt. Tôi rất thích bộ phim này!', '2023-06-15 21:07:19.696000', 0, 0, 4, '2023-06-15 21:07:19.696000', 17, 'fef32e6b-d92f9396-e3fd93a6'),
('ffac606a-3915968e-5b55ee8f', 'Phim này thực sự tuyệt vời! Cốt truyện hấp dẫn và diễn xuất xuất sắc. Những cảnh quay đẹp mắt và tạo hình nhân vật rất đặc sắc. Một bộ phim không thể bỏ qua!', '2023-06-15 21:07:18.644000', 0, 0, 4, '2023-06-15 21:07:18.644000', 6, 'fef32e6b-d92f9396-e3fd93a6');

-- --------------------------------------------------------

--
-- Table structure for table `genre`
--

CREATE TABLE `genre` (
  `id` bigint NOT NULL,
  `created_at` datetime(6) DEFAULT NULL,
  `genre` varchar(255) DEFAULT NULL,
  `last_updated` datetime(6) DEFAULT NULL
) ENGINE=InnoDB DEFAULT CHARSET=utf8mb4 COLLATE=utf8mb4_0900_ai_ci;

--
-- Dumping data for table `genre`
--

INSERT INTO `genre` (`id`, `created_at`, `genre`, `last_updated`) VALUES
(1, '2023-06-15 19:53:03.913000', 'science fiction', '2023-06-15 19:53:03.913000'),
(2, '2023-06-15 19:53:03.929000', 'comedy', '2023-06-15 19:53:03.929000'),
(3, '2023-06-15 19:53:03.935000', 'drama', '2023-06-15 19:53:03.935000'),
(4, '2023-06-15 19:53:03.941000', 'romance', '2023-06-15 19:53:03.941000'),
(5, '2023-06-15 19:53:03.947000', 'animation', '2023-06-15 19:53:03.947000'),
(6, '2023-06-15 19:53:03.952000', 'family', '2023-06-15 19:53:03.952000'),
(7, '2023-06-15 19:53:03.958000', 'horror', '2023-06-15 19:53:03.958000'),
(8, '2023-06-15 19:53:03.963000', 'action', '2023-06-15 19:53:03.963000'),
(9, '2023-06-15 19:53:03.969000', 'war', '2023-06-15 19:53:03.969000'),
(10, '2023-06-15 19:53:03.975000', 'adventure', '2023-06-15 19:53:03.975000'),
(11, '2023-06-15 19:53:03.980000', 'fantasy', '2023-06-15 19:53:03.980000'),
(12, '2023-06-15 19:53:03.986000', 'mystery', '2023-06-15 19:53:03.986000'),
(13, '2023-06-15 19:53:03.991000', 'crime', '2023-06-15 19:53:03.991000'),
(14, '2023-06-15 19:53:03.997000', 'history', '2023-06-15 19:53:03.997000'),
(15, '2023-06-15 19:53:04.003000', 'thriller', '2023-06-15 19:53:04.003000'),
(16, '2023-06-15 19:53:04.009000', 'music', '2023-06-15 19:53:04.009000');

-- --------------------------------------------------------

--
-- Table structure for table `movie`
--

CREATE TABLE `movie` (
  `id` bigint NOT NULL,
  `actors` varchar(255) DEFAULT NULL,
  `country` varchar(255) DEFAULT NULL,
  `created_at` datetime(6) DEFAULT NULL,
  `description` varchar(3000) DEFAULT NULL,
  `duration_in_mins` int DEFAULT NULL,
  `image` varchar(255) DEFAULT NULL,
  `language` varchar(255) DEFAULT NULL,
  `last_updated` datetime(6) DEFAULT NULL,
  `release_date` varchar(255) DEFAULT NULL,
  `title` varchar(255) DEFAULT NULL,
  `trailer` varchar(255) DEFAULT NULL
) ENGINE=InnoDB DEFAULT CHARSET=utf8mb4 COLLATE=utf8mb4_0900_ai_ci;

--
-- Dumping data for table `movie`
--

INSERT INTO `movie` (`id`, `actors`, `country`, `created_at`, `description`, `duration_in_mins`, `image`, `language`, `last_updated`, `release_date`, `title`, `trailer`) VALUES
(1, 'Chris Pratt, Zoe Saldana, Dave Bautista, Karen Gillan, Pom Klementieff', 'US', '2023-06-15 19:53:49.481000', 'Cho dù vũ trụ này có bao la đến đâu, các Vệ Binh của chúng ta cũng không thể trốn chạy mãi mãi.', 149, 'https://cdn.discordapp.com/attachments/1058632154696921108/1105736293549346856/129aeeb6-6ae6-4b4b-b4e1-5f38dd1e9bc6.png', 'VN', '2023-06-15 19:53:49.481000', '03/05/2023', 'Vệ Binh Dải Ngân Hà 3', 'https://www.youtube.com/watch?v=u3V5KDHRQvk'),
(2, 'Thái Hoà, Thu Trang', 'US', '2023-06-15 19:53:49.500000', 'Lấy cảm hứng từ web drama Chuyện Xóm Tui, phiên bản điện ảnh sẽ mang một màu sắc hoàn toàn khác: hài hước hơn, gần gũi và nhiều cảm xúc hơn Bộ phim là câu chuyện của Nhót - người phụ nữ “chưa kịp già” đã sắp bị mãn kinh, vội vàng đi tìm chồng. Nhưng sâu thẳm trong cô, là khao khát muốn có một đứa con và luôn muốn hàn gắn với người cha suốt ngày say xỉn của mình.', 112, 'https://cdn.discordapp.com/attachments/1058632154696921108/1105736308749508658/tFMjE2A.png', 'VN', '2023-06-15 19:53:49.500000', '28/04/2023', 'Con Nhót Mót Chồng', 'https://www.youtube.com/watch?v=Zu2z-SY3hCk'),
(3, 'Pachrapa Chaichua, Pongsak Pongsuwan, Ananda Everingham, Rusameekae Fagerlund, Napapa Thantrakul', 'US', '2023-06-15 19:53:49.511000', 'Dựa trên truyền thuyết về nàng Nak, không xuất hiện trong lịch sử - Tid Noi là câu chuyện khai thác về một nhân vật mới trong mối quan hệ giữa Pee Mak và Mae Nak. Khác với suy đoán về một chuyện tình tay ba ngang trái, Tid Noi đơn thuần là anh bạn hàng xóm mang trong mình tình yêu đơn phương thuần khiết dành cho cô gái nhà bên là Nak.', 104, 'https://cdn.discordapp.com/attachments/1058632154696921108/1105736407181426698/co-be-cuu-hoa.png', 'VN', '2023-06-15 19:53:49.511000', '05/05/2023', 'Tình Người Duyên Ma: Ngoại Truyện', 'https://www.youtube.com/watch?v=6oztXW8xqHk'),
(4, 'Olivia Cooke, Kenneth Branagh, William Shatner, Laurie Holden, Kevin Dennis', 'US', '2023-06-15 19:53:49.525000', 'Cô Bé Cứu Hoả (tên tiếng Anh: Fireheart) đưa người xem bước vào hành trình phiêu lưu kỳ thú của Georgia Nolan - một cô bé thông minh, nhiệt huyết với ước mơ trở thành lính cứu hoả như ba mình. Tuy nhiên, năm 1932 tại New York, phụ nữ không được phép làm công việc này. Nhưng cơ hội “vàng” đã đến khi Georgia nảy ra ý định cải trang thành Joe - một chàng trai vụng về gia nhập đội cứu hoả do chính ba mình thành lập. Vừa phải bảo vệ danh tính thật, vừa phải dấn thân vào phi vụ mạo hiểm: Giải cứu những người lính cứu hoả của thành phố đã lần lượt biến mất trong ngọn lửa bí ẩn thiêu rụi Nhà hát Broadway, liệu Georgia có dũng cảm vượt qua tất cả và thành công?', 92, 'https://cdn.discordapp.com/attachments/1058632154696921108/1105736488135696424/kisagari_poster.png', 'VN', '2023-06-15 19:53:49.525000', '12/05/2023', 'Cô Bé Cứu Hỏa', 'https://www.youtube.com/watch?v=3suZMzK8Uu4'),
(5, 'Kim Bo-ra, Kim Jae-hyun, Shin So-yul', 'US', '2023-06-15 19:53:49.535000', 'Lời đồn ma ám về nhà ga Oksu ngày càng nhiều khi những vụ án kinh hoàng liên tục xảy ra. Một đường ray cũ kỹ, một chiếc giếng bỏ hoang, những con số gây ám ảnh hay những vết thương kỳ dị trên thi thể người xấu số... Tất cả dẫn đến một bí mật đau lòng bị chôn vùi nhiều năm trước.', 80, 'https://cdn.discordapp.com/attachments/1058632154696921108/1105736488135696424/kisagari_poster.png', 'VN', '2023-06-15 19:53:49.535000', '28/04/2023', 'Trạm Tàu Ma', 'https://www.youtube.com/watch?v=gHeWP9R6-eU'),
(6, 'Vasiliy Rovenskiy', 'US', '2023-06-15 19:53:49.546000', 'Review Mèo Siêu Quậy Ở Viện Bảo Tàng và lịch chiếu Mèo Siêu Quậy Ở Viện Bảo Tàng tại Moveek', 80, 'https://cdn.discordapp.com/attachments/1058632154696921108/1105736559338192896/meo-vie-ao-tag.png', 'VN', '2023-06-15 19:53:49.546000', '28/04/2023', 'Mèo Siêu Quậy Ở Viện Bảo Tàng', 'https://www.youtube.com/watch?v=8luiie842wA'),
(7, 'Jake Gyllenhaal, Dar Salim, Antony Starr, Alexander Ludwig, Emily Beecham', 'US', '2023-06-15 19:53:49.559000', 'Trong nhiệm vụ cuối cùng ở Afghanistan, Trung sĩ John Kinley cùng đội với phiên dịch viên bản địa Ahmed. Khi đơn vị của họ bị phục kích, Kinley và Ahmed là 2 người sống sót duy nhất. Bị kẻ địch truy đuổi, Ahmed liều mạng đưa Kinley đang bị thương băng qua nhiều dặm đường địa hình khắc nghiệt đến nơi an toàn. Trở về Mỹ, Kinley biết rằng Ahmed và gia đình không dc cấp giấy thông hành tới Mỹ như đã hứa. Quyết tâm bảo vệ bạn mình và đền ơn cứu mạng, Kinley trở lại chiến trường để giúp Ahmed và gia đình trước khi lực lượng phiến quân phát hiện ra họ.', 123, 'https://cdn.discordapp.com/attachments/1058632154696921108/1106239014870204547/poster_payoff_khe_uoc_12.png', 'VN', '2023-06-15 19:53:49.559000', '21/04/2023', 'Khế Ước', 'https://www.youtube.com/watch?v=02PPMPArNEQ'),
(8, 'Park Sung-woong, Lee Yi-kyung, Yeom Hye-ran, Oh Dal-Su, Choi Min-soo', 'US', '2023-06-15 19:53:49.570000', 'Phim theo chân Woong-nam (Park Sung Woong thủ vai), chàng “đầu đất” với năng lực bẩm sinh siêu phàm tựa như loài gấu, bất đắc dĩ phải đối đầu với một tổ chức tội phạm quốc tế.', 98, 'https://cdn.discordapp.com/attachments/1058632154696921108/1105736697163026512/dau-gau-gap-dau-dat.png', 'VN', '2023-06-15 19:53:49.570000', '21/04/2023', 'Đầu Gấu Đụng Đầu Đất', 'https://www.youtube.com/watch?v=nPSGk6ZInrg'),
(9, 'John Francis Daley, Jonathan M. Goldstein', 'US', '2023-06-15 19:53:49.581000', 'Phim theo chân một tên trộm quyến rũ và một nhóm những kẻ bịp bợm nghiệp dư thực hiện vụ trộm sử thi nhằm lấy lại một di vật đã mất. Nhưng mọi thứ trở nên nguy hiểm khó lường hơn bao giờ hết  khi họ đã chạm trán nhầm người trong.', 134, 'https://cdn.discordapp.com/attachments/1058632154696921108/1105736771150549103/700x1000___2.png', 'VN', '2023-06-15 19:53:49.581000', '21/04/2023', 'Ngục Tối Và Rồng: Danh Dự Của Kẻ Trộm', 'https://www.youtube.com/watch?v=IiMinixSXII'),
(10, 'Chris Pratt, Anya Taylor-Joy, Charlie Day, Jack Black, Keegan-Michael Key', 'US', '2023-06-15 19:53:49.597000', 'Cuộc phiêu lưu đến Vương quốc Nấm của anh chàng thợ sửa ống nước Mario và quá trình anh vươn lên trở thành một huyền thoại. Xem lịch chiếu, review phim và mua vé xem phim dễ dàng hơn tại Moveek', 93, 'https://cdn.discordapp.com/attachments/1058632154696921108/1105736836598485082/1200wx1800h-1-1680765880-poster.png', 'VN', '2023-06-15 19:53:49.597000', '07/04/2023', 'Anh Em Super Mario', 'https://www.youtube.com/watch?v=TnGl01FkMMo'),
(11, 'Penelope Sangiorgi, Rocco Marazzita, Lucia Caporaso, Daniele De Martino, Chiara Casolari', 'US', '2023-06-15 19:53:49.608000', 'Sau cái chết của cha, Emma (Penelope Sangiorgi) vội vã bay từ New York về quê nhà ở Ý để lo hậu sự. Trong thời gian diễn ra tang lễ, Emma ở một mình trong căn nhà mà cha mẹ để lại. Lúc này, cô bị buộc phải đối mặt với một thực thể tà ác có khả năng kết nối thông qua một chiếc radio bị nguyền rủa. Để sống sót và bảo vệ những người mình yêu thương, Emma phải tìm ra bí mật đen tối ẩn sau chiếc radio ma quỷ kia…', 93, 'https://cdn.discordapp.com/attachments/1058632154696921108/1105736900960079973/Am-Vuc-Chet-Sound-of-Silence-2023-poster.png', 'VN', '2023-06-15 19:53:49.608000', '21/04/2023', 'Âm Vực Chết', 'https://www.youtube.com/watch?v=239gO3anEwE'),
(12, 'Sarah Grey, Meg Foster, Sarah Dumont, Alexis Knapp, Mena Suvari', 'US', '2023-06-15 19:53:49.618000', 'Câu chuyện bắt đầu khi Elly được gia đình của một người bạn nhờ chăm sóc một người phụ nữ lớn tuổi sống trong một căn nhà gỗ hẻo lánh trong vài ngày. Nhận lời đồng ý, nhưng sau đó Elly phát hiện ra sự xuất hiện của một con quỷ đang ẩn náu trong người phụ nữ chỉ chực chờ để thoát ra. Cùng lúc đó, những bí ẩn về cái chết của mẹ cô dần dần được gợi mở bởi những cơn ác mộng mà Elly phải trải qua.', 96, 'https://cdn.discordapp.com/attachments/1058632154696921108/1105736973521534996/con-thinh-no-tu-coi-am-1094250.png', 'VN', '2023-06-15 19:53:49.618000', '12/05/2023', 'Cơn Thịnh Nộ Từ Cõi Âm', 'https://www.youtube.com/watch?v=Ry2lqIHcURY'),
(13, 'Jorma Tommila, Aksel Hennie, Jack Doolan, Onni Tommila, Mimosa Willamo', 'US', '2023-06-15 19:53:49.628000', 'Khi một cựu quân nhân phát hiện ra vàng ở vùng hoang dã Lapland cố gắng mang chiến lợi phẩm vào thành phố, những người lính Đức Quốc xã do một sĩ quan SS tàn bạo chỉ huy đã chiến đấu với anh ta.', 91, 'https://cdn.discordapp.com/attachments/1058632154696921108/1105737028894736445/sisu.png', 'VN', '2023-06-15 19:53:49.628000', '12/05/2023', 'Sisu: Già Gân Báo Thù', 'https://www.youtube.com/watch?v=2NnPzpuU5ao'),
(14, 'Ben Affleck, Alice Braga, William Fichtner, J. D. Pardo, Jeff Fahey', 'US', '2023-06-15 19:53:49.641000', 'Phim theo chân thám tử Daniel Rourke (Ben Affleck) trong hành trình tìm kiếm cô con gái bị mất tích. Anh sớm nhận ra tất cả những chuyện bí ẩn này đều liên quan đến một người đàn ông có sức mạnh thôi miên. Với sự hỗ trợ từ nhà ngoại cảm Diana Cruz (Alice Braga), Daniel bắt đầu truy đuổi hắn và phải tìm mọi cách để đưa con gái mình trở về nhà an toàn.', 93, 'https://cdn.discordapp.com/attachments/1058632154696921108/1105737099354853407/nhung-ke-thao-tung.png', 'VN', '2023-06-15 19:53:49.641000', '12/05/2023', 'Những Kẻ Thao Túng', 'https://www.youtube.com/watch?v=eHsWYmnXk1o'),
(15, 'Vin Diesel, Michelle Rodriguez, Tyrese Gibson, Ludacris, Jason Momoa', 'US', '2023-06-15 19:53:49.652000', 'Dom (Vin Disel) và nhóm của anh đã tiêu diệt trùm ma túy người Brazil Hernan Reyes ở Rio De Janeiro. Điều họ không biết là con trai của Reyes, Dante (Jason Momoa) đã chứng kiến tất cả và dành 12 năm để lên kế hoạch báo thù hoàn hảo sẽ khiến gia đình Dom phải trả giá đắt. ', 130, 'https://cdn.discordapp.com/attachments/1058632154696921108/1106238898151096371/74d035165134327.png', 'VN', '2023-06-15 19:53:49.652000', '17/05/2023', 'Fast & Furious 10', 'https://www.youtube.com/watch?v=aOb15GVFZxU'),
(16, 'Halle Bailey, Jonah Hauer-King, Daveed Diggs, Awkwafina, Jacob Tremblay', 'US', '2023-06-15 19:53:49.666000', 'Nàng Tiên Cá là câu chuyện được yêu thích về Ariel - một nàng tiên cá trẻ xinh đẹp và mạnh mẽ với khát khao phiêu lưu. Ariel là con gái út của Vua Triton và cũng là người ngang ngạnh nhất, nàng khao khát khám phá về thế giới bên kia đại dương. Trong một lần ghé thăm đất liền, nàng đã phải lòng Hoàng tử Eric bảnh bao. Trong khi tiên cá bị cấm tiếp xúc với con người, Ariel đã làm theo trái tim mình. Nàng đã thỏa thuận với phù thủy biển Ursula hung ác để cơ hội sống cuộc sống trên đất liền. Nhưng cuối cùng việc này lại đe dọa tới mạng sống của Ariel và vương miện của cha nàng.', 135, 'https://cdn.discordapp.com/attachments/1058632154696921108/1105737244410646528/nang-tien-ca-2-1679082319495.png', 'VN', '2023-06-15 19:53:49.666000', '26/05/2023', 'Nàng Tiên Cá', 'https://www.youtube.com/watch?v=kpGo2_d3oYE'),
(17, 'Wasabi Mizuta, Megumi Oohara, Yumi Kakazu, Subaru Kimura, Tomokazu Seki', 'US', '2023-06-15 19:53:49.679000', 'Phần phim mới nhất xoay quanh chuyến phiêu lưu của Doraemon, Nobita và những người bạn thân tới Paradapia - một hòn đảo hình trăng lưỡi liềm lơ lửng trên bầu trời. Ở nơi đó, tất cả đều hoàn hảo… đến mức cậu nhóc Nobita mê ngủ ngày cũng có thể trở thành một thần đồng toán học, một siêu sao thể thao. Cả hội Doraemon cùng sử dụng một món bảo bối độc đáo chưa từng xuất hiện trước đây để đến với vương quốc tuyệt vời này. Cùng với những người bạn ở đây, đặc biệt là chàng robot mèo Sonya, cả hội đã có chuyến hành trình tới vương quốc trên mây tuyệt vời… cho đến khi những bí mật đằng sau vùng đất lý tưởng này được hé lộ.', 120, 'https://cdn.discordapp.com/attachments/1058632154696921108/1106238634660728943/main_poster_-_dmmovie2023.png', 'VN', '2023-06-15 19:53:49.679000', '26/05/2023', 'Doraemon: Nobita Và Vùng Đất Lý Tưởng Trên Bầu Trời', 'https://www.youtube.com/watch?v=jyCSIPhNJGw'),
(18, 'Shameik Moore', 'US', '2023-06-15 19:53:49.693000', 'Vô số Spider-Man từ khắp các vũ trụ đang đối đầu nhau?!', 120, 'https://cdn.discordapp.com/attachments/1058632154696921108/1106239406718844968/SpidermanPOSTER-011.png', 'VN', '2023-06-15 19:53:49.693000', '01/06/2023', 'Người Nhện: Du Hành Vũ Trụ Nhện', 'https://www.youtube.com/watch?v=shW9i6k8cB0'),
(19, 'Anthony Ramos, Dominique Fishback, Tobe Nwigwe, Peter Cullen, Ron Perlman', 'US', '2023-06-15 19:53:49.704000', 'Một cuộc chiến với quy mô hoành tráng, những trận chiến căng thẳng, những cơn mưa lửa đạn tràn ngập giữa hàng loạt các robot ngang tài ngang sức dần được tiết lộ ở những khung hình cuối của đoạn trailer. Thế nhưng liệu sự kết hợp ăn ý giữa Autobots và Maximals liệu có đủ để chống lại cả một đội quân đông đảo của Scourge hay không, liệu có Transformer nào sẽ phải hy sinh ở cuộc chiến này? Hay phải chăng sẽ còn cách nào khác để cứu Trái Đất như lời Elena hé lộ?', 120, 'https://cdn.discordapp.com/attachments/1058632154696921108/1106238526716125314/tf7_700x1000.png', 'VN', '2023-06-15 19:53:49.704000', '09/06/2023', 'Transformers: Quái Thú Trỗi Dậy', 'https://www.youtube.com/watch?v=itnqEauWQZM'),
(20, 'Ezra Miller, Kiersey Clemons, Billy Crudup, Johnny Depp', 'US', '2023-06-15 19:53:49.718000', 'Bối cảnh phim có thể sẽ được lấy từ sự kiện Flashpoint. Trong nguyên tác truyện tranh, anh chàng Barry Allen sẽ quay ngược thời gian để cứu người mẹ khỏi cái chết. Chuyến đi này của anh đã làm thay đổi nhiều sự kiện trong quá khứ và từ đó kéo theo một loạt rắc rối.', 120, 'https://cdn.discordapp.com/attachments/1058632154696921108/1106239864397103224/the-flash-movie-poster-ezra-miller-barry-allen.png', 'VN', '2023-06-15 19:53:49.718000', '16/06/2023', 'Flash', 'https://www.youtube.com/watch?v=hebWYacbdvc'),
(21, 'Jennifer Lawrence, Andrew Barth Feldman, Laura Benanti, Matthew Broderick, Ebon Moss-Bachrach', 'US', '2023-06-15 19:53:49.729000', 'ội dung phim kể về một cô gái lẳng lơ, sống nay đây mai đó với đủ loại công việc. Cho đến một ngày, cô nhận lời của một cặp vợ chồng trung niên là quyến rũ cậu con trai 19 tuổi của họ. Cũng từ đây, hành trình của bà cô U40 đi cò cưa trai trẻ bắt đầu với bao tình huống éo le, khó đỡ.', 120, 'https://cdn.discordapp.com/attachments/1058632154696921108/1106239984714907741/Vu-Em-Day-Yeu-No-Hard-Feelings-2023-poster.png', 'VN', '2023-06-15 19:53:49.729000', '23/06/2023', 'Vú Em Dạy “Yêu”', 'https://www.youtube.com/watch?v=P15S6ND8kbQ'),
(22, 'Harrison Ford', 'US', '2023-06-15 19:53:49.740000', 'Tác phẩm là phần thứ năm trong loạt phim Indiana Jones, tiếp nối câu chuyện sau Indiana Jones and the Kingdom of the Crystal Skull (2008). Với những câu chuyện phiêu lưu kỳ thú, Indiana Jones (Harrison Ford) là một trong những anh hùng huyền thoại của các khán giả thế hệ 7x và 8x. Indiana Jones 5 sẽ pha trộn giữa thực tế, hư cấu. Lần này Indiana Jones sẽ đối mặt với Đức quốc xã trong thời gian diễn ra cuộc chạy đua vào không gian như thế nào? Bộ phim hứa hẹn sẽ là một chuyến hành trình cuối cùng đáng nhớ của Indiana Jones và là lời chào tạm biệt tốt nhất dành cho nhân vật này trên màn ảnh.', 120, 'https://cdn.discordapp.com/attachments/1058632154696921108/1106240080680587324/indiana-jones-vong-quay-dinh-menh-thumb.png', 'VN', '2023-06-15 19:53:49.740000', '30/06/2023', 'Indiana Jones & Vòng Quay Định Mệnh', 'https://www.youtube.com/watch?v=eQfMbSe7F2g'),
(23, 'Ty Simpkins, Patrick Wilson, Hiam Abbass, Sinclair Daniel, Andrew Astor', 'US', '2023-06-15 19:53:49.749000', 'Đã 10 năm trôi qua kể từ màn đối đầu quỷ dữ theo đúng nghĩa đen diễn ra ở Insidious 2, sang chấn từ sự việc vẫn âm ỉ, nhất là đối với Josh và con trai lớn Dalton của anh. Vì cả hai đã chọn quên đi quá khứ cũng như đè nén khả năng đặc biệt của bản thân, giờ trong tâm trí họ tồn tại một khoảng trống khiến hai cha con luôn cảm thấy bản thân như đang bị chìm trong sương mù và cơn ác mộng dai dẳng về cánh cửa đỏ họ không thể nhớ đã gặp ở đâu. Và hôm nay, khi Dalton chuẩn bị lên đường học đại học, những con quỷ quay về để hoàn thành chuyện còn dang dở năm nào. Tệ hơn, giờ hai cha con không có Elise hỗ trợ nữa.', 120, 'https://cdn.discordapp.com/attachments/1058632154696921108/1106240371983392918/quyquyetcuadoPOSTER-01.png', 'VN', '2023-06-15 19:53:49.749000', '07/07/2023', 'Quỷ Quyệt Cửa Đỏ Vô Định', 'https://www.youtube.com/watch?v=ZuQuOnYnr3Q'),
(24, 'Margot Robbie', 'US', '2023-06-15 19:53:49.758000', 'Lấy bối cảnh tại \'Barbieland\' một xã hội tươi đẹp, đầy màu sắc với Kens và Barbies. Ken của Ryan Gosling, được cho là một \'thằng cực kỳ ngu ngốc\', rất mê Barbie, nhưng lại yêu thế giới thực, nơi mà có tất cả các lý do mà Barbie ghét (tiêu chuẩn về vẻ đẹp, giới tính,... ). Ken và Barbie rời \'Barbieland\' để đến thế giới thực và CEO Mattel (Will Ferrell) phải đuổi theo để đưa họ trở lại Barbieland.', 120, 'https://cdn.discordapp.com/attachments/1058632154696921108/1106240470784413776/o1YxyJFVbQvqwfWnf6aVyjcUhcZ.png', 'VN', '2023-06-15 19:53:49.758000', '21/07/2023', 'Barbie', 'https://www.youtube.com/watch?v=GRyt3Ov4zz0'),
(25, 'Cillian Murphy, Emily Blunt, Florence Pugh, Matt Damon, Dane DeHaan', 'US', '2023-06-15 19:53:49.768000', 'Bộ phim dựa trên cuốn sách giành giải Pulitzer năm 2005 tên American Prometheus: The Triumph and Tragedy of J. Robert Oppenheimer của hai tác giả Kai Bird và Martin J. Sherwin. Tác phẩm đã khắc họa chân dung nhà vật lý lý thuyết người Mỹ J. Robert Oppenheimer và vai trò của ông trong quá trình phát triển bom nguyên tử.', 120, 'https://cdn.discordapp.com/attachments/1058632154696921108/1106240615706005587/oppenheimer-poster-1658411601593.png', 'VN', '2023-06-15 19:53:49.768000', '21/07/2023', 'Oppenheimer', 'https://www.youtube.com/watch?v=bK6ldnjE3Y0'),
(26, 'Minami Takayama, Wakana Yamazaki, Rikiya Koyama, Megumi Hayashibara, Shuuichi Ikeda', 'US', '2023-06-15 19:53:49.782000', 'Lấy bối cảnh ở vùng biển gần đảo Hachijo-jima, Tokyo. Các kỹ sư khắp nơi trên thế giới đã tập hợp lại để vận hành toàn diện \'Phao Thái Bình Dương\' - một cơ sở ngoài khơi để kết nối các camera an ninh thuộc sở hữu của lực lượng cảnh sát toàn cầu. Một thử nghiệm về một \'công nghệ mới\' nhất định dựa trên hệ thống nhận dạng khuôn mặt đang được tiến hành ở đó.', 120, 'https://cdn.discordapp.com/attachments/1058632154696921108/1106240703450861730/conantausatdenPOSTER-01.png', 'VN', '2023-06-15 19:53:49.782000', '21/07/2023', 'Thám Tử Lừng Danh Conan: Tàu Ngầm Sắt Màu Đen', 'https://www.youtube.com/watch?v=UKoz2Xh3ojc'),
(27, 'Rosario Dawson, Chase W. Dillon, LaKeith Stanfield, Tiffany Haddish, Owen Wilson', 'US', '2023-06-15 19:53:49.794000', 'Không một sinh vật sống nào có thể liên tục chỉ tồn tại trong thế giới thực mà không hóa điên. Ngay cả chim sơn ca và châu chấu cũng được một số người cho là có biết mơ. Dinh thự Hill thì chẳng còn tỉnh táo nữa. Nó đứng một mình trên những ngọn đồi, lưu giữ bóng tối trong lòng. Nó đã đứng như vậy trong suốt tám mươi năm và có thể sẽ tiếp tục đứng vững thêm tám mươi năm nữa.', 120, 'https://cdn.discordapp.com/attachments/1058632154696921108/1106240872040910939/rsz_haunted_mansion_teaser_poster.png', 'VN', '2023-06-15 19:53:49.794000', '28/07/2023', '', 'https://www.youtube.com/watch?v=gartMjonTXc'),
(28, 'George Lopez', 'US', '2023-06-15 19:53:49.807000', 'Câu chuyện về nguồn gốc của Jaime Reyes trong nguyên tác khá đơn giản và dễ hiểu. Reyes là một cậu thiếu niên sống cùng gia đình, bao gồm cha mẹ và em gái, tại El Paso, Texas, Mỹ. Trong một ngày trên đường đi học về, cậu tình cờ nhặt được một vật thể kỳ lạ có hình giống một con bọ hung. Và tính tò mò đã khiến Reyes quyết định mang nó về nhà, mà không hề biết rằng điều này sẽ thay đổi cuộc sống và tương lai cậu mãi mãi.', 120, 'https://cdn.discordapp.com/attachments/1058632154696921108/1106240970170826752/fjej3p5vsaefncy-1670085354902.png', 'VN', '2023-06-15 19:53:49.807000', '18/08/2023', 'Blue Beetle', 'https://www.youtube.com/watch?v=vS3_72Gb-bI'),
(29, 'Denzel Washington, Dakota Fanning, Gaia Scodellaro, David Denman, Eugenio Mastrandrea', 'US', '2023-06-15 19:53:49.819000', 'Sau khi phải tự tay tiêu diệt những người đồng đội cũ trong The Equalizer 2 (2018), Robert McCall (Denzel Washington) quyết định nghỉ hưu thực sự và chuyển đến sinh sống tại miền Nam nước Ý. Tại đây, ông dường như đã tìm thấy một quê nhà mới với cuộc sống bình yên bên cạnh những người dân hiếu khách. Thế nhưng, mỗi khi McCall muốn thoát khỏi quá khứ bạo lực thì rắc rối lại tự tìm đến ông. Một tổ chức mafia bắt đầu vươn vòi bạch tuộc với vùng quê này với hàng loạt các hoạt động phi pháp, giết người và thậm chí là khủng bố cảnh sát. Khi tính mạng của bạn bè bị đe dọa, Robert McCall buộc phải tái xuất để xóa số băng đảng tội phạm này mãi mãi.', 120, 'https://cdn.discordapp.com/attachments/1058632154696921108/1106241024726151168/thienacdoidau-01.png', 'VN', '2023-06-15 19:53:49.819000', '01/09/2023', 'Thiện Ác Đối Đầu 3', 'https://www.youtube.com/watch?v=19ikl8vy4zs'),
(30, 'Kenneth Branagh, Michelle Yeoh, Jamie Dornan, Tina Fey, Jude Hill', 'US', '2023-06-15 19:53:49.831000', 'Án Mạng Ở Venice được lấy cảm hứng từ cuốn tiểu thuyết Hallowe’en Party năm 1969 của Agatha Christie, nhưng vẫn chưa rõ nó sẽ bám sát nguyên tác đến mức nào. Nội dung được tóm gọn như sau: “Bây giờ đã nghỉ hưu và sống lưu vong tự áp đặt tại thành phố quyến rũ nhất thế giới, [Hercule] Poirot miễn cưỡng tham dự một buổi cầu hồn tại một cung điện bị ma ám, mục nát. Khi một trong những vị khách bị sát hại, viên thám tử bị đẩy vào một thế giới nham hiểm của bóng tối và bí mật.”', 120, 'https://cdn.discordapp.com/attachments/1058632154696921108/1106241116640120973/An-Mang-O-Venice-Haunting-in-Venice-2023-poster.png', 'VN', '2023-06-15 19:53:49.831000', '15/09/2023', 'Án Mạng Ở Venice', 'https://www.youtube.com/watch?v=oRCKIP5paEU'),
(31, 'Timothee Chalamet, Zendaya, Rebecca Ferguson, Javier Bardem, Florence Pugh', 'US', '2023-06-15 19:53:49.842000', 'Dune chuyển thể từ tiểu thuyết nổi tiếng cùng tên của nhà văn Frank Herbert, xuất bản tại Việt Nam với tựa đề Xứ cát. Kịch bản theo chân công tước Paul Atreides (Timothée Chalamet đóng) trong hành trình sinh tử bảo vệ vận mệnh của cả thiên hà', 120, 'https://cdn.discordapp.com/attachments/1058632154696921108/1106241194754854953/Dune-2-Poster.png', 'VN', '2023-06-15 19:53:49.842000', '03/11/2023', 'Dune 2', 'https://www.youtube.com/watch?v=Way9Dexny3w'),
(32, 'Anna Kendrick, Justin Timberlake, Eric André, Kid Cudi, Daveed Diggs', 'US', '2023-06-15 19:53:49.856000', 'Bộ phim mở ra cuộc hành trình phiêu lưu âm nhạc kỳ thú của bộ đôi Poppy và Branch. Sau 2 phần phim từng chiếu trước đây, trải qua những chuyến phiêu lưu cùng với nhau, Poppy và Brand đã chính thức ở bên nhau như một cặp đôi. Mở đầu trailer là khung cảnh của buổi tiệc cưới hoàng gia đang được chuẩn bị. Tụ hội trong ngày vui của vợ chồng Bridget và Gristle là anh Mây cầu vồng và Tí Kim Cương lấp lánh. Ngoài ra, còn có John Dory, anh trai thất lạc của Branch. Sự xuất hiện của John Dory tại bữa tiệc đã hé lộ những bí mật được che giấu lâu nay.', 120, 'https://cdn.discordapp.com/attachments/1058632154696921108/1106241367170105374/rZGFcl01VIdfMpLOIuiO6IFdq1U.png', 'VN', '2023-06-15 19:53:49.856000', '17/11/2023', 'Quỷ Lùn Tinh Nghịch: Đồng Tâm Hiệp Nhạc', 'https://www.youtube.com/watch?v=qZ40Z62tcXM');

-- --------------------------------------------------------

--
-- Table structure for table `movie_genre`
--

CREATE TABLE `movie_genre` (
  `movie_id` bigint NOT NULL,
  `genre_id` bigint NOT NULL
) ENGINE=InnoDB DEFAULT CHARSET=utf8mb4 COLLATE=utf8mb4_0900_ai_ci;

--
-- Dumping data for table `movie_genre`
--

INSERT INTO `movie_genre` (`movie_id`, `genre_id`) VALUES
(1, 10),
(1, 1),
(1, 2),
(2, 3),
(2, 2),
(3, 4),
(3, 2),
(4, 6),
(4, 5),
(5, 7),
(6, 2),
(6, 5),
(7, 3),
(7, 8),
(7, 9),
(8, 2),
(8, 8),
(9, 10),
(9, 11),
(10, 10),
(10, 11),
(10, 2),
(10, 6),
(10, 5),
(11, 7),
(11, 15),
(12, 7),
(13, 8),
(13, 9),
(14, 12),
(14, 13),
(14, 15),
(15, 8),
(15, 13),
(15, 15),
(16, 10),
(16, 4),
(16, 11),
(16, 6),
(17, 10),
(17, 1),
(17, 5),
(18, 10),
(18, 1),
(18, 2),
(18, 8),
(18, 5),
(19, 10),
(19, 1),
(19, 8),
(20, 10),
(20, 11),
(20, 1),
(20, 8),
(21, 4),
(21, 2),
(22, 10),
(22, 8),
(23, 7),
(23, 15),
(24, 2),
(25, 3),
(25, 9),
(25, 14),
(26, 12),
(26, 8),
(26, 13),
(26, 5),
(27, 7),
(27, 2),
(27, 6),
(28, 10),
(28, 1),
(28, 8),
(28, 15),
(29, 8),
(29, 13),
(29, 15),
(30, 3),
(30, 12),
(30, 13),
(31, 10),
(31, 1),
(31, 8),
(32, 11),
(32, 16),
(32, 2),
(32, 6),
(32, 5);

-- --------------------------------------------------------

--
-- Table structure for table `payment`
--

CREATE TABLE `payment` (
  `id` varchar(26) NOT NULL,
  `amount` double DEFAULT NULL,
  `create_at` datetime(6) NOT NULL,
  `status` varchar(255) DEFAULT NULL,
  `update_at` datetime(6) DEFAULT NULL,
  `booking_id` varchar(26) DEFAULT NULL
) ENGINE=InnoDB DEFAULT CHARSET=utf8mb4 COLLATE=utf8mb4_0900_ai_ci;

-- --------------------------------------------------------

--
-- Table structure for table `role`
--

CREATE TABLE `role` (
  `id` bigint NOT NULL,
  `name` varchar(255) DEFAULT NULL
) ENGINE=InnoDB DEFAULT CHARSET=utf8mb4 COLLATE=utf8mb4_0900_ai_ci;

--
-- Dumping data for table `role`
--

INSERT INTO `role` (`id`, `name`) VALUES
(1, 'ROLE_ADMIN'),
(3, 'ROLE_SUPER_ADMIN'),
(2, 'ROLE_USER');

-- --------------------------------------------------------

--
-- Table structure for table `role_seq`
--

CREATE TABLE `role_seq` (
  `next_val` bigint DEFAULT NULL
) ENGINE=InnoDB DEFAULT CHARSET=utf8mb4 COLLATE=utf8mb4_0900_ai_ci;

--
-- Dumping data for table `role_seq`
--

INSERT INTO `role_seq` (`next_val`) VALUES
(101);

-- --------------------------------------------------------

--
-- Table structure for table `show_seat`
--

CREATE TABLE `show_seat` (
  `id` varchar(26) NOT NULL,
  `create_at` datetime(6) NOT NULL,
  `status` varchar(255) DEFAULT NULL,
  `update_at` datetime(6) DEFAULT NULL,
  `cinema_seat_id` bigint DEFAULT NULL,
  `show_id` varchar(26) DEFAULT NULL
) ENGINE=InnoDB DEFAULT CHARSET=utf8mb4 COLLATE=utf8mb4_0900_ai_ci;

--
-- Dumping data for table `show_seat`
--

INSERT INTO `show_seat` (`id`, `create_at`, `status`, `update_at`, `cinema_seat_id`, `show_id`) VALUES
('02DPsnrCDl', '2023-06-15 20:15:35.982000', 'AVAILABLE', '2023-06-15 20:15:35.982000', 122, '42a849ad-22d6499b-116bd748'),
('04r2oXosUm', '2023-06-15 20:15:38.691000', 'AVAILABLE', '2023-06-15 20:15:38.691000', 129, '4e4cf96e-1acaaad4-63ccd759'),
('05mQYTGLNW', '2023-06-15 20:15:32.383000', 'AVAILABLE', '2023-06-15 20:15:32.383000', 148, '12fd5981-14b6376b-7f28464a'),
('05oo4xPgIK', '2023-06-15 20:15:36.158000', 'AVAILABLE', '2023-06-15 20:15:36.158000', 147, '42a849ad-22d6499b-116bd748'),
('0a5RfOt2jV', '2023-06-15 20:15:34.802000', 'AVAILABLE', '2023-06-15 20:15:34.802000', 63, 'a8c75739-892d563b-33c04143'),
('0AeWm720tB', '2023-06-15 20:15:36.596000', 'AVAILABLE', '2023-06-15 20:15:36.596000', 45, '02d49570-5763c443-0e0e20b9'),
('0CkUQ3MGZF', '2023-06-15 20:15:32.937000', 'AVAILABLE', '2023-06-15 20:15:32.937000', 5, '53be5f2b-45e36235-5cd210b3'),
('0dfrd6nRJG', '2023-06-15 20:15:31.870000', 'AVAILABLE', '2023-06-15 20:15:31.870000', 7, '62565e62-1601caab-91c3347e'),
('0EId87kILf', '2023-06-15 20:15:33.025000', 'AVAILABLE', '2023-06-15 20:15:33.025000', 24, '53be5f2b-45e36235-5cd210b3'),
('0FjJgtK9bR', '2023-06-15 20:15:34.070000', 'AVAILABLE', '2023-06-15 20:15:34.070000', 60, '69b61741-856ca4cc-32c91a7b'),
('0fLxGjgb9B', '2023-06-15 20:15:35.617000', 'AVAILABLE', '2023-06-15 20:15:35.617000', 146, '70cd8618-93e95219-67e18b87'),
('0fQMVuYkON', '2023-06-15 20:15:37.480000', 'AVAILABLE', '2023-06-15 20:15:37.480000', 125, 'fce15157-7ed50e6c-02bb8d91'),
('0gfk30Bvpc', '2023-06-15 20:15:36.405000', 'AVAILABLE', '2023-06-15 20:15:36.405000', 139, 'd58d7610-48cc9183-ce7e5121'),
('0HlbVWDHzd', '2023-06-15 20:04:20.594000', 'AVAILABLE', '2023-06-15 20:04:20.594000', 135, 'ee88b52c-46f88bae-12a2c208'),
('0hTPkhBuzY', '2023-06-15 20:04:20.636000', 'AVAILABLE', '2023-06-15 20:04:20.636000', 145, 'ee88b52c-46f88bae-12a2c208'),
('0I11onh6CW', '2023-06-15 20:15:32.983000', 'AVAILABLE', '2023-06-15 20:15:32.983000', 15, '53be5f2b-45e36235-5cd210b3'),
('0JXiUwWW2c', '2023-06-15 20:15:34.204000', 'AVAILABLE', '2023-06-15 20:15:34.204000', 5, '83a9e5af-823d4066-f8545c66'),
('0LAN0r9vSd', '2023-06-15 20:15:36.981000', 'AVAILABLE', '2023-06-15 20:15:36.981000', 18, '16a02431-8fb9c725-773dfee8'),
('0N8WMUdRoc', '2023-06-15 20:15:35.546000', 'AVAILABLE', '2023-06-15 20:15:35.546000', 134, '70cd8618-93e95219-67e18b87'),
('0P3rfONo1T', '2023-06-15 20:15:33.546000', 'AVAILABLE', '2023-06-15 20:15:33.546000', 2, '7a92b03b-c28eb91e-33cfad47'),
('0PaZKC1a1Z', '2023-06-15 20:15:33.030000', 'AVAILABLE', '2023-06-15 20:15:33.030000', 25, '53be5f2b-45e36235-5cd210b3'),
('0S3sALu2NA', '2023-06-15 20:15:36.367000', 'AVAILABLE', '2023-06-15 20:15:36.367000', 134, 'd58d7610-48cc9183-ce7e5121'),
('0TltHeIVz7', '2023-06-15 20:15:37.922000', 'AVAILABLE', '2023-06-15 20:15:37.922000', 108, 'afc99b82-f7de970c-0a8b199f'),
('0tQQOw2pz3', '2023-06-15 20:15:31.634000', 'AVAILABLE', '2023-06-15 20:15:31.634000', 159, 'c6b8009f-229c53f8-9c8986c9'),
('0Yi9jiipoI', '2023-06-15 20:15:33.910000', 'AVAILABLE', '2023-06-15 20:15:33.910000', 112, '56cc6688-df8a2e38-2162ed27'),
('0Ys3YANRyI', '2023-06-15 20:15:34.567000', 'AVAILABLE', '2023-06-15 20:15:34.567000', 145, '6d108104-3a6fa3d7-c2d533e3'),
('14U8ZDcAzm', '2023-06-15 20:15:38.823000', 'AVAILABLE', '2023-06-15 20:15:38.823000', 147, '4e4cf96e-1acaaad4-63ccd759'),
('19Ieb0Zzuv', '2023-06-15 20:15:32.813000', 'AVAILABLE', '2023-06-15 20:15:32.813000', 62, 'aadd4aec-f8456853-aac62184'),
('1BD2AzEbFX', '2023-06-15 20:15:37.231000', 'AVAILABLE', '2023-06-15 20:15:37.231000', 92, 'c0b3bd2f-6b1a1a67-e2e9270f'),
('1BHcKpjhJZ', '2023-06-15 20:15:37.662000', 'AVAILABLE', '2023-06-15 20:15:37.662000', 151, 'fce15157-7ed50e6c-02bb8d91'),
('1E1Gotxjev', '2023-06-15 20:15:33.941000', 'AVAILABLE', '2023-06-15 20:15:33.941000', 118, '56cc6688-df8a2e38-2162ed27'),
('1enUmYdIyA', '2023-06-15 20:15:32.436000', 'AVAILABLE', '2023-06-15 20:15:32.436000', 158, '12fd5981-14b6376b-7f28464a'),
('1EQA94lS3x', '2023-06-15 20:15:32.418000', 'AVAILABLE', '2023-06-15 20:15:32.418000', 155, '12fd5981-14b6376b-7f28464a'),
('1FTazntm3m', '2023-06-15 20:15:34.384000', 'AVAILABLE', '2023-06-15 20:15:34.384000', 38, '83a9e5af-823d4066-f8545c66'),
('1GAZYsjxSj', '2023-06-15 20:15:37.302000', 'AVAILABLE', '2023-06-15 20:15:37.302000', 102, 'c0b3bd2f-6b1a1a67-e2e9270f'),
('1JwGCTWB7v', '2023-06-15 20:15:33.717000', 'AVAILABLE', '2023-06-15 20:15:33.717000', 36, '7a92b03b-c28eb91e-33cfad47'),
('1kY2U3Meig', '2023-06-15 20:15:34.016000', 'AVAILABLE', '2023-06-15 20:15:34.016000', 50, '69b61741-856ca4cc-32c91a7b'),
('1LuSaa4p4Q', '2023-06-15 20:15:38.130000', 'AVAILABLE', '2023-06-15 20:15:38.130000', 56, '909fe10f-5c932a32-a276b53d'),
('1ox79xaN6G', '2023-06-15 20:15:35.154000', 'AVAILABLE', '2023-06-15 20:15:35.154000', 37, '77b3bac0-12b14306-eab7fb5e'),
('1p1uqhZBsY', '2023-06-15 20:15:34.718000', 'AVAILABLE', '2023-06-15 20:15:34.718000', 50, 'a8c75739-892d563b-33c04143'),
('1ptIsyhHOo', '2023-06-15 20:15:33.723000', 'AVAILABLE', '2023-06-15 20:15:33.723000', 37, '7a92b03b-c28eb91e-33cfad47'),
('1Q5MB6Zg8Z', '2023-06-15 20:15:35.384000', 'AVAILABLE', '2023-06-15 20:15:35.384000', 113, '9ffe64a9-0e43f7fe-27c9cb68'),
('1Ri030Xgvk', '2023-06-15 20:15:34.020000', 'AVAILABLE', '2023-06-15 20:15:34.020000', 51, '69b61741-856ca4cc-32c91a7b'),
('1rUvojps9e', '2023-06-15 20:15:34.377000', 'AVAILABLE', '2023-06-15 20:15:34.377000', 37, '83a9e5af-823d4066-f8545c66'),
('1sIg7C5bNd', '2023-06-15 20:15:31.912000', 'AVAILABLE', '2023-06-15 20:15:31.912000', 16, '62565e62-1601caab-91c3347e'),
('1sQy22u09F', '2023-06-15 20:15:32.760000', 'AVAILABLE', '2023-06-15 20:15:32.760000', 52, 'aadd4aec-f8456853-aac62184'),
('1WcZFwCBhj', '2023-06-15 20:15:37.280000', 'AVAILABLE', '2023-06-15 20:15:37.280000', 99, 'c0b3bd2f-6b1a1a67-e2e9270f'),
('1WzjhQ6Iwc', '2023-06-15 20:15:31.965000', 'AVAILABLE', '2023-06-15 20:15:31.965000', 27, '62565e62-1601caab-91c3347e'),
('22wWnGn68D', '2023-06-15 20:15:35.147000', 'AVAILABLE', '2023-06-15 20:15:35.147000', 36, '77b3bac0-12b14306-eab7fb5e'),
('23FJGORggM', '2023-06-15 20:15:38.655000', 'AVAILABLE', '2023-06-15 20:15:38.655000', 124, '4e4cf96e-1acaaad4-63ccd759'),
('2ccwj2N0x9', '2023-06-15 20:15:35.225000', 'AVAILABLE', '2023-06-15 20:15:35.225000', 87, '9ffe64a9-0e43f7fe-27c9cb68'),
('2Cu7KzOT1C', '2023-06-15 20:15:37.519000', 'AVAILABLE', '2023-06-15 20:15:37.519000', 130, 'fce15157-7ed50e6c-02bb8d91'),
('2g63lzzk88', '2023-06-15 20:15:36.692000', 'AVAILABLE', '2023-06-15 20:15:36.692000', 59, '02d49570-5763c443-0e0e20b9'),
('2gEj6uKEVb', '2023-06-15 20:15:31.681000', 'AVAILABLE', '2023-06-15 20:15:31.681000', 47, '433236f1-68829139-724b58a8'),
('2H0uqhxD9Z', '2023-06-15 20:15:34.238000', 'AVAILABLE', '2023-06-15 20:15:34.238000', 12, '83a9e5af-823d4066-f8545c66'),
('2JqWDFXuuD', '2023-06-15 20:15:35.623000', 'AVAILABLE', '2023-06-15 20:15:35.623000', 147, '70cd8618-93e95219-67e18b87'),
('2KxtAMJQLl', '2023-06-15 20:15:31.753000', 'AVAILABLE', '2023-06-15 20:15:31.753000', 64, '433236f1-68829139-724b58a8'),
('2mbDSQAcaR', '2023-06-15 20:15:32.358000', 'AVAILABLE', '2023-06-15 20:15:32.358000', 143, '12fd5981-14b6376b-7f28464a'),
('2MZkDdzLiM', '2023-06-15 20:15:31.616000', 'AVAILABLE', '2023-06-15 20:15:31.616000', 155, 'c6b8009f-229c53f8-9c8986c9'),
('2pd2es7AQE', '2023-06-15 20:15:37.087000', 'AVAILABLE', '2023-06-15 20:15:37.087000', 33, '16a02431-8fb9c725-773dfee8'),
('2R6goqfMDt', '2023-06-15 20:15:34.769000', 'AVAILABLE', '2023-06-15 20:15:34.769000', 57, 'a8c75739-892d563b-33c04143'),
('2V20SQKrjh', '2023-06-15 20:15:31.788000', 'AVAILABLE', '2023-06-15 20:15:31.788000', 72, '433236f1-68829139-724b58a8'),
('2vGS7klZ04', '2023-06-15 20:15:34.519000', 'AVAILABLE', '2023-06-15 20:15:34.519000', 137, '6d108104-3a6fa3d7-c2d533e3'),
('2WwAyF3DTL', '2023-06-15 20:15:36.220000', 'AVAILABLE', '2023-06-15 20:15:36.220000', 156, '42a849ad-22d6499b-116bd748'),
('2yGv1YZMBO', '2023-06-15 20:15:31.942000', 'AVAILABLE', '2023-06-15 20:15:31.942000', 22, '62565e62-1601caab-91c3347e'),
('2Zxepy9LiH', '2023-06-15 20:15:37.022000', 'AVAILABLE', '2023-06-15 20:15:37.022000', 23, '16a02431-8fb9c725-773dfee8'),
('35R00lamAh', '2023-06-15 20:15:33.329000', 'AVAILABLE', '2023-06-15 20:15:33.329000', 122, 'b9fb509c-7a9a04d3-ed121498'),
('37cjuFdQHU', '2023-06-15 20:15:35.802000', 'AVAILABLE', '2023-06-15 20:15:35.802000', 94, 'a3acc532-b4ef7790-c2dfea3f'),
('3aI0YhAuem', '2023-06-15 20:15:38.555000', 'AVAILABLE', '2023-06-15 20:15:38.555000', 32, '360453d5-7bb9a652-2e16222e'),
('3D4a3cDIeo', '2023-06-15 20:15:32.942000', 'AVAILABLE', '2023-06-15 20:15:32.942000', 6, '53be5f2b-45e36235-5cd210b3'),
('3DYBto9NyV', '2023-06-15 20:15:32.654000', 'AVAILABLE', '2023-06-15 20:15:32.654000', 115, 'ea01d571-901a3b58-6ba41284'),
('3h1S7diTYe', '2023-06-15 20:15:32.009000', 'AVAILABLE', '2023-06-15 20:15:32.009000', 37, '62565e62-1601caab-91c3347e'),
('3jpqgIESnX', '2023-06-15 20:15:31.706000', 'AVAILABLE', '2023-06-15 20:15:31.706000', 53, '433236f1-68829139-724b58a8'),
('3Jwf6wcbDM', '2023-06-15 20:15:38.640000', 'AVAILABLE', '2023-06-15 20:15:38.640000', 122, '4e4cf96e-1acaaad4-63ccd759'),
('3lzjGTBRjq', '2023-06-15 20:15:33.606000', 'AVAILABLE', '2023-06-15 20:15:33.606000', 14, '7a92b03b-c28eb91e-33cfad47'),
('3MNJCGO1m6', '2023-06-15 20:15:34.749000', 'AVAILABLE', '2023-06-15 20:15:34.749000', 54, 'a8c75739-892d563b-33c04143'),
('3n68ob2J9L', '2023-06-15 20:15:33.591000', 'AVAILABLE', '2023-06-15 20:15:33.591000', 11, '7a92b03b-c28eb91e-33cfad47'),
('3QSYoWLuKc', '2023-06-15 20:15:34.493000', 'AVAILABLE', '2023-06-15 20:15:34.493000', 133, '6d108104-3a6fa3d7-c2d533e3'),
('3sPlsRT8XD', '2023-06-15 20:15:32.706000', 'AVAILABLE', '2023-06-15 20:15:32.706000', 42, 'aadd4aec-f8456853-aac62184'),
('3tlUF8xYK5', '2023-06-15 20:15:31.686000', 'AVAILABLE', '2023-06-15 20:15:31.686000', 48, '433236f1-68829139-724b58a8'),
('3uglj1FwPS', '2023-06-15 20:15:38.981000', 'AVAILABLE', '2023-06-15 20:15:38.981000', 8, 'b178a981-0a3a2d5a-fdb64525'),
('3wSmW9mN5k', '2023-06-15 20:15:32.978000', 'AVAILABLE', '2023-06-15 20:15:32.979000', 14, '53be5f2b-45e36235-5cd210b3'),
('3yy3GPU41u', '2023-06-15 20:15:35.118000', 'AVAILABLE', '2023-06-15 20:15:35.118000', 31, '77b3bac0-12b14306-eab7fb5e'),
('3Znb9ZCv5q', '2023-06-15 20:15:33.611000', 'AVAILABLE', '2023-06-15 20:15:33.611000', 15, '7a92b03b-c28eb91e-33cfad47'),
('4bB42YGwa1', '2023-06-15 20:15:31.602000', 'AVAILABLE', '2023-06-15 20:15:31.602000', 151, 'c6b8009f-229c53f8-9c8986c9'),
('4c04hzQk7U', '2023-06-15 20:15:34.687000', 'AVAILABLE', '2023-06-15 20:15:34.687000', 45, 'a8c75739-892d563b-33c04143'),
('4iT7kjFj66', '2023-06-15 20:15:39.147000', 'AVAILABLE', '2023-06-15 20:15:39.147000', 30, 'b178a981-0a3a2d5a-fdb64525'),
('4IXQjNlfXh', '2023-06-15 20:15:36.360000', 'AVAILABLE', '2023-06-15 20:15:36.360000', 133, 'd58d7610-48cc9183-ce7e5121'),
('4KP9rNeRzz', '2023-06-15 20:15:37.323000', 'AVAILABLE', '2023-06-15 20:15:37.323000', 105, 'c0b3bd2f-6b1a1a67-e2e9270f'),
('4o4rUS2nUl', '2023-06-15 20:15:32.802000', 'AVAILABLE', '2023-06-15 20:15:32.802000', 60, 'aadd4aec-f8456853-aac62184'),
('4PAg1VFuol', '2023-06-15 20:15:33.905000', 'AVAILABLE', '2023-06-15 20:15:33.905000', 111, '56cc6688-df8a2e38-2162ed27'),
('4QxSQk9pxK', '2023-06-15 20:15:35.606000', 'AVAILABLE', '2023-06-15 20:15:35.606000', 144, '70cd8618-93e95219-67e18b87'),
('4R0VG6Y3tC', '2023-06-15 20:15:37.847000', 'AVAILABLE', '2023-06-15 20:15:37.847000', 97, 'afc99b82-f7de970c-0a8b199f'),
('4rdv3TJpSS', '2023-06-15 20:15:35.358000', 'AVAILABLE', '2023-06-15 20:15:35.358000', 109, '9ffe64a9-0e43f7fe-27c9cb68'),
('4RrSxPLLIq', '2023-06-15 20:15:33.195000', 'AVAILABLE', '2023-06-15 20:15:33.195000', 137, '57f477bc-96829428-3d3e4599'),
('4S0vXFXeEh', '2023-06-15 20:15:35.396000', 'AVAILABLE', '2023-06-15 20:15:35.396000', 115, '9ffe64a9-0e43f7fe-27c9cb68'),
('4UrOwgPGJa', '2023-06-15 20:15:34.296000', 'AVAILABLE', '2023-06-15 20:15:34.296000', 22, '83a9e5af-823d4066-f8545c66'),
('4x3pZG5bh3', '2023-06-15 20:15:36.270000', 'AVAILABLE', '2023-06-15 20:15:36.270000', 121, 'd58d7610-48cc9183-ce7e5121'),
('52CPodjvjf', '2023-06-15 20:15:34.857000', 'AVAILABLE', '2023-06-15 20:15:34.857000', 72, 'a8c75739-892d563b-33c04143'),
('59NEkZirye', '2023-06-15 20:15:36.377000', 'AVAILABLE', '2023-06-15 20:15:36.377000', 135, 'd58d7610-48cc9183-ce7e5121'),
('59pkQIoPgK', '2023-06-15 20:15:36.338000', 'AVAILABLE', '2023-06-15 20:15:36.338000', 130, 'd58d7610-48cc9183-ce7e5121'),
('5bfICwzy67', '2023-06-15 20:15:34.273000', 'AVAILABLE', '2023-06-15 20:15:34.273000', 18, '83a9e5af-823d4066-f8545c66'),
('5DIWXk1tlY', '2023-06-15 20:15:33.100000', 'AVAILABLE', '2023-06-15 20:15:33.100000', 40, '53be5f2b-45e36235-5cd210b3'),
('5eEAWu52nk', '2023-06-15 20:15:33.059000', 'AVAILABLE', '2023-06-15 20:15:33.059000', 31, '53be5f2b-45e36235-5cd210b3'),
('5EiBRASO0T', '2023-06-15 20:04:20.546000', 'AVAILABLE', '2023-06-15 20:04:20.546000', 125, 'ee88b52c-46f88bae-12a2c208'),
('5en0QL4A8V', '2023-06-15 20:15:36.110000', 'AVAILABLE', '2023-06-15 20:15:36.110000', 140, '42a849ad-22d6499b-116bd748'),
('5HV6viqKbI', '2023-06-15 20:15:33.232000', 'AVAILABLE', '2023-06-15 20:15:33.232000', 145, '57f477bc-96829428-3d3e4599'),
('5IdrEogjpN', '2023-06-15 20:15:36.678000', 'AVAILABLE', '2023-06-15 20:15:36.678000', 57, '02d49570-5763c443-0e0e20b9'),
('5NhubQ142a', '2023-06-15 20:15:34.928000', 'AVAILABLE', '2023-06-15 20:15:34.928000', 2, '77b3bac0-12b14306-eab7fb5e'),
('5NRalbDe7Y', '2023-06-15 20:15:37.581000', 'AVAILABLE', '2023-06-15 20:15:37.581000', 139, 'fce15157-7ed50e6c-02bb8d91'),
('5sp7iRIZFP', '2023-06-15 20:15:32.274000', 'AVAILABLE', '2023-06-15 20:15:32.274000', 126, '12fd5981-14b6376b-7f28464a'),
('5vPqsEqWQA', '2023-06-15 20:15:33.008000', 'AVAILABLE', '2023-06-15 20:15:33.008000', 20, '53be5f2b-45e36235-5cd210b3'),
('5x2RiBemWD', '2023-06-15 20:15:34.749000', 'AVAILABLE', '2023-06-15 20:15:34.749000', 56, 'a8c75739-892d563b-33c04143'),
('5yNkfaWciU', '2023-06-15 20:15:39.070000', 'AVAILABLE', '2023-06-15 20:15:39.070000', 20, 'b178a981-0a3a2d5a-fdb64525'),
('5zkJ0Dik82', '2023-06-15 20:15:35.338000', 'AVAILABLE', '2023-06-15 20:15:35.338000', 106, '9ffe64a9-0e43f7fe-27c9cb68'),
('60Yknawkvc', '2023-06-15 20:15:33.003000', 'AVAILABLE', '2023-06-15 20:15:33.003000', 19, '53be5f2b-45e36235-5cd210b3'),
('63p6te7pO9', '2023-06-15 20:15:35.410000', 'AVAILABLE', '2023-06-15 20:15:35.410000', 117, '9ffe64a9-0e43f7fe-27c9cb68'),
('64gjJ0tkIi', '2023-06-15 20:15:34.082000', 'AVAILABLE', '2023-06-15 20:15:34.082000', 62, '69b61741-856ca4cc-32c91a7b'),
('67vnGMuKzd', '2023-06-15 20:15:37.458000', 'AVAILABLE', '2023-06-15 20:15:37.458000', 122, 'fce15157-7ed50e6c-02bb8d91'),
('6B5GyMVXFQ', '2023-06-15 20:15:37.722000', 'AVAILABLE', '2023-06-15 20:15:37.722000', 160, 'fce15157-7ed50e6c-02bb8d91'),
('6d7i9MdaVd', '2023-06-15 20:15:37.771000', 'AVAILABLE', '2023-06-15 20:15:37.771000', 85, 'afc99b82-f7de970c-0a8b199f'),
('6GQJomS2Kd', '2023-06-15 20:15:33.077000', 'AVAILABLE', '2023-06-15 20:15:33.077000', 35, '53be5f2b-45e36235-5cd210b3'),
('6hqJkHDdOn', '2023-06-15 20:15:33.228000', 'AVAILABLE', '2023-06-15 20:15:33.228000', 144, '57f477bc-96829428-3d3e4599'),
('6Kg9lrPLrh', '2023-06-15 20:15:34.775000', 'AVAILABLE', '2023-06-15 20:15:34.775000', 58, 'a8c75739-892d563b-33c04143'),
('6lXLTkeCky', '2023-06-15 20:15:37.162000', 'AVAILABLE', '2023-06-15 20:15:37.162000', 82, 'c0b3bd2f-6b1a1a67-e2e9270f'),
('6msMcaACm0', '2023-06-15 20:15:32.055000', 'AVAILABLE', '2023-06-15 20:15:32.055000', 83, 'e2456b3c-569b3bd7-1a4ba0dd'),
('6OaNCnsAOJ', '2023-06-15 20:15:31.724000', 'AVAILABLE', '2023-06-15 20:15:31.724000', 57, '433236f1-68829139-724b58a8'),
('6pxo4Wedxf', '2023-06-15 20:15:34.749000', 'AVAILABLE', '2023-06-15 20:15:34.749000', 55, 'a8c75739-892d563b-33c04143'),
('6Q6TsqbS8c', '2023-06-15 20:15:31.898000', 'AVAILABLE', '2023-06-15 20:15:31.899000', 13, '62565e62-1601caab-91c3347e'),
('6VBMwJhNlo', '2023-06-15 20:15:35.202000', 'AVAILABLE', '2023-06-15 20:15:35.202000', 83, '9ffe64a9-0e43f7fe-27c9cb68'),
('74Z2HfAIIT', '2023-06-15 20:15:35.378000', 'AVAILABLE', '2023-06-15 20:15:35.378000', 112, '9ffe64a9-0e43f7fe-27c9cb68'),
('76DsBvNyIc', '2023-06-15 20:15:31.486000', 'AVAILABLE', '2023-06-15 20:15:31.486000', 128, 'c6b8009f-229c53f8-9c8986c9'),
('7cejYpHa0N', '2023-06-15 20:15:31.813000', 'AVAILABLE', '2023-06-15 20:15:31.813000', 78, '433236f1-68829139-724b58a8'),
('7D4Q1WHGF2', '2023-06-15 20:15:37.128000', 'AVAILABLE', '2023-06-15 20:15:37.128000', 39, '16a02431-8fb9c725-773dfee8'),
('7e3X1hcNGp', '2023-06-15 20:15:32.337000', 'AVAILABLE', '2023-06-15 20:15:32.337000', 139, '12fd5981-14b6376b-7f28464a'),
('7fNSzYbqWV', '2023-06-15 20:15:31.524000', 'AVAILABLE', '2023-06-15 20:15:31.524000', 136, 'c6b8009f-229c53f8-9c8986c9'),
('7fOZPIBTjt', '2023-06-15 20:15:33.666000', 'AVAILABLE', '2023-06-15 20:15:33.666000', 26, '7a92b03b-c28eb91e-33cfad47'),
('7JJlooUS0u', '2023-06-15 20:15:38.792000', 'AVAILABLE', '2023-06-15 20:15:38.792000', 143, '4e4cf96e-1acaaad4-63ccd759'),
('7KFgyJqAML', '2023-06-15 20:04:20.582000', 'AVAILABLE', '2023-06-15 20:04:20.582000', 132, 'ee88b52c-46f88bae-12a2c208'),
('7kTbM4Bqmp', '2023-06-15 20:15:32.529000', 'AVAILABLE', '2023-06-15 20:15:32.529000', 92, 'ea01d571-901a3b58-6ba41284'),
('7LfpUdbU22', '2023-06-15 20:15:39.155000', 'AVAILABLE', '2023-06-15 20:15:39.155000', 31, 'b178a981-0a3a2d5a-fdb64525'),
('7qv3TV3rCi', '2023-06-15 20:15:39.100000', 'AVAILABLE', '2023-06-15 20:15:39.100000', 24, 'b178a981-0a3a2d5a-fdb64525'),
('7srti6pejd', '2023-06-15 20:04:20.614000', 'AVAILABLE', '2023-06-15 20:04:20.614000', 140, 'ee88b52c-46f88bae-12a2c208'),
('7t2WX4Fbwt', '2023-06-15 20:15:34.267000', 'AVAILABLE', '2023-06-15 20:15:34.267000', 17, '83a9e5af-823d4066-f8545c66'),
('7trogQbHuu', '2023-06-15 20:15:32.075000', 'AVAILABLE', '2023-06-15 20:15:32.075000', 88, 'e2456b3c-569b3bd7-1a4ba0dd'),
('7uZTixlns5', '2023-06-15 20:15:32.739000', 'AVAILABLE', '2023-06-15 20:15:32.739000', 48, 'aadd4aec-f8456853-aac62184'),
('7VUDkMxHbd', '2023-06-15 20:15:34.152000', 'AVAILABLE', '2023-06-15 20:15:34.152000', 76, '69b61741-856ca4cc-32c91a7b'),
('7zk79tQYAp', '2023-06-15 20:15:32.014000', 'AVAILABLE', '2023-06-15 20:15:32.014000', 38, '62565e62-1601caab-91c3347e'),
('83j4x8fqzt', '2023-06-15 20:15:38.400000', 'AVAILABLE', '2023-06-15 20:15:38.400000', 13, '360453d5-7bb9a652-2e16222e'),
('849WFvjtsF', '2023-06-15 20:15:32.080000', 'AVAILABLE', '2023-06-15 20:15:32.080000', 89, 'e2456b3c-569b3bd7-1a4ba0dd'),
('87zpYGizjO', '2023-06-15 20:15:31.741000', 'AVAILABLE', '2023-06-15 20:15:31.741000', 61, '433236f1-68829139-724b58a8'),
('8a0Wa0Cjfy', '2023-06-15 20:15:32.863000', 'AVAILABLE', '2023-06-15 20:15:32.863000', 72, 'aadd4aec-f8456853-aac62184'),
('8Apk6Q233e', '2023-06-15 20:15:31.662000', 'AVAILABLE', '2023-06-15 20:15:31.662000', 42, '433236f1-68829139-724b58a8'),
('8chbHl1uZr', '2023-06-15 20:15:37.896000', 'AVAILABLE', '2023-06-15 20:15:37.896000', 104, 'afc99b82-f7de970c-0a8b199f'),
('8cqSWtz74u', '2023-06-15 20:15:37.540000', 'AVAILABLE', '2023-06-15 20:15:37.540000', 133, 'fce15157-7ed50e6c-02bb8d91'),
('8fEBnUgKFb', '2023-06-15 20:15:33.571000', 'AVAILABLE', '2023-06-15 20:15:33.571000', 7, '7a92b03b-c28eb91e-33cfad47'),
('8fzp8MZ8GS', '2023-06-15 20:15:36.760000', 'AVAILABLE', '2023-06-15 20:15:36.760000', 68, '02d49570-5763c443-0e0e20b9'),
('8gRQQqEA1x', '2023-06-15 20:15:38.137000', 'AVAILABLE', '2023-06-15 20:15:38.137000', 57, '909fe10f-5c932a32-a276b53d'),
('8ICSk5baFB', '2023-06-15 20:15:37.716000', 'AVAILABLE', '2023-06-15 20:15:37.716000', 159, 'fce15157-7ed50e6c-02bb8d91'),
('8kWtWDoavl', '2023-06-15 20:15:38.499000', 'AVAILABLE', '2023-06-15 20:15:38.499000', 25, '360453d5-7bb9a652-2e16222e'),
('8Of3NsX2Qj', '2023-06-15 20:15:36.449000', 'AVAILABLE', '2023-06-15 20:15:36.449000', 145, 'd58d7610-48cc9183-ce7e5121'),
('8QYoOnevEC', '2023-06-15 20:15:38.548000', 'AVAILABLE', '2023-06-15 20:15:38.548000', 31, '360453d5-7bb9a652-2e16222e'),
('8rBjKjxX69', '2023-06-15 20:15:33.095000', 'AVAILABLE', '2023-06-15 20:15:33.095000', 39, '53be5f2b-45e36235-5cd210b3'),
('8ulcfVGmGg', '2023-06-15 20:15:32.750000', 'AVAILABLE', '2023-06-15 20:15:32.750000', 50, 'aadd4aec-f8456853-aac62184'),
('8vG9Jr5fIq', '2023-06-15 20:15:33.406000', 'AVAILABLE', '2023-06-15 20:15:33.406000', 138, 'b9fb509c-7a9a04d3-ed121498'),
('8VolbRgLP5', '2023-06-15 20:15:34.103000', 'AVAILABLE', '2023-06-15 20:15:34.103000', 66, '69b61741-856ca4cc-32c91a7b'),
('8wCbzz1Jt9', '2023-06-15 20:15:39.031000', 'AVAILABLE', '2023-06-15 20:15:39.031000', 15, 'b178a981-0a3a2d5a-fdb64525'),
('8xV037QiOu', '2023-06-15 20:15:37.253000', 'AVAILABLE', '2023-06-15 20:15:37.253000', 95, 'c0b3bd2f-6b1a1a67-e2e9270f'),
('8XVwhAoosx', '2023-06-15 20:15:34.087000', 'AVAILABLE', '2023-06-15 20:15:34.087000', 63, '69b61741-856ca4cc-32c91a7b'),
('8YKTlpD7Ky', '2023-06-15 20:15:38.851000', 'AVAILABLE', '2023-06-15 20:15:38.851000', 151, '4e4cf96e-1acaaad4-63ccd759'),
('906h9wqZeB', '2023-06-15 20:15:35.691000', 'AVAILABLE', '2023-06-15 20:15:35.691000', 157, '70cd8618-93e95219-67e18b87'),
('91LHXp0eYg', '2023-06-15 20:15:35.254000', 'AVAILABLE', '2023-06-15 20:15:35.254000', 92, '9ffe64a9-0e43f7fe-27c9cb68'),
('92l1UkPcyB', '2023-06-15 20:15:34.641000', 'AVAILABLE', '2023-06-15 20:15:34.641000', 158, '6d108104-3a6fa3d7-c2d533e3'),
('9325vrpZxT', '2023-06-15 20:15:36.165000', 'AVAILABLE', '2023-06-15 20:15:36.165000', 148, '42a849ad-22d6499b-116bd748'),
('93DVrI5x05', '2023-06-15 20:15:33.980000', 'AVAILABLE', '2023-06-15 20:15:33.980000', 43, '69b61741-856ca4cc-32c91a7b'),
('97bRTREA9C', '2023-06-15 20:15:33.646000', 'AVAILABLE', '2023-06-15 20:15:33.646000', 22, '7a92b03b-c28eb91e-33cfad47'),
('99MgZNjyIz', '2023-06-15 20:15:34.703000', 'AVAILABLE', '2023-06-15 20:15:34.703000', 48, 'a8c75739-892d563b-33c04143'),
('9a23GPp50U', '2023-06-15 20:15:36.790000', 'AVAILABLE', '2023-06-15 20:15:36.790000', 72, '02d49570-5763c443-0e0e20b9'),
('9cBMBg8G48', '2023-06-15 20:04:20.526000', 'AVAILABLE', '2023-06-15 20:04:20.526000', 122, 'ee88b52c-46f88bae-12a2c208'),
('9cvayVgKhX', '2023-06-15 20:15:34.486000', 'AVAILABLE', '2023-06-15 20:15:34.486000', 132, '6d108104-3a6fa3d7-c2d533e3'),
('9DoPdNyoUf', '2023-06-15 20:15:34.537000', 'AVAILABLE', '2023-06-15 20:15:34.537000', 140, '6d108104-3a6fa3d7-c2d533e3'),
('9EuTlktgTE', '2023-06-15 20:15:35.191000', 'AVAILABLE', '2023-06-15 20:15:35.191000', 81, '9ffe64a9-0e43f7fe-27c9cb68'),
('9i023O0Qxz', '2023-06-15 20:15:35.709000', 'AVAILABLE', '2023-06-15 20:15:35.709000', 160, '70cd8618-93e95219-67e18b87'),
('9ImDPNIhop', '2023-06-15 20:15:36.735000', 'AVAILABLE', '2023-06-15 20:15:36.735000', 65, '02d49570-5763c443-0e0e20b9'),
('9IVbsfxf0o', '2023-06-15 20:15:34.598000', 'AVAILABLE', '2023-06-15 20:15:34.598000', 150, '6d108104-3a6fa3d7-c2d533e3'),
('9jcDjaKifS', '2023-06-15 20:15:32.265000', 'AVAILABLE', '2023-06-15 20:15:32.265000', 124, '12fd5981-14b6376b-7f28464a'),
('9LGuIG248P', '2023-06-15 20:15:37.669000', 'AVAILABLE', '2023-06-15 20:15:37.669000', 152, 'fce15157-7ed50e6c-02bb8d91'),
('9mPXrFBuGu', '2023-06-15 20:15:32.924000', 'AVAILABLE', '2023-06-15 20:15:32.924000', 2, '53be5f2b-45e36235-5cd210b3'),
('9MRuHFj9QU', '2023-06-15 20:15:35.877000', 'AVAILABLE', '2023-06-15 20:15:35.877000', 107, 'a3acc532-b4ef7790-c2dfea3f'),
('9oz10W6eCy', '2023-06-15 20:15:33.656000', 'AVAILABLE', '2023-06-15 20:15:33.656000', 24, '7a92b03b-c28eb91e-33cfad47'),
('9pv9HE9xyI', '2023-06-15 20:15:31.875000', 'AVAILABLE', '2023-06-15 20:15:31.875000', 8, '62565e62-1601caab-91c3347e'),
('9qPl0jR1WY', '2023-06-15 20:15:36.455000', 'AVAILABLE', '2023-06-15 20:15:36.455000', 146, 'd58d7610-48cc9183-ce7e5121'),
('9qxpLJg1FL', '2023-06-15 20:15:33.812000', 'AVAILABLE', '2023-06-15 20:15:33.812000', 92, '56cc6688-df8a2e38-2162ed27'),
('9Sfm49WeCs', '2023-06-15 20:15:33.437000', 'AVAILABLE', '2023-06-15 20:15:33.437000', 144, 'b9fb509c-7a9a04d3-ed121498'),
('9SjAwYR6WE', '2023-06-15 20:15:33.989000', 'AVAILABLE', '2023-06-15 20:15:33.989000', 45, '69b61741-856ca4cc-32c91a7b'),
('9VKbtgqR70', '2023-06-15 20:15:36.685000', 'AVAILABLE', '2023-06-15 20:15:36.685000', 58, '02d49570-5763c443-0e0e20b9'),
('9XfFFR2RoG', '2023-06-15 20:15:37.155000', 'AVAILABLE', '2023-06-15 20:15:37.155000', 81, 'c0b3bd2f-6b1a1a67-e2e9270f'),
('9XtRIiUDuS', '2023-06-15 20:15:34.218000', 'AVAILABLE', '2023-06-15 20:15:34.218000', 8, '83a9e5af-823d4066-f8545c66'),
('a0aWnY8VJT', '2023-06-15 20:15:32.499000', 'AVAILABLE', '2023-06-15 20:15:32.499000', 87, 'ea01d571-901a3b58-6ba41284'),
('a1bGqLhg9U', '2023-06-15 20:15:34.499000', 'AVAILABLE', '2023-06-15 20:15:34.499000', 134, '6d108104-3a6fa3d7-c2d533e3'),
('a1oBruJjzP', '2023-06-15 20:15:34.734000', 'AVAILABLE', '2023-06-15 20:15:34.734000', 53, 'a8c75739-892d563b-33c04143'),
('a2eFg3zT0d', '2023-06-15 20:15:33.869000', 'AVAILABLE', '2023-06-15 20:15:33.869000', 104, '56cc6688-df8a2e38-2162ed27'),
('a38ctAbh2S', '2023-06-15 20:15:32.399000', 'AVAILABLE', '2023-06-15 20:15:32.399000', 151, '12fd5981-14b6376b-7f28464a'),
('A3hC4JaYIA', '2023-06-15 20:15:32.105000', 'AVAILABLE', '2023-06-15 20:15:32.105000', 94, 'e2456b3c-569b3bd7-1a4ba0dd'),
('a6M0XDM7ra', '2023-06-15 20:15:35.612000', 'AVAILABLE', '2023-06-15 20:15:35.612000', 145, '70cd8618-93e95219-67e18b87'),
('a85GzGaqbW', '2023-06-15 20:15:35.871000', 'AVAILABLE', '2023-06-15 20:15:35.871000', 106, 'a3acc532-b4ef7790-c2dfea3f'),
('aA6qfwDABh', '2023-06-15 20:15:38.648000', 'AVAILABLE', '2023-06-15 20:15:38.648000', 123, '4e4cf96e-1acaaad4-63ccd759'),
('AbG4xgPvA3', '2023-06-15 20:15:32.843000', 'AVAILABLE', '2023-06-15 20:15:32.843000', 68, 'aadd4aec-f8456853-aac62184'),
('ABLGXjfZBi', '2023-06-15 20:15:36.469000', 'AVAILABLE', '2023-06-15 20:15:36.469000', 148, 'd58d7610-48cc9183-ce7e5121'),
('ACKhxRopjH', '2023-06-15 20:15:36.569000', 'AVAILABLE', '2023-06-15 20:15:36.569000', 41, '02d49570-5763c443-0e0e20b9'),
('ACmJ673WWh', '2023-06-15 20:15:35.655000', 'AVAILABLE', '2023-06-15 20:15:35.655000', 151, '70cd8618-93e95219-67e18b87'),
('aDcOGbhzeQ', '2023-06-15 20:15:38.116000', 'AVAILABLE', '2023-06-15 20:15:38.116000', 54, '909fe10f-5c932a32-a276b53d'),
('ADIoOXFIML', '2023-06-15 20:15:34.894000', 'AVAILABLE', '2023-06-15 20:15:34.894000', 78, 'a8c75739-892d563b-33c04143'),
('AdNpeu4abE', '2023-06-15 20:15:33.068000', 'AVAILABLE', '2023-06-15 20:15:33.068000', 33, '53be5f2b-45e36235-5cd210b3'),
('ADoJUXGSY0', '2023-06-15 20:15:33.702000', 'AVAILABLE', '2023-06-15 20:15:33.702000', 33, '7a92b03b-c28eb91e-33cfad47'),
('advwTjpYtI', '2023-06-15 20:15:33.155000', 'AVAILABLE', '2023-06-15 20:15:33.155000', 129, '57f477bc-96829428-3d3e4599'),
('aepipGcp1Y', '2023-06-15 20:15:38.831000', 'AVAILABLE', '2023-06-15 20:15:38.831000', 148, '4e4cf96e-1acaaad4-63ccd759'),
('Agcsamrtc0', '2023-06-15 20:15:34.334000', 'AVAILABLE', '2023-06-15 20:15:34.334000', 29, '83a9e5af-823d4066-f8545c66'),
('aHt8QIn293', '2023-06-15 20:15:31.695000', 'AVAILABLE', '2023-06-15 20:15:31.695000', 50, '433236f1-68829139-724b58a8'),
('AI3oEUxEhD', '2023-06-15 20:15:35.859000', 'AVAILABLE', '2023-06-15 20:15:35.859000', 104, 'a3acc532-b4ef7790-c2dfea3f'),
('AiFGTYOrk4', '2023-06-15 20:15:34.317000', 'AVAILABLE', '2023-06-15 20:15:34.317000', 26, '83a9e5af-823d4066-f8545c66'),
('ajRMYaf38A', '2023-06-15 20:15:33.840000', 'AVAILABLE', '2023-06-15 20:15:33.840000', 98, '56cc6688-df8a2e38-2162ed27'),
('AJYSmDsXf8', '2023-06-15 20:15:35.629000', 'AVAILABLE', '2023-06-15 20:15:35.629000', 148, '70cd8618-93e95219-67e18b87'),
('AK0sX06q6F', '2023-06-15 20:15:33.063000', 'AVAILABLE', '2023-06-15 20:15:33.063000', 32, '53be5f2b-45e36235-5cd210b3'),
('akTKTqFSqG', '2023-06-15 20:15:38.482000', 'AVAILABLE', '2023-06-15 20:15:38.482000', 23, '360453d5-7bb9a652-2e16222e'),
('alCkyNJh5p', '2023-06-15 20:15:38.329000', 'AVAILABLE', '2023-06-15 20:15:38.329000', 3, '360453d5-7bb9a652-2e16222e'),
('aLM1BhTqur', '2023-06-15 20:15:34.531000', 'AVAILABLE', '2023-06-15 20:15:34.531000', 139, '6d108104-3a6fa3d7-c2d533e3'),
('AmCEGnEVZN', '2023-06-15 20:15:34.224000', 'AVAILABLE', '2023-06-15 20:15:34.224000', 9, '83a9e5af-823d4066-f8545c66'),
('aMEitMeiWc', '2023-06-15 20:15:32.254000', 'AVAILABLE', '2023-06-15 20:15:32.254000', 122, '12fd5981-14b6376b-7f28464a'),
('AMrEyETwh3', '2023-06-15 20:15:34.619000', 'AVAILABLE', '2023-06-15 20:15:34.619000', 154, '6d108104-3a6fa3d7-c2d533e3'),
('aqAf2hNJeA', '2023-06-15 20:15:34.129000', 'AVAILABLE', '2023-06-15 20:15:34.129000', 71, '69b61741-856ca4cc-32c91a7b'),
('aR6IZgw8Ka', '2023-06-15 20:15:33.969000', 'AVAILABLE', '2023-06-15 20:15:33.969000', 41, '69b61741-856ca4cc-32c91a7b'),
('aSV7qMlIfZ', '2023-06-15 20:15:35.750000', 'AVAILABLE', '2023-06-15 20:15:35.750000', 85, 'a3acc532-b4ef7790-c2dfea3f'),
('At9lopnp2V', '2023-06-15 20:15:37.875000', 'AVAILABLE', '2023-06-15 20:15:37.875000', 101, 'afc99b82-f7de970c-0a8b199f'),
('ATBXUWcqyC', '2023-06-15 20:15:31.879000', 'AVAILABLE', '2023-06-15 20:15:31.879000', 9, '62565e62-1601caab-91c3347e'),
('AUWo0zvMVx', '2023-06-15 20:15:32.626000', 'AVAILABLE', '2023-06-15 20:15:32.626000', 110, 'ea01d571-901a3b58-6ba41284'),
('aVHlQ6B5mU', '2023-06-15 20:15:32.100000', 'AVAILABLE', '2023-06-15 20:15:32.100000', 93, 'e2456b3c-569b3bd7-1a4ba0dd'),
('AVrHBjMrSm', '2023-06-15 20:15:35.213000', 'AVAILABLE', '2023-06-15 20:15:35.213000', 85, '9ffe64a9-0e43f7fe-27c9cb68'),
('AwVNwAal23', '2023-06-15 20:15:35.327000', 'AVAILABLE', '2023-06-15 20:15:35.327000', 104, '9ffe64a9-0e43f7fe-27c9cb68'),
('axjuOXWOVs', '2023-06-15 20:15:35.865000', 'AVAILABLE', '2023-06-15 20:15:35.865000', 105, 'a3acc532-b4ef7790-c2dfea3f'),
('aYucslj7qZ', '2023-06-15 20:15:36.131000', 'AVAILABLE', '2023-06-15 20:15:36.131000', 143, '42a849ad-22d6499b-116bd748'),
('AZjtKng2yc', '2023-06-15 20:15:34.327000', 'AVAILABLE', '2023-06-15 20:15:34.327000', 28, '83a9e5af-823d4066-f8545c66'),
('Azl9iyEvjs', '2023-06-15 20:15:35.005000', 'AVAILABLE', '2023-06-15 20:15:35.005000', 14, '77b3bac0-12b14306-eab7fb5e'),
('B2vCyda1Ep', '2023-06-15 20:15:33.035000', 'AVAILABLE', '2023-06-15 20:15:33.035000', 26, '53be5f2b-45e36235-5cd210b3'),
('B31OglVnXT', '2023-06-15 20:15:33.485000', 'AVAILABLE', '2023-06-15 20:15:33.485000', 152, 'b9fb509c-7a9a04d3-ed121498'),
('B3omaBL0GV', '2023-06-15 20:15:36.290000', 'AVAILABLE', '2023-06-15 20:15:36.290000', 124, 'd58d7610-48cc9183-ce7e5121'),
('B8mGBf7sCI', '2023-06-15 20:15:36.186000', 'AVAILABLE', '2023-06-15 20:15:36.186000', 151, '42a849ad-22d6499b-116bd748'),
('b8UHVvFRdz', '2023-06-15 20:15:33.124000', 'AVAILABLE', '2023-06-15 20:15:33.124000', 123, '57f477bc-96829428-3d3e4599'),
('B9eBhZwfDt', '2023-06-15 20:15:32.343000', 'AVAILABLE', '2023-06-15 20:15:32.343000', 140, '12fd5981-14b6376b-7f28464a'),
('B9ETQCAsYo', '2023-06-15 20:15:32.394000', 'AVAILABLE', '2023-06-15 20:15:32.394000', 150, '12fd5981-14b6376b-7f28464a'),
('bACdEckZRz', '2023-06-15 20:15:34.862000', 'AVAILABLE', '2023-06-15 20:15:34.862000', 73, 'a8c75739-892d563b-33c04143'),
('BbTXtIVsKh', '2023-06-15 20:15:32.833000', 'AVAILABLE', '2023-06-15 20:15:32.833000', 66, 'aadd4aec-f8456853-aac62184'),
('BdcXTQME8L', '2023-06-15 20:15:32.119000', 'AVAILABLE', '2023-06-15 20:15:32.119000', 97, 'e2456b3c-569b3bd7-1a4ba0dd'),
('BDFbK523Kt', '2023-06-15 20:15:31.572000', 'AVAILABLE', '2023-06-15 20:15:31.572000', 144, 'c6b8009f-229c53f8-9c8986c9'),
('BDJGLmRY4u', '2023-06-15 20:15:32.115000', 'AVAILABLE', '2023-06-15 20:15:32.115000', 96, 'e2456b3c-569b3bd7-1a4ba0dd'),
('bDmsz3ceol', '2023-06-15 20:15:38.599000', 'AVAILABLE', '2023-06-15 20:15:38.599000', 38, '360453d5-7bb9a652-2e16222e'),
('biMInZWcFQ', '2023-06-15 20:15:38.577000', 'AVAILABLE', '2023-06-15 20:15:38.577000', 35, '360453d5-7bb9a652-2e16222e'),
('biRGsRX0L5', '2023-06-15 20:15:37.075000', 'AVAILABLE', '2023-06-15 20:15:37.075000', 31, '16a02431-8fb9c725-773dfee8'),
('bJsD1ltU1l', '2023-06-15 20:15:31.595000', 'AVAILABLE', '2023-06-15 20:15:31.595000', 149, 'c6b8009f-229c53f8-9c8986c9'),
('BKJi4uyqHO', '2023-06-15 20:15:32.671000', 'AVAILABLE', '2023-06-15 20:15:32.671000', 118, 'ea01d571-901a3b58-6ba41284'),
('BlsLZ7QxUh', '2023-06-15 20:15:32.423000', 'AVAILABLE', '2023-06-15 20:15:32.423000', 156, '12fd5981-14b6376b-7f28464a'),
('bmLNoP3F9G', '2023-06-15 20:15:34.999000', 'AVAILABLE', '2023-06-15 20:15:34.999000', 13, '77b3bac0-12b14306-eab7fb5e'),
('bmWNKVYwAp', '2023-06-15 20:04:20.678000', 'AVAILABLE', '2023-06-15 20:04:20.678000', 155, 'ee88b52c-46f88bae-12a2c208'),
('bO2gXMnyd2', '2023-06-15 20:04:20.620000', 'AVAILABLE', '2023-06-15 20:04:20.620000', 141, 'ee88b52c-46f88bae-12a2c208'),
('bo4KSJHUKG', '2023-06-15 20:15:34.549000', 'AVAILABLE', '2023-06-15 20:15:34.549000', 142, '6d108104-3a6fa3d7-c2d533e3'),
('bO8weTbua3', '2023-06-15 20:15:35.079000', 'AVAILABLE', '2023-06-15 20:15:35.079000', 25, '77b3bac0-12b14306-eab7fb5e'),
('BoSarCMYFS', '2023-06-15 20:15:36.283000', 'AVAILABLE', '2023-06-15 20:15:36.283000', 123, 'd58d7610-48cc9183-ce7e5121'),
('bpB74Ab7yP', '2023-06-15 20:15:35.842000', 'AVAILABLE', '2023-06-15 20:15:35.842000', 101, 'a3acc532-b4ef7790-c2dfea3f'),
('bpkb7yLlsI', '2023-06-15 20:15:31.728000', 'AVAILABLE', '2023-06-15 20:15:31.728000', 58, '433236f1-68829139-724b58a8'),
('bpPLbMqn4C', '2023-06-15 20:15:38.743000', 'AVAILABLE', '2023-06-15 20:15:38.743000', 136, '4e4cf96e-1acaaad4-63ccd759'),
('BSPScjq2ld', '2023-06-15 20:15:32.332000', 'AVAILABLE', '2023-06-15 20:15:32.332000', 138, '12fd5981-14b6376b-7f28464a'),
('bteQDtAZvy', '2023-06-15 20:15:38.415000', 'AVAILABLE', '2023-06-15 20:15:38.415000', 15, '360453d5-7bb9a652-2e16222e'),
('bTySIpVDvq', '2023-06-15 20:15:38.714000', 'AVAILABLE', '2023-06-15 20:15:38.714000', 132, '4e4cf96e-1acaaad4-63ccd759'),
('BvmEFzMyjw', '2023-06-15 20:15:33.448000', 'AVAILABLE', '2023-06-15 20:15:33.448000', 146, 'b9fb509c-7a9a04d3-ed121498'),
('Bw4t8yphdB', '2023-06-15 20:15:33.277000', 'AVAILABLE', '2023-06-15 20:15:33.277000', 154, '57f477bc-96829428-3d3e4599'),
('bwriKtdhGh', '2023-06-15 20:15:32.887000', 'AVAILABLE', '2023-06-15 20:15:32.887000', 77, 'aadd4aec-f8456853-aac62184'),
('bxihhfzNfy', '2023-06-15 20:15:38.721000', 'AVAILABLE', '2023-06-15 20:15:38.721000', 133, '4e4cf96e-1acaaad4-63ccd759'),
('bXQOEwyUGb', '2023-06-15 20:15:32.551000', 'AVAILABLE', '2023-06-15 20:15:32.551000', 96, 'ea01d571-901a3b58-6ba41284'),
('BXTd0UC1wd', '2023-06-15 20:15:31.775000', 'AVAILABLE', '2023-06-15 20:15:31.775000', 69, '433236f1-68829139-724b58a8'),
('bXxB7PKzel', '2023-06-15 20:15:37.510000', 'AVAILABLE', '2023-06-15 20:15:37.510000', 129, 'fce15157-7ed50e6c-02bb8d91'),
('BYIq0ZIlp0', '2023-06-15 20:04:20.699000', 'AVAILABLE', '2023-06-15 20:04:20.699000', 160, 'ee88b52c-46f88bae-12a2c208'),
('Bz3a7m405R', '2023-06-15 20:15:39.221000', 'AVAILABLE', '2023-06-15 20:15:39.221000', 40, 'b178a981-0a3a2d5a-fdb64525'),
('bzAVSTerbX', '2023-06-15 20:15:36.665000', 'AVAILABLE', '2023-06-15 20:15:36.665000', 55, '02d49570-5763c443-0e0e20b9'),
('c1UpZt9qau', '2023-06-15 20:15:35.099000', 'AVAILABLE', '2023-06-15 20:15:35.099000', 28, '77b3bac0-12b14306-eab7fb5e'),
('c3gOrv3OdI', '2023-06-15 20:15:35.390000', 'AVAILABLE', '2023-06-15 20:15:35.390000', 114, '9ffe64a9-0e43f7fe-27c9cb68'),
('C5pBCFHi6k', '2023-06-15 20:15:38.164000', 'AVAILABLE', '2023-06-15 20:15:38.164000', 61, '909fe10f-5c932a32-a276b53d'),
('c68QwC2xsE', '2023-06-15 20:15:34.884000', 'AVAILABLE', '2023-06-15 20:15:34.884000', 76, 'a8c75739-892d563b-33c04143'),
('c6el6TeuMI', '2023-06-15 20:15:38.087000', 'AVAILABLE', '2023-06-15 20:15:38.087000', 50, '909fe10f-5c932a32-a276b53d'),
('C71rT7V1xz', '2023-06-15 20:15:32.933000', 'AVAILABLE', '2023-06-15 20:15:32.933000', 4, '53be5f2b-45e36235-5cd210b3'),
('c77oTrtm5d', '2023-06-15 20:15:34.923000', 'AVAILABLE', '2023-06-15 20:15:34.923000', 1, '77b3bac0-12b14306-eab7fb5e'),
('c7bwBjrZCK', '2023-06-15 20:15:37.107000', 'AVAILABLE', '2023-06-15 20:15:37.107000', 36, '16a02431-8fb9c725-773dfee8'),
('C8Q0cqpTvQ', '2023-06-15 20:15:33.953000', 'AVAILABLE', '2023-06-15 20:15:33.953000', 120, '56cc6688-df8a2e38-2162ed27'),
('c9MthtcZ7n', '2023-06-15 20:04:20.662000', 'AVAILABLE', '2023-06-15 20:04:20.662000', 151, 'ee88b52c-46f88bae-12a2c208'),
('cA06GgroTK', '2023-06-15 20:15:32.125000', 'AVAILABLE', '2023-06-15 20:15:32.125000', 98, 'e2456b3c-569b3bd7-1a4ba0dd'),
('cbnk4XAF9g', '2023-06-15 20:15:33.427000', 'AVAILABLE', '2023-06-15 20:15:33.427000', 142, 'b9fb509c-7a9a04d3-ed121498'),
('CCdtAr9Jmz', '2023-06-15 20:15:39.201000', 'AVAILABLE', '2023-06-15 20:15:39.201000', 37, 'b178a981-0a3a2d5a-fdb64525'),
('cd4rz9D5Wd', '2023-06-15 20:15:33.371000', 'AVAILABLE', '2023-06-15 20:15:33.371000', 131, 'b9fb509c-7a9a04d3-ed121498'),
('CDwtmzpdx1', '2023-06-15 20:15:32.071000', 'AVAILABLE', '2023-06-15 20:15:32.071000', 87, 'e2456b3c-569b3bd7-1a4ba0dd'),
('cFwj3rNGG7', '2023-06-15 20:15:31.996000', 'AVAILABLE', '2023-06-15 20:15:31.996000', 34, '62565e62-1601caab-91c3347e'),
('CgFnrpKNQo', '2023-06-15 20:15:37.101000', 'AVAILABLE', '2023-06-15 20:15:37.101000', 35, '16a02431-8fb9c725-773dfee8'),
('cgSZRIclgZ', '2023-06-15 20:15:37.675000', 'AVAILABLE', '2023-06-15 20:15:37.675000', 153, 'fce15157-7ed50e6c-02bb8d91'),
('cjdfFRjoxV', '2023-06-15 20:15:35.111000', 'AVAILABLE', '2023-06-15 20:15:35.111000', 30, '77b3bac0-12b14306-eab7fb5e'),
('cjEmPnmTlq', '2023-06-15 20:15:37.637000', 'AVAILABLE', '2023-06-15 20:15:37.637000', 147, 'fce15157-7ed50e6c-02bb8d91'),
('CKKONb8p4S', '2023-06-15 20:15:31.974000', 'AVAILABLE', '2023-06-15 20:15:31.974000', 29, '62565e62-1601caab-91c3347e'),
('CKvdkkezOm', '2023-06-15 20:15:36.324000', 'AVAILABLE', '2023-06-15 20:15:36.324000', 128, 'd58d7610-48cc9183-ce7e5121'),
('cmKGDliCFL', '2023-06-15 20:15:34.635000', 'AVAILABLE', '2023-06-15 20:15:34.635000', 157, '6d108104-3a6fa3d7-c2d533e3'),
('CNc1Az1nEW', '2023-06-15 20:15:37.189000', 'AVAILABLE', '2023-06-15 20:15:37.189000', 86, 'c0b3bd2f-6b1a1a67-e2e9270f'),
('CNioQSe7Zz', '2023-06-15 20:15:36.994000', 'AVAILABLE', '2023-06-15 20:15:36.994000', 20, '16a02431-8fb9c725-773dfee8'),
('CNJvLG4ysJ', '2023-06-15 20:15:32.727000', 'AVAILABLE', '2023-06-15 20:15:32.727000', 46, 'aadd4aec-f8456853-aac62184'),
('cO9VTQX1GH', '2023-06-15 20:15:35.661000', 'AVAILABLE', '2023-06-15 20:15:35.661000', 152, '70cd8618-93e95219-67e18b87'),
('CpdF24InPH', '2023-06-15 20:15:34.703000', 'AVAILABLE', '2023-06-15 20:15:34.703000', 47, 'a8c75739-892d563b-33c04143'),
('cPpiFBckD4', '2023-06-15 20:04:20.598000', 'AVAILABLE', '2023-06-15 20:04:20.598000', 136, 'ee88b52c-46f88bae-12a2c208'),
('CQ4yYe5i5B', '2023-06-15 20:15:36.151000', 'AVAILABLE', '2023-06-15 20:15:36.151000', 146, '42a849ad-22d6499b-116bd748'),
('cqXCCkGzpk', '2023-06-15 20:15:32.512000', 'AVAILABLE', '2023-06-15 20:15:32.512000', 89, 'ea01d571-901a3b58-6ba41284'),
('crbSXERA7d', '2023-06-15 20:15:37.380000', 'AVAILABLE', '2023-06-15 20:15:37.380000', 113, 'c0b3bd2f-6b1a1a67-e2e9270f'),
('CSG1sqdx6S', '2023-06-15 20:15:35.505000', 'AVAILABLE', '2023-06-15 20:15:35.505000', 127, '70cd8618-93e95219-67e18b87'),
('CSxBGxG9ke', '2023-06-15 20:15:34.134000', 'AVAILABLE', '2023-06-15 20:15:34.134000', 72, '69b61741-856ca4cc-32c91a7b'),
('cTE3CveSGv', '2023-06-15 20:15:33.133000', 'AVAILABLE', '2023-06-15 20:15:33.133000', 125, '57f477bc-96829428-3d3e4599'),
('cuge0Ih9ix', '2023-06-15 20:15:36.707000', 'AVAILABLE', '2023-06-15 20:15:36.707000', 61, '02d49570-5763c443-0e0e20b9'),
('CuQ5x5H81E', '2023-06-15 20:15:35.241000', 'AVAILABLE', '2023-06-15 20:15:35.241000', 90, '9ffe64a9-0e43f7fe-27c9cb68'),
('Cvyap25t2g', '2023-06-15 20:15:31.544000', 'AVAILABLE', '2023-06-15 20:15:31.544000', 138, 'c6b8009f-229c53f8-9c8986c9'),
('cWuJvVplE7', '2023-06-15 20:15:35.976000', 'AVAILABLE', '2023-06-15 20:15:35.976000', 121, '42a849ad-22d6499b-116bd748'),
('cXJcL2UTZ9', '2023-06-15 20:15:38.670000', 'AVAILABLE', '2023-06-15 20:15:38.670000', 126, '4e4cf96e-1acaaad4-63ccd759'),
('Cy0eQPYXh1', '2023-06-15 20:15:37.403000', 'AVAILABLE', '2023-06-15 20:15:37.403000', 116, 'c0b3bd2f-6b1a1a67-e2e9270f'),
('cyngKx0jI6', '2023-06-15 20:15:36.331000', 'AVAILABLE', '2023-06-15 20:15:36.331000', 129, 'd58d7610-48cc9183-ce7e5121'),
('CzA4AngJlU', '2023-06-15 20:15:35.535000', 'AVAILABLE', '2023-06-15 20:15:35.535000', 132, '70cd8618-93e95219-67e18b87'),
('d0h1m8JuDt', '2023-06-15 20:15:36.955000', 'AVAILABLE', '2023-06-15 20:15:36.955000', 14, '16a02431-8fb9c725-773dfee8'),
('D15LSI52i5', '2023-06-15 20:15:35.938000', 'AVAILABLE', '2023-06-15 20:15:35.938000', 117, 'a3acc532-b4ef7790-c2dfea3f'),
('d2VHXJvpEq', '2023-06-15 20:15:32.413000', 'AVAILABLE', '2023-06-15 20:15:32.413000', 154, '12fd5981-14b6376b-7f28464a'),
('D3ZspQQPPl', '2023-06-15 20:15:33.845000', 'AVAILABLE', '2023-06-15 20:15:33.845000', 99, '56cc6688-df8a2e38-2162ed27'),
('d68zrhrTmt', '2023-06-15 20:15:36.603000', 'AVAILABLE', '2023-06-15 20:15:36.603000', 46, '02d49570-5763c443-0e0e20b9'),
('d7hjlOPNqM', '2023-06-15 20:15:32.148000', 'AVAILABLE', '2023-06-15 20:15:32.148000', 103, 'e2456b3c-569b3bd7-1a4ba0dd'),
('D7PaGCJsEo', '2023-06-15 20:15:32.050000', 'AVAILABLE', '2023-06-15 20:15:32.050000', 82, 'e2456b3c-569b3bd7-1a4ba0dd'),
('d8ZbQzeeuq', '2023-06-15 20:15:39.208000', 'AVAILABLE', '2023-06-15 20:15:39.208000', 38, 'b178a981-0a3a2d5a-fdb64525'),
('DBbiEIOqrb', '2023-06-15 20:15:37.702000', 'AVAILABLE', '2023-06-15 20:15:37.702000', 157, 'fce15157-7ed50e6c-02bb8d91'),
('dcrARBFP29', '2023-06-15 20:15:38.858000', 'AVAILABLE', '2023-06-15 20:15:38.858000', 152, '4e4cf96e-1acaaad4-63ccd759'),
('DE9ZbExDkO', '2023-06-15 20:15:37.784000', 'AVAILABLE', '2023-06-15 20:15:37.784000', 87, 'afc99b82-f7de970c-0a8b199f'),
('DFgEZAPega', '2023-06-15 20:15:35.085000', 'AVAILABLE', '2023-06-15 20:15:35.085000', 26, '77b3bac0-12b14306-eab7fb5e'),
('dHkfpYE5Fl', '2023-06-15 20:15:36.316000', 'AVAILABLE', '2023-06-15 20:15:36.316000', 127, 'd58d7610-48cc9183-ce7e5121'),
('dI9VVQc9B0', '2023-06-15 20:15:33.782000', 'AVAILABLE', '2023-06-15 20:15:33.782000', 86, '56cc6688-df8a2e38-2162ed27'),
('dKrG8ZY1eq', '2023-06-15 20:15:32.442000', 'AVAILABLE', '2023-06-15 20:15:32.442000', 159, '12fd5981-14b6376b-7f28464a'),
('dLBwfwvJQ5', '2023-06-15 20:15:31.676000', 'AVAILABLE', '2023-06-15 20:15:31.676000', 46, '433236f1-68829139-724b58a8'),
('dLg5MZSwWk', '2023-06-15 20:15:34.158000', 'AVAILABLE', '2023-06-15 20:15:34.158000', 77, '69b61741-856ca4cc-32c91a7b'),
('DLW51Ihcmv', '2023-06-15 20:15:32.259000', 'AVAILABLE', '2023-06-15 20:15:32.259000', 123, '12fd5981-14b6376b-7f28464a'),
('dMxNDJrbwi', '2023-06-15 20:15:32.307000', 'AVAILABLE', '2023-06-15 20:15:32.307000', 133, '12fd5981-14b6376b-7f28464a'),
('dnQdJPxNVF', '2023-06-15 20:15:37.616000', 'AVAILABLE', '2023-06-15 20:15:37.616000', 144, 'fce15157-7ed50e6c-02bb8d91'),
('doiko2BQo5', '2023-06-15 20:15:37.854000', 'AVAILABLE', '2023-06-15 20:15:37.854000', 98, 'afc99b82-f7de970c-0a8b199f'),
('dRILwWYykf', '2023-06-15 20:15:33.863000', 'AVAILABLE', '2023-06-15 20:15:33.863000', 103, '56cc6688-df8a2e38-2162ed27'),
('DrJiwhlZNz', '2023-06-15 20:15:36.771000', 'AVAILABLE', '2023-06-15 20:15:36.771000', 69, '02d49570-5763c443-0e0e20b9'),
('dSXkshuQT7', '2023-06-15 20:15:35.491000', 'AVAILABLE', '2023-06-15 20:15:35.491000', 125, '70cd8618-93e95219-67e18b87'),
('dsZlTHCzhG', '2023-06-15 20:15:31.847000', 'AVAILABLE', '2023-06-15 20:15:31.847000', 2, '62565e62-1601caab-91c3347e'),
('dUblHtnvSB', '2023-06-15 20:15:39.024000', 'AVAILABLE', '2023-06-15 20:15:39.024000', 14, 'b178a981-0a3a2d5a-fdb64525'),
('DUnvh4vArR', '2023-06-15 20:15:37.941000', 'AVAILABLE', '2023-06-15 20:15:37.941000', 111, 'afc99b82-f7de970c-0a8b199f'),
('dW7lizeIro', '2023-06-15 20:15:33.340000', 'AVAILABLE', '2023-06-15 20:15:33.340000', 124, 'b9fb509c-7a9a04d3-ed121498'),
('dW9V0ozGxF', '2023-06-15 20:15:36.124000', 'AVAILABLE', '2023-06-15 20:15:36.124000', 142, '42a849ad-22d6499b-116bd748'),
('dxDTfvguUO', '2023-06-15 20:15:38.171000', 'AVAILABLE', '2023-06-15 20:15:38.171000', 62, '909fe10f-5c932a32-a276b53d'),
('dxrxzxJNKp', '2023-06-15 20:15:34.029000', 'AVAILABLE', '2023-06-15 20:15:34.029000', 53, '69b61741-856ca4cc-32c91a7b'),
('dYHmiloenD', '2023-06-15 20:15:33.894000', 'AVAILABLE', '2023-06-15 20:15:33.894000', 109, '56cc6688-df8a2e38-2162ed27'),
('dYzxYI3OMa', '2023-06-15 20:15:32.534000', 'AVAILABLE', '2023-06-15 20:15:32.534000', 93, 'ea01d571-901a3b58-6ba41284'),
('dZ5AAWyqf9', '2023-06-15 20:15:36.987000', 'AVAILABLE', '2023-06-15 20:15:36.987000', 19, '16a02431-8fb9c725-773dfee8'),
('dzBDS1qFYb', '2023-06-15 20:15:34.614000', 'AVAILABLE', '2023-06-15 20:15:34.614000', 153, '6d108104-3a6fa3d7-c2d533e3'),
('e0ps9VCG9N', '2023-06-15 20:15:38.816000', 'AVAILABLE', '2023-06-15 20:15:38.816000', 146, '4e4cf96e-1acaaad4-63ccd759'),
('E1lPRPOvje', '2023-06-15 20:15:38.585000', 'AVAILABLE', '2023-06-15 20:15:38.585000', 36, '360453d5-7bb9a652-2e16222e'),
('e2wtXoWHWF', '2023-06-15 20:15:37.422000', 'AVAILABLE', '2023-06-15 20:15:37.422000', 119, 'c0b3bd2f-6b1a1a67-e2e9270f'),
('E4I1EqHSsH', '2023-06-15 20:15:34.579000', 'AVAILABLE', '2023-06-15 20:15:34.579000', 147, '6d108104-3a6fa3d7-c2d533e3'),
('E5nfCzrP76', '2023-06-15 20:15:31.665000', 'AVAILABLE', '2023-06-15 20:15:31.665000', 43, '433236f1-68829139-724b58a8'),
('e6Kkk5Ux9Q', '2023-06-15 20:15:33.166000', 'AVAILABLE', '2023-06-15 20:15:33.166000', 131, '57f477bc-96829428-3d3e4599'),
('E7hniSMznO', '2023-06-15 20:15:38.864000', 'AVAILABLE', '2023-06-15 20:15:38.864000', 153, '4e4cf96e-1acaaad4-63ccd759'),
('eB8WDPf8EZ', '2023-06-15 20:15:38.593000', 'AVAILABLE', '2023-06-15 20:15:38.593000', 37, '360453d5-7bb9a652-2e16222e'),
('eBNrkb29XV', '2023-06-15 20:15:35.043000', 'AVAILABLE', '2023-06-15 20:15:35.043000', 20, '77b3bac0-12b14306-eab7fb5e'),
('EeIQ2uNY4B', '2023-06-15 20:15:37.561000', 'AVAILABLE', '2023-06-15 20:15:37.561000', 136, 'fce15157-7ed50e6c-02bb8d91'),
('eeTNGP7Hfh', '2023-06-15 20:15:38.261000', 'AVAILABLE', '2023-06-15 20:15:38.261000', 75, '909fe10f-5c932a32-a276b53d'),
('EFROkbh3hn', '2023-06-15 20:15:39.052000', 'AVAILABLE', '2023-06-15 20:15:39.052000', 18, 'b178a981-0a3a2d5a-fdb64525'),
('EGAPz3L762', '2023-06-15 20:15:31.710000', 'AVAILABLE', '2023-06-15 20:15:31.710000', 54, '433236f1-68829139-724b58a8'),
('eHajo98vF7', '2023-06-15 20:15:37.609000', 'AVAILABLE', '2023-06-15 20:15:37.609000', 143, 'fce15157-7ed50e6c-02bb8d91'),
('ehvshuOHwv', '2023-06-15 20:15:31.456000', 'AVAILABLE', '2023-06-15 20:15:31.456000', 123, 'c6b8009f-229c53f8-9c8986c9'),
('ejiIGpTBIO', '2023-06-15 20:15:34.671000', 'AVAILABLE', '2023-06-15 20:15:34.671000', 43, 'a8c75739-892d563b-33c04143'),
('EjmjEXiWZt', '2023-06-15 20:15:37.465000', 'AVAILABLE', '2023-06-15 20:15:37.465000', 123, 'fce15157-7ed50e6c-02bb8d91'),
('eJplVmpzwC', '2023-06-15 20:15:32.733000', 'AVAILABLE', '2023-06-15 20:15:32.733000', 47, 'aadd4aec-f8456853-aac62184'),
('EJULiznlhk', '2023-06-15 20:04:20.534000', 'AVAILABLE', '2023-06-15 20:04:20.534000', 123, 'ee88b52c-46f88bae-12a2c208'),
('EkKYbOmLUP', '2023-06-15 20:15:37.309000', 'AVAILABLE', '2023-06-15 20:15:37.309000', 103, 'c0b3bd2f-6b1a1a67-e2e9270f'),
('EkufkYBDzB', '2023-06-15 20:15:35.732000', 'AVAILABLE', '2023-06-15 20:15:35.732000', 82, 'a3acc532-b4ef7790-c2dfea3f'),
('eLnaXBneHI', '2023-06-15 20:15:35.511000', 'AVAILABLE', '2023-06-15 20:15:35.511000', 128, '70cd8618-93e95219-67e18b87'),
('EMBzZlqmpb', '2023-06-15 20:15:38.750000', 'AVAILABLE', '2023-06-15 20:15:38.750000', 137, '4e4cf96e-1acaaad4-63ccd759'),
('ep9iJgx0nB', '2023-06-15 20:15:31.540000', 'AVAILABLE', '2023-06-15 20:15:31.540000', 137, 'c6b8009f-229c53f8-9c8986c9'),
('EPKO0uoUWB', '2023-06-15 20:15:38.336000', 'AVAILABLE', '2023-06-15 20:15:38.336000', 4, '360453d5-7bb9a652-2e16222e'),
('EpPg5lQwXU', '2023-06-15 20:15:34.435000', 'AVAILABLE', '2023-06-15 20:15:34.435000', 125, '6d108104-3a6fa3d7-c2d533e3'),
('EpQLvXLnA5', '2023-06-15 20:15:34.076000', 'AVAILABLE', '2023-06-15 20:15:34.076000', 61, '69b61741-856ca4cc-32c91a7b'),
('epzm7FnmtO', '2023-06-15 20:15:32.859000', 'AVAILABLE', '2023-06-15 20:15:32.859000', 71, 'aadd4aec-f8456853-aac62184'),
('eQPs9nvGwO', '2023-06-15 20:04:20.639000', 'AVAILABLE', '2023-06-15 20:04:20.639000', 146, 'ee88b52c-46f88bae-12a2c208'),
('et30yJiNbU', '2023-06-15 20:15:34.850000', 'AVAILABLE', '2023-06-15 20:15:34.850000', 71, 'a8c75739-892d563b-33c04143'),
('etbevS3jlO', '2023-06-15 20:15:38.988000', 'AVAILABLE', '2023-06-15 20:15:38.988000', 9, 'b178a981-0a3a2d5a-fdb64525'),
('Ew8gJgFvyb', '2023-06-15 20:15:38.357000', 'AVAILABLE', '2023-06-15 20:15:38.357000', 7, '360453d5-7bb9a652-2e16222e'),
('EWdxgOZLe7', '2023-06-15 20:15:31.856000', 'AVAILABLE', '2023-06-15 20:15:31.856000', 4, '62565e62-1601caab-91c3347e'),
('EwwObckCds', '2023-06-15 20:15:38.043000', 'AVAILABLE', '2023-06-15 20:15:38.043000', 44, '909fe10f-5c932a32-a276b53d'),
('ex56QjQzHm', '2023-06-15 20:15:35.552000', 'AVAILABLE', '2023-06-15 20:15:35.552000', 135, '70cd8618-93e95219-67e18b87'),
('eYc6O7ECiH', '2023-06-15 20:15:32.292000', 'AVAILABLE', '2023-06-15 20:15:32.292000', 130, '12fd5981-14b6376b-7f28464a'),
('EYSE2jasfG', '2023-06-15 20:15:33.362000', 'AVAILABLE', '2023-06-15 20:15:33.362000', 129, 'b9fb509c-7a9a04d3-ed121498'),
('EZLgOPFrAx', '2023-06-15 20:15:33.817000', 'AVAILABLE', '2023-06-15 20:15:33.817000', 93, '56cc6688-df8a2e38-2162ed27'),
('Ezs8fIa2sm', '2023-06-15 20:15:34.687000', 'AVAILABLE', '2023-06-15 20:15:34.687000', 44, 'a8c75739-892d563b-33c04143'),
('F1DB6uifZ2', '2023-06-15 20:15:37.488000', 'AVAILABLE', '2023-06-15 20:15:37.488000', 126, 'fce15157-7ed50e6c-02bb8d91'),
('f2xgzaSlqP', '2023-06-15 20:15:39.059000', 'AVAILABLE', '2023-06-15 20:15:39.059000', 19, 'b178a981-0a3a2d5a-fdb64525'),
('f38yk0eHWF', '2023-06-15 20:15:36.193000', 'AVAILABLE', '2023-06-15 20:15:36.193000', 152, '42a849ad-22d6499b-116bd748'),
('f3iCgzbxdq', '2023-06-15 20:15:33.254000', 'AVAILABLE', '2023-06-15 20:15:33.254000', 149, '57f477bc-96829428-3d3e4599'),
('f48VqEMedA', '2023-06-15 20:15:38.446000', 'AVAILABLE', '2023-06-15 20:15:38.446000', 19, '360453d5-7bb9a652-2e16222e'),
('F4aLomHeZL', '2023-06-15 20:15:33.495000', 'AVAILABLE', '2023-06-15 20:15:33.495000', 154, 'b9fb509c-7a9a04d3-ed121498'),
('F4DIvcDPLc', '2023-06-15 20:15:35.272000', 'AVAILABLE', '2023-06-15 20:15:35.272000', 95, '9ffe64a9-0e43f7fe-27c9cb68'),
('F52yh91WiP', '2023-06-15 20:15:37.316000', 'AVAILABLE', '2023-06-15 20:15:37.316000', 104, 'c0b3bd2f-6b1a1a67-e2e9270f'),
('f6fZ4Tkh4L', '2023-06-15 20:15:38.663000', 'AVAILABLE', '2023-06-15 20:15:38.663000', 125, '4e4cf96e-1acaaad4-63ccd759'),
('FAXvhaW1S7', '2023-06-15 20:15:34.572000', 'AVAILABLE', '2023-06-15 20:15:34.572000', 146, '6d108104-3a6fa3d7-c2d533e3'),
('FBh1l4v0u7', '2023-06-15 20:15:36.962000', 'AVAILABLE', '2023-06-15 20:15:36.962000', 15, '16a02431-8fb9c725-773dfee8');
INSERT INTO `show_seat` (`id`, `create_at`, `status`, `update_at`, `cinema_seat_id`, `show_id`) VALUES
('fbps3efKBt', '2023-06-15 20:15:33.242000', 'AVAILABLE', '2023-06-15 20:15:33.242000', 147, '57f477bc-96829428-3d3e4599'),
('fbXrv5GJqt', '2023-06-15 20:15:33.209000', 'AVAILABLE', '2023-06-15 20:15:33.209000', 140, '57f477bc-96829428-3d3e4599'),
('fCKLrFUzbh', '2023-06-15 20:15:33.756000', 'AVAILABLE', '2023-06-15 20:15:33.756000', 81, '56cc6688-df8a2e38-2162ed27'),
('FEc1ndqwgn', '2023-06-15 20:15:35.197000', 'AVAILABLE', '2023-06-15 20:15:35.197000', 82, '9ffe64a9-0e43f7fe-27c9cb68'),
('fEHFH7RQo8', '2023-06-15 20:15:35.092000', 'AVAILABLE', '2023-06-15 20:15:35.092000', 27, '77b3bac0-12b14306-eab7fb5e'),
('feMZa5E8Qe', '2023-06-15 20:15:32.828000', 'AVAILABLE', '2023-06-15 20:15:32.828000', 65, 'aadd4aec-f8456853-aac62184'),
('FFITD5sYJe', '2023-06-15 20:15:37.588000', 'AVAILABLE', '2023-06-15 20:15:37.588000', 140, 'fce15157-7ed50e6c-02bb8d91'),
('fH7HH5tkAp', '2023-06-15 20:15:35.236000', 'AVAILABLE', '2023-06-15 20:15:35.236000', 89, '9ffe64a9-0e43f7fe-27c9cb68'),
('fjGYN3pZWI', '2023-06-15 20:15:34.987000', 'AVAILABLE', '2023-06-15 20:15:34.987000', 11, '77b3bac0-12b14306-eab7fb5e'),
('FlAUhjClBm', '2023-06-15 20:15:34.361000', 'AVAILABLE', '2023-06-15 20:15:34.361000', 34, '83a9e5af-823d4066-f8545c66'),
('fLzvyIdbke', '2023-06-15 20:15:36.921000', 'AVAILABLE', '2023-06-15 20:15:36.921000', 9, '16a02431-8fb9c725-773dfee8'),
('Fn5TNzZkfR', '2023-06-15 20:15:32.191000', 'AVAILABLE', '2023-06-15 20:15:32.191000', 112, 'e2456b3c-569b3bd7-1a4ba0dd'),
('fNjYuMu75W', '2023-06-15 20:15:32.063000', 'AVAILABLE', '2023-06-15 20:15:32.063000', 85, 'e2456b3c-569b3bd7-1a4ba0dd'),
('Fo3suDbuGo', '2023-06-15 20:15:38.757000', 'AVAILABLE', '2023-06-15 20:15:38.757000', 138, '4e4cf96e-1acaaad4-63ccd759'),
('fRCylfwffT', '2023-06-15 20:04:20.627000', 'AVAILABLE', '2023-06-15 20:04:20.627000', 143, 'ee88b52c-46f88bae-12a2c208'),
('fsKkCBVN4n', '2023-06-15 20:15:38.029000', 'AVAILABLE', '2023-06-15 20:15:38.029000', 42, '909fe10f-5c932a32-a276b53d'),
('fSvcSOHTk9', '2023-06-15 20:15:31.732000', 'AVAILABLE', '2023-06-15 20:15:31.732000', 59, '433236f1-68829139-724b58a8'),
('FU2vxO7MfS', '2023-06-15 20:15:32.135000', 'AVAILABLE', '2023-06-15 20:15:32.135000', 100, 'e2456b3c-569b3bd7-1a4ba0dd'),
('FV1cvw4HET', '2023-06-15 20:15:35.219000', 'AVAILABLE', '2023-06-15 20:15:35.219000', 86, '9ffe64a9-0e43f7fe-27c9cb68'),
('FV7glWUH6N', '2023-06-15 20:15:36.803000', 'AVAILABLE', '2023-06-15 20:15:36.803000', 74, '02d49570-5763c443-0e0e20b9'),
('FvXcX5kq72', '2023-06-15 20:15:38.006000', 'AVAILABLE', '2023-06-15 20:15:38.006000', 120, 'afc99b82-f7de970c-0a8b199f'),
('fWbE4ByOXB', '2023-06-15 20:15:32.993000', 'AVAILABLE', '2023-06-15 20:15:32.993000', 17, '53be5f2b-45e36235-5cd210b3'),
('fWDzZmq8zi', '2023-06-15 20:15:34.603000', 'AVAILABLE', '2023-06-15 20:15:34.603000', 151, '6d108104-3a6fa3d7-c2d533e3'),
('fyCcms4XQA', '2023-06-15 20:15:34.785000', 'AVAILABLE', '2023-06-15 20:15:34.785000', 60, 'a8c75739-892d563b-33c04143'),
('fYiUCehshq', '2023-06-15 20:15:32.494000', 'AVAILABLE', '2023-06-15 20:15:32.494000', 86, 'ea01d571-901a3b58-6ba41284'),
('fYtz3m7nCs', '2023-06-15 20:15:31.672000', 'AVAILABLE', '2023-06-15 20:15:31.672000', 45, '433236f1-68829139-724b58a8'),
('FzQhTdHozk', '2023-06-15 20:15:32.599000', 'AVAILABLE', '2023-06-15 20:15:32.599000', 105, 'ea01d571-901a3b58-6ba41284'),
('g0kxGHL1p2', '2023-06-15 20:15:35.726000', 'AVAILABLE', '2023-06-15 20:15:35.726000', 81, 'a3acc532-b4ef7790-c2dfea3f'),
('G2MRcgEUcB', '2023-06-15 20:15:34.816000', 'AVAILABLE', '2023-06-15 20:15:34.816000', 65, 'a8c75739-892d563b-33c04143'),
('G3KpbhMT3s', '2023-06-15 20:15:35.296000', 'AVAILABLE', '2023-06-15 20:15:35.296000', 99, '9ffe64a9-0e43f7fe-27c9cb68'),
('G4W59sg8nv', '2023-06-15 20:15:35.523000', 'AVAILABLE', '2023-06-15 20:15:35.523000', 130, '70cd8618-93e95219-67e18b87'),
('g9H4ckzZHW', '2023-06-15 20:15:32.807000', 'AVAILABLE', '2023-06-15 20:15:32.807000', 61, 'aadd4aec-f8456853-aac62184'),
('gbVJCM2dbo', '2023-06-15 20:15:31.612000', 'AVAILABLE', '2023-06-15 20:15:31.612000', 154, 'c6b8009f-229c53f8-9c8986c9'),
('gchJrhauZh', '2023-06-15 20:15:32.427000', 'AVAILABLE', '2023-06-15 20:15:32.427000', 157, '12fd5981-14b6376b-7f28464a'),
('GClrV3x8U7', '2023-06-15 20:15:34.980000', 'AVAILABLE', '2023-06-15 20:15:34.980000', 10, '77b3bac0-12b14306-eab7fb5e'),
('GcotlRIipB', '2023-06-15 20:15:32.878000', 'AVAILABLE', '2023-06-15 20:15:32.878000', 75, 'aadd4aec-f8456853-aac62184'),
('GF2IN2QqeE', '2023-06-15 20:15:34.592000', 'AVAILABLE', '2023-06-15 20:15:34.592000', 149, '6d108104-3a6fa3d7-c2d533e3'),
('Gfet3leY0y', '2023-06-15 20:15:32.210000', 'AVAILABLE', '2023-06-15 20:15:32.210000', 116, 'e2456b3c-569b3bd7-1a4ba0dd'),
('gFlyj65nJG', '2023-06-15 20:15:33.072000', 'AVAILABLE', '2023-06-15 20:15:33.072000', 34, '53be5f2b-45e36235-5cd210b3'),
('GfU6GFkpuu', '2023-06-15 20:15:35.423000', 'AVAILABLE', '2023-06-15 20:15:35.423000', 119, '9ffe64a9-0e43f7fe-27c9cb68'),
('gGUobig4bI', '2023-06-15 20:15:36.046000', 'AVAILABLE', '2023-06-15 20:15:36.046000', 132, '42a849ad-22d6499b-116bd748'),
('GH8E8aa8vO', '2023-06-15 20:15:32.988000', 'AVAILABLE', '2023-06-15 20:15:32.988000', 16, '53be5f2b-45e36235-5cd210b3'),
('GigEsFPnB1', '2023-06-15 20:15:38.914000', 'AVAILABLE', '2023-06-15 20:15:38.914000', 160, '4e4cf96e-1acaaad4-63ccd759'),
('GKEo42CEtt', '2023-06-15 20:15:37.751000', 'AVAILABLE', '2023-06-15 20:15:37.751000', 82, 'afc99b82-f7de970c-0a8b199f'),
('gKNF9r3XUk', '2023-06-15 20:15:38.248000', 'AVAILABLE', '2023-06-15 20:15:38.248000', 73, '909fe10f-5c932a32-a276b53d'),
('gkxy1cRXi4', '2023-06-15 20:15:37.574000', 'AVAILABLE', '2023-06-15 20:15:37.574000', 138, 'fce15157-7ed50e6c-02bb8d91'),
('glXmPDCAIx', '2023-06-15 20:15:38.606000', 'AVAILABLE', '2023-06-15 20:15:38.606000', 39, '360453d5-7bb9a652-2e16222e'),
('gM1uT9aOJe', '2023-06-15 20:15:37.758000', 'AVAILABLE', '2023-06-15 20:15:37.758000', 83, 'afc99b82-f7de970c-0a8b199f'),
('gM7yVpP7aa', '2023-06-15 20:15:36.908000', 'AVAILABLE', '2023-06-15 20:15:36.908000', 7, '16a02431-8fb9c725-773dfee8'),
('GmcXwmNRls', '2023-06-15 20:15:35.685000', 'AVAILABLE', '2023-06-15 20:15:35.685000', 156, '70cd8618-93e95219-67e18b87'),
('GmeuHQMpuj', '2023-06-15 20:15:33.826000', 'AVAILABLE', '2023-06-15 20:15:33.826000', 95, '56cc6688-df8a2e38-2162ed27'),
('gMjN9a86OT', '2023-06-15 20:15:36.200000', 'AVAILABLE', '2023-06-15 20:15:36.200000', 153, '42a849ad-22d6499b-116bd748'),
('gOHHbyZehY', '2023-06-15 20:15:31.903000', 'AVAILABLE', '2023-06-15 20:15:31.903000', 14, '62565e62-1601caab-91c3347e'),
('gOxKQ2DibN', '2023-06-15 20:15:34.543000', 'AVAILABLE', '2023-06-15 20:15:34.543000', 141, '6d108104-3a6fa3d7-c2d533e3'),
('gQi5FhpIO2', '2023-06-15 20:15:37.688000', 'AVAILABLE', '2023-06-15 20:15:37.688000', 155, 'fce15157-7ed50e6c-02bb8d91'),
('grI7iTeB3z', '2023-06-15 20:15:31.861000', 'AVAILABLE', '2023-06-15 20:15:31.861000', 5, '62565e62-1601caab-91c3347e'),
('GrpITBm1Tp', '2023-06-15 20:15:39.214000', 'AVAILABLE', '2023-06-15 20:15:39.214000', 39, 'b178a981-0a3a2d5a-fdb64525'),
('grvqnBBpxg', '2023-06-15 20:15:33.348000', 'AVAILABLE', '2023-06-15 20:15:33.348000', 126, 'b9fb509c-7a9a04d3-ed121498'),
('GSH6D27jm0', '2023-06-15 20:15:38.109000', 'AVAILABLE', '2023-06-15 20:15:38.109000', 53, '909fe10f-5c932a32-a276b53d'),
('gtlQHXc5nt', '2023-06-15 20:15:37.397000', 'AVAILABLE', '2023-06-15 20:15:37.397000', 115, 'c0b3bd2f-6b1a1a67-e2e9270f'),
('GVz5Dc7Da2', '2023-06-15 20:15:31.985000', 'AVAILABLE', '2023-06-15 20:15:31.985000', 32, '62565e62-1601caab-91c3347e'),
('GWLqWplrnr', '2023-06-15 20:15:36.753000', 'AVAILABLE', '2023-06-15 20:15:36.753000', 67, '02d49570-5763c443-0e0e20b9'),
('GwMD2Q34Pw', '2023-06-15 20:15:34.456000', 'AVAILABLE', '2023-06-15 20:15:34.456000', 128, '6d108104-3a6fa3d7-c2d533e3'),
('gxRYaMRp7R', '2023-06-15 20:15:33.310000', 'AVAILABLE', '2023-06-15 20:15:33.310000', 160, '57f477bc-96829428-3d3e4599'),
('gXWIOKIJz0', '2023-06-15 20:15:33.049000', 'AVAILABLE', '2023-06-15 20:15:33.049000', 29, '53be5f2b-45e36235-5cd210b3'),
('GyfmwMRwV9', '2023-06-15 20:15:34.525000', 'AVAILABLE', '2023-06-15 20:15:34.525000', 138, '6d108104-3a6fa3d7-c2d533e3'),
('gYKW5oQPh9', '2023-06-15 20:15:31.562000', 'AVAILABLE', '2023-06-15 20:15:31.562000', 142, 'c6b8009f-229c53f8-9c8986c9'),
('gz2i4oZq3Q', '2023-06-15 20:15:35.023000', 'AVAILABLE', '2023-06-15 20:15:35.023000', 17, '77b3bac0-12b14306-eab7fb5e'),
('GzDC32SoOk', '2023-06-15 20:15:36.549000', 'AVAILABLE', '2023-06-15 20:15:36.549000', 160, 'd58d7610-48cc9183-ce7e5121'),
('h0AyUN1Wza', '2023-06-15 20:15:37.681000', 'AVAILABLE', '2023-06-15 20:15:37.681000', 154, 'fce15157-7ed50e6c-02bb8d91'),
('H0NTR6H0WI', '2023-06-15 20:15:33.994000', 'AVAILABLE', '2023-06-15 20:15:33.994000', 46, '69b61741-856ca4cc-32c91a7b'),
('H2lh1p5FvV', '2023-06-15 20:15:36.796000', 'AVAILABLE', '2023-06-15 20:15:36.796000', 73, '02d49570-5763c443-0e0e20b9'),
('H3LJMBPS2F', '2023-06-15 20:15:38.315000', 'AVAILABLE', '2023-06-15 20:15:38.315000', 1, '360453d5-7bb9a652-2e16222e'),
('H6L7MW6bJu', '2023-06-15 20:15:31.990000', 'AVAILABLE', '2023-06-15 20:15:31.990000', 33, '62565e62-1601caab-91c3347e'),
('h6NyvluYtD', '2023-06-15 20:15:35.260000', 'AVAILABLE', '2023-06-15 20:15:35.260000', 93, '9ffe64a9-0e43f7fe-27c9cb68'),
('H70B1nhdbO', '2023-06-15 20:15:33.282000', 'AVAILABLE', '2023-06-15 20:15:33.282000', 155, '57f477bc-96829428-3d3e4599'),
('H772Ll1KQ3', '2023-06-15 20:15:38.289000', 'AVAILABLE', '2023-06-15 20:15:38.289000', 79, '909fe10f-5c932a32-a276b53d'),
('H9P0nLJIoo', '2023-06-15 20:15:32.873000', 'AVAILABLE', '2023-06-15 20:15:32.873000', 74, 'aadd4aec-f8456853-aac62184'),
('hagXXfgCFr', '2023-06-15 20:15:34.809000', 'AVAILABLE', '2023-06-15 20:15:34.809000', 64, 'a8c75739-892d563b-33c04143'),
('hAjAgkfwB5', '2023-06-15 20:15:31.605000', 'AVAILABLE', '2023-06-15 20:15:31.605000', 152, 'c6b8009f-229c53f8-9c8986c9'),
('ham3EwRxl7', '2023-06-15 20:15:32.778000', 'AVAILABLE', '2023-06-15 20:15:32.778000', 55, 'aadd4aec-f8456853-aac62184'),
('haSTe1VcZm', '2023-06-15 20:15:37.554000', 'AVAILABLE', '2023-06-15 20:15:37.554000', 135, 'fce15157-7ed50e6c-02bb8d91'),
('hBj1LsXsag', '2023-06-15 20:15:37.238000', 'AVAILABLE', '2023-06-15 20:15:37.238000', 93, 'c0b3bd2f-6b1a1a67-e2e9270f'),
('HD0lbNiQxf', '2023-06-15 20:15:32.181000', 'AVAILABLE', '2023-06-15 20:15:32.181000', 110, 'e2456b3c-569b3bd7-1a4ba0dd'),
('hd8vnZzW4v', '2023-06-15 20:15:35.819000', 'AVAILABLE', '2023-06-15 20:15:35.819000', 97, 'a3acc532-b4ef7790-c2dfea3f'),
('HdhcjE7w0Z', '2023-06-15 20:15:32.604000', 'AVAILABLE', '2023-06-15 20:15:32.604000', 106, 'ea01d571-901a3b58-6ba41284'),
('hedaOlcbjC', '2023-06-15 20:15:33.170000', 'AVAILABLE', '2023-06-15 20:15:33.170000', 132, '57f477bc-96829428-3d3e4599'),
('hFBcao5rox', '2023-06-15 20:15:33.432000', 'AVAILABLE', '2023-06-15 20:15:33.432000', 143, 'b9fb509c-7a9a04d3-ed121498'),
('hgrgE9KmZf', '2023-06-15 20:15:36.441000', 'AVAILABLE', '2023-06-15 20:15:36.441000', 144, 'd58d7610-48cc9183-ce7e5121'),
('HHC4H7tOfx', '2023-06-15 20:15:31.502000', 'AVAILABLE', '2023-06-15 20:15:31.502000', 131, 'c6b8009f-229c53f8-9c8986c9'),
('hHcDJLxqJp', '2023-06-15 20:15:33.577000', 'AVAILABLE', '2023-06-15 20:15:33.577000', 8, '7a92b03b-c28eb91e-33cfad47'),
('HhqmDQGo1l', '2023-06-15 20:15:35.890000', 'AVAILABLE', '2023-06-15 20:15:35.890000', 109, 'a3acc532-b4ef7790-c2dfea3f'),
('hhr2N037ac', '2023-06-15 20:15:34.113000', 'AVAILABLE', '2023-06-15 20:15:34.113000', 68, '69b61741-856ca4cc-32c91a7b'),
('HiFe58Dte4', '2023-06-15 20:15:31.809000', 'AVAILABLE', '2023-06-15 20:15:31.809000', 77, '433236f1-68829139-724b58a8'),
('hImeIgbGMd', '2023-06-15 20:04:20.569000', 'AVAILABLE', '2023-06-15 20:04:20.569000', 129, 'ee88b52c-46f88bae-12a2c208'),
('HiwoLWMHHy', '2023-06-15 20:15:32.524000', 'AVAILABLE', '2023-06-15 20:15:32.524000', 91, 'ea01d571-901a3b58-6ba41284'),
('HJWOZlixCm', '2023-06-15 20:15:32.573000', 'AVAILABLE', '2023-06-15 20:15:32.573000', 100, 'ea01d571-901a3b58-6ba41284'),
('hk02s1bRmX', '2023-06-15 20:15:36.523000', 'AVAILABLE', '2023-06-15 20:15:36.523000', 156, 'd58d7610-48cc9183-ce7e5121'),
('hkE87YugzL', '2023-06-15 20:04:20.573000', 'AVAILABLE', '2023-06-15 20:04:20.573000', 130, 'ee88b52c-46f88bae-12a2c208'),
('HkLjsZJ6Wh', '2023-06-15 20:15:32.269000', 'AVAILABLE', '2023-06-15 20:15:32.269000', 125, '12fd5981-14b6376b-7f28464a'),
('hoCpVzfP1c', '2023-06-15 20:15:32.745000', 'AVAILABLE', '2023-06-15 20:15:32.745000', 49, 'aadd4aec-f8456853-aac62184'),
('hon7gsmbaJ', '2023-06-15 20:15:34.396000', 'AVAILABLE', '2023-06-15 20:15:34.396000', 40, '83a9e5af-823d4066-f8545c66'),
('HQubibh8xm', '2023-06-15 20:15:36.869000', 'AVAILABLE', '2023-06-15 20:15:36.869000', 1, '16a02431-8fb9c725-773dfee8'),
('hr2PHHSK7S', '2023-06-15 20:15:38.185000', 'AVAILABLE', '2023-06-15 20:15:38.185000', 64, '909fe10f-5c932a32-a276b53d'),
('hrIVWrANnT', '2023-06-15 20:15:33.041000', 'AVAILABLE', '2023-06-15 20:15:33.041000', 27, '53be5f2b-45e36235-5cd210b3'),
('hsp8lvZvRy', '2023-06-15 20:15:31.981000', 'AVAILABLE', '2023-06-15 20:15:31.981000', 31, '62565e62-1601caab-91c3347e'),
('hVJwgwCASX', '2023-06-15 20:15:32.085000', 'AVAILABLE', '2023-06-15 20:15:32.085000', 90, 'e2456b3c-569b3bd7-1a4ba0dd'),
('hvWeoMVdqs', '2023-06-15 20:15:36.643000', 'AVAILABLE', '2023-06-15 20:15:36.643000', 52, '02d49570-5763c443-0e0e20b9'),
('HW3KePwI3H', '2023-06-15 20:15:34.671000', 'AVAILABLE', '2023-06-15 20:15:34.671000', 42, 'a8c75739-892d563b-33c04143'),
('hWiiSIRnh4', '2023-06-15 20:15:32.287000', 'AVAILABLE', '2023-06-15 20:15:32.287000', 129, '12fd5981-14b6376b-7f28464a'),
('hWX5ic2xP5', '2023-06-15 20:15:34.966000', 'AVAILABLE', '2023-06-15 20:15:34.966000', 8, '77b3bac0-12b14306-eab7fb5e'),
('HxDoGJ5G25', '2023-06-15 20:15:32.755000', 'AVAILABLE', '2023-06-15 20:15:32.755000', 51, 'aadd4aec-f8456853-aac62184'),
('hXPsZ6KR35', '2023-06-15 20:15:32.230000', 'AVAILABLE', '2023-06-15 20:15:32.230000', 120, 'e2456b3c-569b3bd7-1a4ba0dd'),
('hXql41TqDi', '2023-06-15 20:15:38.372000', 'AVAILABLE', '2023-06-15 20:15:38.372000', 9, '360453d5-7bb9a652-2e16222e'),
('HZLrtXxIw5', '2023-06-15 20:15:39.115000', 'AVAILABLE', '2023-06-15 20:15:39.115000', 26, 'b178a981-0a3a2d5a-fdb64525'),
('hzQ82qwR3C', '2023-06-15 20:15:38.938000', 'AVAILABLE', '2023-06-15 20:15:38.938000', 2, 'b178a981-0a3a2d5a-fdb64525'),
('HZt34MQOVO', '2023-06-15 20:04:20.552000', 'AVAILABLE', '2023-06-15 20:04:20.552000', 126, 'ee88b52c-46f88bae-12a2c208'),
('I02ods19ov', '2023-06-15 20:15:34.138000', 'AVAILABLE', '2023-06-15 20:15:34.138000', 73, '69b61741-856ca4cc-32c91a7b'),
('i14NuvauJG', '2023-06-15 20:15:32.920000', 'AVAILABLE', '2023-06-15 20:15:32.920000', 1, '53be5f2b-45e36235-5cd210b3'),
('I1zMZ5coPe', '2023-06-15 20:15:33.889000', 'AVAILABLE', '2023-06-15 20:15:33.889000', 108, '56cc6688-df8a2e38-2162ed27'),
('i3TETNs8kW', '2023-06-15 20:15:34.471000', 'AVAILABLE', '2023-06-15 20:15:34.471000', 130, '6d108104-3a6fa3d7-c2d533e3'),
('i5xjOsg0PM', '2023-06-15 20:15:38.764000', 'AVAILABLE', '2023-06-15 20:15:38.764000', 139, '4e4cf96e-1acaaad4-63ccd759'),
('i637IlP7NQ', '2023-06-15 20:15:37.473000', 'AVAILABLE', '2023-06-15 20:15:37.473000', 124, 'fce15157-7ed50e6c-02bb8d91'),
('i6pbx0LG2d', '2023-06-15 20:15:34.350000', 'AVAILABLE', '2023-06-15 20:15:34.350000', 32, '83a9e5af-823d4066-f8545c66'),
('I8xzWwS8dw', '2023-06-15 20:15:35.012000', 'AVAILABLE', '2023-06-15 20:15:35.012000', 15, '77b3bac0-12b14306-eab7fb5e'),
('I9oHnbJBN6', '2023-06-15 20:15:32.717000', 'AVAILABLE', '2023-06-15 20:15:32.717000', 44, 'aadd4aec-f8456853-aac62184'),
('iAXIcyUD6E', '2023-06-15 20:15:37.828000', 'AVAILABLE', '2023-06-15 20:15:37.828000', 94, 'afc99b82-f7de970c-0a8b199f'),
('IbeCdqH9S9', '2023-06-15 20:15:33.802000', 'AVAILABLE', '2023-06-15 20:15:33.802000', 90, '56cc6688-df8a2e38-2162ed27'),
('ibQI9AXmgX', '2023-06-15 20:15:32.956000', 'AVAILABLE', '2023-06-15 20:15:32.956000', 9, '53be5f2b-45e36235-5cd210b3'),
('iCQ41jDhKR', '2023-06-15 20:15:35.906000', 'AVAILABLE', '2023-06-15 20:15:35.906000', 112, 'a3acc532-b4ef7790-c2dfea3f'),
('ICwyo3Pibo', '2023-06-15 20:15:31.481000', 'AVAILABLE', '2023-06-15 20:15:31.481000', 127, 'c6b8009f-229c53f8-9c8986c9'),
('idJl2po5nr', '2023-06-15 20:15:33.661000', 'AVAILABLE', '2023-06-15 20:15:33.661000', 25, '7a92b03b-c28eb91e-33cfad47'),
('IDttlAcdIU', '2023-06-15 20:15:37.809000', 'AVAILABLE', '2023-06-15 20:15:37.809000', 91, 'afc99b82-f7de970c-0a8b199f'),
('IE0qdhXoed', '2023-06-15 20:15:36.002000', 'AVAILABLE', '2023-06-15 20:15:36.002000', 125, '42a849ad-22d6499b-116bd748'),
('IejVbpmf4u', '2023-06-15 20:15:36.426000', 'AVAILABLE', '2023-06-15 20:15:36.426000', 142, 'd58d7610-48cc9183-ce7e5121'),
('iEM4OMziAa', '2023-06-15 20:15:36.384000', 'AVAILABLE', '2023-06-15 20:15:36.384000', 136, 'd58d7610-48cc9183-ce7e5121'),
('IEmxAHJTsf', '2023-06-15 20:15:35.813000', 'AVAILABLE', '2023-06-15 20:15:35.813000', 96, 'a3acc532-b4ef7790-c2dfea3f'),
('iFpgm0dBth', '2023-06-15 20:15:34.054000', 'AVAILABLE', '2023-06-15 20:15:34.054000', 57, '69b61741-856ca4cc-32c91a7b'),
('iFSh894LNJ', '2023-06-15 20:15:35.945000', 'AVAILABLE', '2023-06-15 20:15:35.945000', 118, 'a3acc532-b4ef7790-c2dfea3f'),
('ijijm2w7QJ', '2023-06-15 20:15:31.933000', 'AVAILABLE', '2023-06-15 20:15:31.933000', 20, '62565e62-1601caab-91c3347e'),
('IO8Go9hZZ8', '2023-06-15 20:15:31.505000', 'AVAILABLE', '2023-06-15 20:15:31.505000', 132, 'c6b8009f-229c53f8-9c8986c9'),
('IoG4FOaoIZ', '2023-06-15 20:15:36.623000', 'AVAILABLE', '2023-06-15 20:15:36.623000', 49, '02d49570-5763c443-0e0e20b9'),
('IOOllVauLq', '2023-06-15 20:15:36.008000', 'AVAILABLE', '2023-06-15 20:15:36.008000', 126, '42a849ad-22d6499b-116bd748'),
('irMciqaVlm', '2023-06-15 20:15:33.474000', 'AVAILABLE', '2023-06-15 20:15:33.474000', 150, 'b9fb509c-7a9a04d3-ed121498'),
('IsDFHBjs83', '2023-06-15 20:15:37.094000', 'AVAILABLE', '2023-06-15 20:15:37.094000', 34, '16a02431-8fb9c725-773dfee8'),
('It5fIhhpZQ', '2023-06-15 20:15:35.808000', 'AVAILABLE', '2023-06-15 20:15:35.808000', 95, 'a3acc532-b4ef7790-c2dfea3f'),
('ItNT7qUjZl', '2023-06-15 20:15:33.160000', 'AVAILABLE', '2023-06-15 20:15:33.160000', 130, '57f477bc-96829428-3d3e4599'),
('itv4blSFUS', '2023-06-15 20:15:32.577000', 'AVAILABLE', '2023-06-15 20:15:32.577000', 101, 'ea01d571-901a3b58-6ba41284'),
('iV1kHHs86C', '2023-06-15 20:15:31.969000', 'AVAILABLE', '2023-06-15 20:15:31.969000', 28, '62565e62-1601caab-91c3347e'),
('iWkK1tjXMg', '2023-06-15 20:15:38.931000', 'AVAILABLE', '2023-06-15 20:15:38.931000', 1, 'b178a981-0a3a2d5a-fdb64525'),
('IXRxk60Ccw', '2023-06-15 20:15:33.385000', 'AVAILABLE', '2023-06-15 20:15:33.385000', 134, 'b9fb509c-7a9a04d3-ed121498'),
('IZQc8KQCwL', '2023-06-15 20:15:36.975000', 'AVAILABLE', '2023-06-15 20:15:36.975000', 17, '16a02431-8fb9c725-773dfee8'),
('IZvqX6aUXO', '2023-06-15 20:15:37.182000', 'AVAILABLE', '2023-06-15 20:15:37.182000', 85, 'c0b3bd2f-6b1a1a67-e2e9270f'),
('j2OEB4qDFI', '2023-06-15 20:15:34.108000', 'AVAILABLE', '2023-06-15 20:15:34.108000', 67, '69b61741-856ca4cc-32c91a7b'),
('j3xGFPgYIf', '2023-06-15 20:15:37.602000', 'AVAILABLE', '2023-06-15 20:15:37.602000', 142, 'fce15157-7ed50e6c-02bb8d91'),
('j56Ldrp2Ap', '2023-06-15 20:15:32.025000', 'AVAILABLE', '2023-06-15 20:15:32.025000', 40, '62565e62-1601caab-91c3347e'),
('JCIp8ZZPax', '2023-06-15 20:15:32.999000', 'AVAILABLE', '2023-06-15 20:15:32.999000', 18, '53be5f2b-45e36235-5cd210b3'),
('jd3lCabmub', '2023-06-15 20:15:37.224000', 'AVAILABLE', '2023-06-15 20:15:37.224000', 91, 'c0b3bd2f-6b1a1a67-e2e9270f'),
('jEVsSLV5Di', '2023-06-15 20:15:39.038000', 'AVAILABLE', '2023-06-15 20:15:39.038000', 16, 'b178a981-0a3a2d5a-fdb64525'),
('jf6ZJ3toCH', '2023-06-15 20:15:33.091000', 'AVAILABLE', '2023-06-15 20:15:33.091000', 38, '53be5f2b-45e36235-5cd210b3'),
('Jf9PxIqN8f', '2023-06-15 20:15:36.517000', 'AVAILABLE', '2023-06-15 20:15:36.517000', 155, 'd58d7610-48cc9183-ce7e5121'),
('jflHI1qq0P', '2023-06-15 20:15:33.712000', 'AVAILABLE', '2023-06-15 20:15:33.712000', 35, '7a92b03b-c28eb91e-33cfad47'),
('JFxwO94w2A', '2023-06-15 20:04:20.690000', 'AVAILABLE', '2023-06-15 20:04:20.690000', 158, 'ee88b52c-46f88bae-12a2c208'),
('JgkrPibUqN', '2023-06-15 20:15:33.597000', 'AVAILABLE', '2023-06-15 20:15:33.597000', 12, '7a92b03b-c28eb91e-33cfad47'),
('JhFNBKqIoZ', '2023-06-15 20:15:35.141000', 'AVAILABLE', '2023-06-15 20:15:35.141000', 35, '77b3bac0-12b14306-eab7fb5e'),
('jHKU39Yoqw', '2023-06-15 20:15:37.860000', 'AVAILABLE', '2023-06-15 20:15:37.860000', 99, 'afc99b82-f7de970c-0a8b199f'),
('JHv8pDnVgK', '2023-06-15 20:15:32.822000', 'AVAILABLE', '2023-06-15 20:15:32.822000', 64, 'aadd4aec-f8456853-aac62184'),
('jKfRu5MR30', '2023-06-15 20:15:32.974000', 'AVAILABLE', '2023-06-15 20:15:32.974000', 13, '53be5f2b-45e36235-5cd210b3'),
('jLD3nVqCdc', '2023-06-15 20:15:34.781000', 'AVAILABLE', '2023-06-15 20:15:34.781000', 59, 'a8c75739-892d563b-33c04143'),
('jliUKZCe0i', '2023-06-15 20:15:36.137000', 'AVAILABLE', '2023-06-15 20:15:36.137000', 144, '42a849ad-22d6499b-116bd748'),
('JlTKD8aWPJ', '2023-06-15 20:15:38.541000', 'AVAILABLE', '2023-06-15 20:15:38.541000', 30, '360453d5-7bb9a652-2e16222e'),
('jLWRVZnEAL', '2023-06-15 20:15:35.455000', 'AVAILABLE', '2023-06-15 20:15:35.455000', 121, '70cd8618-93e95219-67e18b87'),
('jmJXTVtBp6', '2023-06-15 20:15:31.758000', 'AVAILABLE', '2023-06-15 20:15:31.758000', 65, '433236f1-68829139-724b58a8'),
('jMWrtysbvL', '2023-06-15 20:15:31.796000', 'AVAILABLE', '2023-06-15 20:15:31.796000', 74, '433236f1-68829139-724b58a8'),
('Jmx1xpQtjV', '2023-06-15 20:15:33.883000', 'AVAILABLE', '2023-06-15 20:15:33.883000', 107, '56cc6688-df8a2e38-2162ed27'),
('JNivVI0MUR', '2023-06-15 20:15:35.129000', 'AVAILABLE', '2023-06-15 20:15:35.129000', 33, '77b3bac0-12b14306-eab7fb5e'),
('joOcsFjcqO', '2023-06-15 20:15:36.914000', 'AVAILABLE', '2023-06-15 20:15:36.914000', 8, '16a02431-8fb9c725-773dfee8'),
('jqZM8W5Jnk', '2023-06-15 20:15:34.307000', 'AVAILABLE', '2023-06-15 20:15:34.307000', 24, '83a9e5af-823d4066-f8545c66'),
('jrjkRoNO8B', '2023-06-15 20:15:32.643000', 'AVAILABLE', '2023-06-15 20:15:32.643000', 113, 'ea01d571-901a3b58-6ba41284'),
('jRrt1tCAwH', '2023-06-15 20:15:35.785000', 'AVAILABLE', '2023-06-15 20:15:35.785000', 91, 'a3acc532-b4ef7790-c2dfea3f'),
('JSEf7eOi4B', '2023-06-15 20:15:34.505000', 'AVAILABLE', '2023-06-15 20:15:34.505000', 135, '6d108104-3a6fa3d7-c2d533e3'),
('JsfoA6j3xc', '2023-06-15 20:15:33.552000', 'AVAILABLE', '2023-06-15 20:15:33.552000', 3, '7a92b03b-c28eb91e-33cfad47'),
('JSHHrygL0Z', '2023-06-15 20:15:32.323000', 'AVAILABLE', '2023-06-15 20:15:32.323000', 136, '12fd5981-14b6376b-7f28464a'),
('JsjWjLP6OW', '2023-06-15 20:15:32.388000', 'AVAILABLE', '2023-06-15 20:15:32.388000', 149, '12fd5981-14b6376b-7f28464a'),
('JSwLuD79dq', '2023-06-15 20:15:37.816000', 'AVAILABLE', '2023-06-15 20:15:37.816000', 92, 'afc99b82-f7de970c-0a8b199f'),
('jT1RCgkoOV', '2023-06-15 20:15:32.249000', 'AVAILABLE', '2023-06-15 20:15:32.249000', 121, '12fd5981-14b6376b-7f28464a'),
('Ju1eJDvKy5', '2023-06-15 20:15:31.805000', 'AVAILABLE', '2023-06-15 20:15:31.805000', 76, '433236f1-68829139-724b58a8'),
('JUiB2AE1Vz', '2023-06-15 20:15:38.322000', 'AVAILABLE', '2023-06-15 20:15:38.322000', 2, '360453d5-7bb9a652-2e16222e'),
('JURJSfN8t2', '2023-06-15 20:15:34.049000', 'AVAILABLE', '2023-06-15 20:15:34.049000', 56, '69b61741-856ca4cc-32c91a7b'),
('jUS0aaL6gU', '2023-06-15 20:15:34.827000', 'AVAILABLE', '2023-06-15 20:15:34.827000', 67, 'a8c75739-892d563b-33c04143'),
('JVhI7DwGaf', '2023-06-15 20:15:33.687000', 'AVAILABLE', '2023-06-15 20:15:33.687000', 30, '7a92b03b-c28eb91e-33cfad47'),
('jWnE4SmEIy', '2023-06-15 20:15:39.124000', 'AVAILABLE', '2023-06-15 20:15:39.124000', 27, 'b178a981-0a3a2d5a-fdb64525'),
('Jy3tUfFB3T', '2023-06-15 20:15:35.913000', 'AVAILABLE', '2023-06-15 20:15:35.913000', 113, 'a3acc532-b4ef7790-c2dfea3f'),
('JzRG2i9RyI', '2023-06-15 20:15:32.408000', 'AVAILABLE', '2023-06-15 20:15:32.408000', 153, '12fd5981-14b6376b-7f28464a'),
('k1EalxW0ax', '2023-06-15 20:15:36.093000', 'AVAILABLE', '2023-06-15 20:15:36.093000', 138, '42a849ad-22d6499b-116bd748'),
('k1hxeflBxu', '2023-06-15 20:15:33.681000', 'AVAILABLE', '2023-06-15 20:15:33.681000', 29, '7a92b03b-c28eb91e-33cfad47'),
('k1JdlGjpRc', '2023-06-15 20:15:36.575000', 'AVAILABLE', '2023-06-15 20:15:36.575000', 42, '02d49570-5763c443-0e0e20b9'),
('K39rdrDZjG', '2023-06-15 20:04:20.610000', 'AVAILABLE', '2023-06-15 20:04:20.610000', 139, 'ee88b52c-46f88bae-12a2c208'),
('K3MPuMl22v', '2023-06-15 20:15:34.291000', 'AVAILABLE', '2023-06-15 20:15:34.291000', 21, '83a9e5af-823d4066-f8545c66'),
('k7GL6qOMha', '2023-06-15 20:15:36.935000', 'AVAILABLE', '2023-06-15 20:15:36.935000', 11, '16a02431-8fb9c725-773dfee8'),
('kaSQb7lj0H', '2023-06-15 20:15:31.690000', 'AVAILABLE', '2023-06-15 20:15:31.690000', 49, '433236f1-68829139-724b58a8'),
('KAU4mzvuaf', '2023-06-15 20:15:32.473000', 'AVAILABLE', '2023-06-15 20:15:32.473000', 82, 'ea01d571-901a3b58-6ba41284'),
('kAuU3SQOJJ', '2023-06-15 20:15:39.108000', 'AVAILABLE', '2023-06-15 20:15:39.108000', 25, 'b178a981-0a3a2d5a-fdb64525'),
('KbGztdSit0', '2023-06-15 20:15:32.318000', 'AVAILABLE', '2023-06-15 20:15:32.318000', 135, '12fd5981-14b6376b-7f28464a'),
('kbYPbrIZNO', '2023-06-15 20:15:33.189000', 'AVAILABLE', '2023-06-15 20:15:33.189000', 136, '57f477bc-96829428-3d3e4599'),
('Kc9iH8iGwf', '2023-06-15 20:04:20.623000', 'AVAILABLE', '2023-06-15 20:04:20.623000', 142, 'ee88b52c-46f88bae-12a2c208'),
('KEA9dgY87z', '2023-06-15 20:15:31.852000', 'AVAILABLE', '2023-06-15 20:15:31.852000', 3, '62565e62-1601caab-91c3347e'),
('Kezk9SxFCL', '2023-06-15 20:15:36.747000', 'AVAILABLE', '2023-06-15 20:15:36.747000', 66, '02d49570-5763c443-0e0e20b9'),
('kf4MkKAFoT', '2023-06-15 20:15:32.139000', 'AVAILABLE', '2023-06-15 20:15:32.139000', 101, 'e2456b3c-569b3bd7-1a4ba0dd'),
('kH2wdQx5s6', '2023-06-15 20:15:34.366000', 'AVAILABLE', '2023-06-15 20:15:34.366000', 35, '83a9e5af-823d4066-f8545c66'),
('kIe1grDrCu', '2023-06-15 20:15:38.995000', 'AVAILABLE', '2023-06-15 20:15:38.995000', 10, 'b178a981-0a3a2d5a-fdb64525'),
('kiiVc8sdMq', '2023-06-15 20:15:32.348000', 'AVAILABLE', '2023-06-15 20:15:32.348000', 141, '12fd5981-14b6376b-7f28464a'),
('kItkWtnGMD', '2023-06-15 20:15:36.464000', 'AVAILABLE', '2023-06-15 20:15:36.464000', 147, 'd58d7610-48cc9183-ce7e5121'),
('KiWsa4vknX', '2023-06-15 20:15:36.700000', 'AVAILABLE', '2023-06-15 20:15:36.700000', 60, '02d49570-5763c443-0e0e20b9'),
('Kjrtitk5DR', '2023-06-15 20:15:38.058000', 'AVAILABLE', '2023-06-15 20:15:38.058000', 46, '909fe10f-5c932a32-a276b53d'),
('kk0d3BRGnx', '2023-06-15 20:15:33.366000', 'AVAILABLE', '2023-06-15 20:15:33.366000', 130, 'b9fb509c-7a9a04d3-ed121498'),
('KKCqhWcJBF', '2023-06-15 20:15:37.502000', 'AVAILABLE', '2023-06-15 20:15:37.502000', 128, 'fce15157-7ed50e6c-02bb8d91'),
('KkJC76PuRK', '2023-06-15 20:15:38.220000', 'AVAILABLE', '2023-06-15 20:15:38.220000', 69, '909fe10f-5c932a32-a276b53d'),
('KKrShvMteD', '2023-06-15 20:15:38.885000', 'AVAILABLE', '2023-06-15 20:15:38.885000', 156, '4e4cf96e-1acaaad4-63ccd759'),
('Kl0rwynSxg', '2023-06-15 20:15:31.492000', 'AVAILABLE', '2023-06-15 20:15:31.492000', 129, 'c6b8009f-229c53f8-9c8986c9'),
('KLkecTXdZw', '2023-06-15 20:15:32.302000', 'AVAILABLE', '2023-06-15 20:15:32.302000', 132, '12fd5981-14b6376b-7f28464a'),
('KlmU6IOjAk', '2023-06-15 20:15:35.671000', 'AVAILABLE', '2023-06-15 20:15:35.671000', 154, '70cd8618-93e95219-67e18b87'),
('KmphiCUHb7', '2023-06-15 20:15:37.902000', 'AVAILABLE', '2023-06-15 20:15:37.902000', 105, 'afc99b82-f7de970c-0a8b199f'),
('KmWVyna9bH', '2023-06-15 20:15:37.218000', 'AVAILABLE', '2023-06-15 20:15:37.218000', 90, 'c0b3bd2f-6b1a1a67-e2e9270f'),
('knItCQ5Dov', '2023-06-15 20:15:34.429000', 'AVAILABLE', '2023-06-15 20:15:34.429000', 124, '6d108104-3a6fa3d7-c2d533e3'),
('kO0qOda4y0', '2023-06-15 20:15:36.391000', 'AVAILABLE', '2023-06-15 20:15:36.391000', 137, 'd58d7610-48cc9183-ce7e5121'),
('KoDMfLV6to', '2023-06-15 20:15:37.260000', 'AVAILABLE', '2023-06-15 20:15:37.260000', 96, 'c0b3bd2f-6b1a1a67-e2e9270f'),
('kpbQ9ktctR', '2023-06-15 20:15:32.783000', 'AVAILABLE', '2023-06-15 20:15:32.783000', 56, 'aadd4aec-f8456853-aac62184'),
('kQKjpkLhjy', '2023-06-15 20:15:32.659000', 'AVAILABLE', '2023-06-15 20:15:32.659000', 116, 'ea01d571-901a3b58-6ba41284'),
('kQzM6ZDCAu', '2023-06-15 20:15:31.977000', 'AVAILABLE', '2023-06-15 20:15:31.977000', 30, '62565e62-1601caab-91c3347e'),
('kr8bqSrVRw', '2023-06-15 20:15:36.207000', 'AVAILABLE', '2023-06-15 20:15:36.207000', 154, '42a849ad-22d6499b-116bd748'),
('kRKfkpD0aF', '2023-06-15 20:15:35.048000', 'AVAILABLE', '2023-06-15 20:15:35.048000', 21, '77b3bac0-12b14306-eab7fb5e'),
('ktGmDXiXlo', '2023-06-15 20:15:38.771000', 'AVAILABLE', '2023-06-15 20:15:38.771000', 140, '4e4cf96e-1acaaad4-63ccd759'),
('kURRl9ujsc', '2023-06-15 20:15:36.413000', 'AVAILABLE', '2023-06-15 20:15:36.413000', 140, 'd58d7610-48cc9183-ce7e5121'),
('KvxXSPE3pY', '2023-06-15 20:15:34.261000', 'AVAILABLE', '2023-06-15 20:15:34.261000', 16, '83a9e5af-823d4066-f8545c66'),
('kVYHeRjM2u', '2023-06-15 20:15:36.103000', 'AVAILABLE', '2023-06-15 20:15:36.103000', 139, '42a849ad-22d6499b-116bd748'),
('KVYJfEVcR6', '2023-06-15 20:15:31.497000', 'AVAILABLE', '2023-06-15 20:15:31.497000', 130, 'c6b8009f-229c53f8-9c8986c9'),
('Ky5Hs4kVB5', '2023-06-15 20:15:37.709000', 'AVAILABLE', '2023-06-15 20:15:37.709000', 158, 'fce15157-7ed50e6c-02bb8d91'),
('kyCBTkIeDG', '2023-06-15 20:15:32.297000', 'AVAILABLE', '2023-06-15 20:15:32.297000', 131, '12fd5981-14b6376b-7f28464a'),
('KZ41p1LMZ0', '2023-06-15 20:15:38.394000', 'AVAILABLE', '2023-06-15 20:15:38.394000', 12, '360453d5-7bb9a652-2e16222e'),
('KZp4bQ1W0B', '2023-06-15 20:15:35.952000', 'AVAILABLE', '2023-06-15 20:15:35.952000', 119, 'a3acc532-b4ef7790-c2dfea3f'),
('L18ZbP4TI0', '2023-06-15 20:15:33.792000', 'AVAILABLE', '2023-06-15 20:15:33.792000', 88, '56cc6688-df8a2e38-2162ed27'),
('l9MwG5EIVK', '2023-06-15 20:15:34.442000', 'AVAILABLE', '2023-06-15 20:15:34.442000', 126, '6d108104-3a6fa3d7-c2d533e3'),
('l9PlTK62xo', '2023-06-15 20:15:38.844000', 'AVAILABLE', '2023-06-15 20:15:38.844000', 150, '4e4cf96e-1acaaad4-63ccd759'),
('laIX1mqDCE', '2023-06-15 20:15:33.145000', 'AVAILABLE', '2023-06-15 20:15:33.145000', 127, '57f477bc-96829428-3d3e4599'),
('LAXtfmfCML', '2023-06-15 20:15:38.878000', 'AVAILABLE', '2023-06-15 20:15:38.878000', 155, '4e4cf96e-1acaaad4-63ccd759'),
('lDQSikbb1n', '2023-06-15 20:15:31.582000', 'AVAILABLE', '2023-06-15 20:15:31.582000', 146, 'c6b8009f-229c53f8-9c8986c9'),
('lEYquYMJPO', '2023-06-15 20:15:38.094000', 'AVAILABLE', '2023-06-15 20:15:38.094000', 51, '909fe10f-5c932a32-a276b53d'),
('LHdRXhpXlj', '2023-06-15 20:15:32.969000', 'AVAILABLE', '2023-06-15 20:15:32.969000', 12, '53be5f2b-45e36235-5cd210b3'),
('LHqNclcOEO', '2023-06-15 20:15:38.036000', 'AVAILABLE', '2023-06-15 20:15:38.036000', 43, '909fe10f-5c932a32-a276b53d'),
('li5xJk6XFJ', '2023-06-15 20:15:34.344000', 'AVAILABLE', '2023-06-15 20:15:34.344000', 31, '83a9e5af-823d4066-f8545c66'),
('lkRwTzjmk3', '2023-06-15 20:15:35.160000', 'AVAILABLE', '2023-06-15 20:15:35.160000', 38, '77b3bac0-12b14306-eab7fb5e'),
('LLlLjmleNY', '2023-06-15 20:15:33.219000', 'AVAILABLE', '2023-06-15 20:15:33.219000', 142, '57f477bc-96829428-3d3e4599'),
('LLUzzmH6PT', '2023-06-15 20:15:34.844000', 'AVAILABLE', '2023-06-15 20:15:34.844000', 70, 'a8c75739-892d563b-33c04143'),
('lM1upQ86lv', '2023-06-15 20:15:31.736000', 'AVAILABLE', '2023-06-15 20:15:31.736000', 60, '433236f1-68829139-724b58a8'),
('lM4Gsfp6uZ', '2023-06-15 20:15:38.282000', 'AVAILABLE', '2023-06-15 20:15:38.282000', 78, '909fe10f-5c932a32-a276b53d'),
('LMs6CXnEau', '2023-06-15 20:15:31.475000', 'AVAILABLE', '2023-06-15 20:15:31.475000', 126, 'c6b8009f-229c53f8-9c8986c9'),
('LmtA7ozI8k', '2023-06-15 20:15:31.624000', 'AVAILABLE', '2023-06-15 20:15:31.624000', 157, 'c6b8009f-229c53f8-9c8986c9'),
('LNEXjVORzB', '2023-06-15 20:15:33.258000', 'AVAILABLE', '2023-06-15 20:15:33.258000', 150, '57f477bc-96829428-3d3e4599'),
('Lo9ZBKFdCR', '2023-06-15 20:15:36.308000', 'AVAILABLE', '2023-06-15 20:15:36.308000', 126, 'd58d7610-48cc9183-ce7e5121'),
('lolpItvOTZ', '2023-06-15 20:15:39.192000', 'AVAILABLE', '2023-06-15 20:15:39.192000', 36, 'b178a981-0a3a2d5a-fdb64525'),
('lOpQS1gqp4', '2023-06-15 20:15:33.292000', 'AVAILABLE', '2023-06-15 20:15:33.292000', 157, '57f477bc-96829428-3d3e4599'),
('LOYtEVCwWI', '2023-06-15 20:15:37.978000', 'AVAILABLE', '2023-06-15 20:15:37.978000', 116, 'afc99b82-f7de970c-0a8b199f'),
('lPD40XWdUa', '2023-06-15 20:15:31.928000', 'AVAILABLE', '2023-06-15 20:15:31.928000', 19, '62565e62-1601caab-91c3347e'),
('LPtmos0B0M', '2023-06-15 20:15:33.671000', 'AVAILABLE', '2023-06-15 20:15:33.671000', 27, '7a92b03b-c28eb91e-33cfad47'),
('lq8us5f1SI', '2023-06-15 20:15:36.650000', 'AVAILABLE', '2023-06-15 20:15:36.650000', 53, '02d49570-5763c443-0e0e20b9'),
('LSFQGB3T0o', '2023-06-15 20:15:32.557000', 'AVAILABLE', '2023-06-15 20:15:32.557000', 97, 'ea01d571-901a3b58-6ba41284'),
('lU0d33aW7w', '2023-06-15 20:15:33.353000', 'AVAILABLE', '2023-06-15 20:15:33.353000', 127, 'b9fb509c-7a9a04d3-ed121498'),
('LuU3bGVkjn', '2023-06-15 20:15:33.984000', 'AVAILABLE', '2023-06-15 20:15:33.984000', 44, '69b61741-856ca4cc-32c91a7b'),
('lVlFtnE3Ej', '2023-06-15 20:15:33.469000', 'AVAILABLE', '2023-06-15 20:15:33.469000', 149, 'b9fb509c-7a9a04d3-ed121498'),
('LXEe7nclia', '2023-06-15 20:15:34.630000', 'AVAILABLE', '2023-06-15 20:15:34.630000', 156, '6d108104-3a6fa3d7-c2d533e3'),
('Lyfqea2Kbe', '2023-06-15 20:15:34.822000', 'AVAILABLE', '2023-06-15 20:15:34.822000', 66, 'a8c75739-892d563b-33c04143'),
('lYR1yi71Aa', '2023-06-15 20:15:34.879000', 'AVAILABLE', '2023-06-15 20:15:34.879000', 75, 'a8c75739-892d563b-33c04143'),
('lZe7zD8TVO', '2023-06-15 20:15:36.928000', 'AVAILABLE', '2023-06-15 20:15:36.928000', 10, '16a02431-8fb9c725-773dfee8'),
('LZkQAeDZYC', '2023-06-15 20:15:35.540000', 'AVAILABLE', '2023-06-15 20:15:35.540000', 133, '70cd8618-93e95219-67e18b87'),
('lzNHvbtrog', '2023-06-15 20:15:38.365000', 'AVAILABLE', '2023-06-15 20:15:38.365000', 8, '360453d5-7bb9a652-2e16222e'),
('LZrJgpO3nK', '2023-06-15 20:15:39.170000', 'AVAILABLE', '2023-06-15 20:15:39.170000', 33, 'b178a981-0a3a2d5a-fdb64525'),
('M3t4a5uhsN', '2023-06-15 20:15:35.429000', 'AVAILABLE', '2023-06-15 20:15:35.429000', 120, '9ffe64a9-0e43f7fe-27c9cb68'),
('m5OlkT1xFI', '2023-06-15 20:15:38.241000', 'AVAILABLE', '2023-06-15 20:15:38.241000', 72, '909fe10f-5c932a32-a276b53d'),
('m6bGmsDV9C', '2023-06-15 20:15:33.357000', 'AVAILABLE', '2023-06-15 20:15:33.357000', 128, 'b9fb509c-7a9a04d3-ed121498'),
('M7MjWjm20B', '2023-06-15 20:15:34.092000', 'AVAILABLE', '2023-06-15 20:15:34.092000', 64, '69b61741-856ca4cc-32c91a7b'),
('M9dPN3W6B1', '2023-06-15 20:15:32.378000', 'AVAILABLE', '2023-06-15 20:15:32.378000', 147, '12fd5981-14b6376b-7f28464a'),
('MAkUOzeZSR', '2023-06-15 20:15:33.443000', 'AVAILABLE', '2023-06-15 20:15:33.443000', 145, 'b9fb509c-7a9a04d3-ed121498'),
('mb3NjdGSn6', '2023-06-15 20:15:33.915000', 'AVAILABLE', '2023-06-15 20:15:33.915000', 113, '56cc6688-df8a2e38-2162ed27'),
('mBv3CVAPzT', '2023-06-15 20:15:37.056000', 'AVAILABLE', '2023-06-15 20:15:37.056000', 28, '16a02431-8fb9c725-773dfee8'),
('mFBYdPpK7L', '2023-06-15 20:15:32.020000', 'AVAILABLE', '2023-06-15 20:15:32.020000', 39, '62565e62-1601caab-91c3347e'),
('mhgF8nCBfN', '2023-06-15 20:15:35.853000', 'AVAILABLE', '2023-06-15 20:15:35.853000', 103, 'a3acc532-b4ef7790-c2dfea3f'),
('mi5UE9UiS5', '2023-06-15 20:15:36.720000', 'AVAILABLE', '2023-06-15 20:15:36.720000', 63, '02d49570-5763c443-0e0e20b9'),
('MIFMp9pmT4', '2023-06-15 20:15:34.734000', 'AVAILABLE', '2023-06-15 20:15:34.734000', 52, 'a8c75739-892d563b-33c04143'),
('mIKxvEZ2fr', '2023-06-15 20:15:33.937000', 'AVAILABLE', '2023-06-15 20:15:33.937000', 117, '56cc6688-df8a2e38-2162ed27'),
('MjAmuq1DPX', '2023-06-15 20:15:36.434000', 'AVAILABLE', '2023-06-15 20:15:36.434000', 143, 'd58d7610-48cc9183-ce7e5121'),
('MJZgh0dosl', '2023-06-15 20:15:34.671000', 'AVAILABLE', '2023-06-15 20:15:34.671000', 41, 'a8c75739-892d563b-33c04143'),
('MkbhLYYHMI', '2023-06-15 20:15:34.933000', 'AVAILABLE', '2023-06-15 20:15:34.933000', 3, '77b3bac0-12b14306-eab7fb5e'),
('MkQUjtCUFM', '2023-06-15 20:15:36.510000', 'AVAILABLE', '2023-06-15 20:15:36.510000', 154, 'd58d7610-48cc9183-ce7e5121'),
('MLY30T4DiB', '2023-06-15 20:15:31.766000', 'AVAILABLE', '2023-06-15 20:15:31.766000', 67, '433236f1-68829139-724b58a8'),
('mMJe03gjUD', '2023-06-15 20:15:34.249000', 'AVAILABLE', '2023-06-15 20:15:34.249000', 14, '83a9e5af-823d4066-f8545c66'),
('mmQgSxsU8u', '2023-06-15 20:15:33.045000', 'AVAILABLE', '2023-06-15 20:15:33.045000', 28, '53be5f2b-45e36235-5cd210b3'),
('mMZCkPdaPo', '2023-06-15 20:15:35.900000', 'AVAILABLE', '2023-06-15 20:15:35.900000', 111, 'a3acc532-b4ef7790-c2dfea3f'),
('MN0hS8govq', '2023-06-15 20:15:38.436000', 'AVAILABLE', '2023-06-15 20:15:38.436000', 18, '360453d5-7bb9a652-2e16222e'),
('mnb6jbmAAA', '2023-06-15 20:15:39.132000', 'AVAILABLE', '2023-06-15 20:15:39.132000', 28, 'b178a981-0a3a2d5a-fdb64525'),
('Mog3Ft7eZ2', '2023-06-15 20:15:32.372000', 'AVAILABLE', '2023-06-15 20:15:32.372000', 146, '12fd5981-14b6376b-7f28464a'),
('Mqfpksz8rW', '2023-06-15 20:15:36.629000', 'AVAILABLE', '2023-06-15 20:15:36.629000', 50, '02d49570-5763c443-0e0e20b9'),
('mrPbTmclbO', '2023-06-15 20:15:36.809000', 'AVAILABLE', '2023-06-15 20:15:36.809000', 75, '02d49570-5763c443-0e0e20b9'),
('MsU4x3qf46', '2023-06-15 20:15:35.835000', 'AVAILABLE', '2023-06-15 20:15:35.835000', 100, 'a3acc532-b4ef7790-c2dfea3f'),
('MsvtZeokn8', '2023-06-15 20:15:35.698000', 'AVAILABLE', '2023-06-15 20:15:35.698000', 158, '70cd8618-93e95219-67e18b87'),
('msXZFcZlfu', '2023-06-15 20:15:36.299000', 'AVAILABLE', '2023-06-15 20:15:36.299000', 125, 'd58d7610-48cc9183-ce7e5121'),
('mTIUWU7fKx', '2023-06-15 20:15:32.004000', 'AVAILABLE', '2023-06-15 20:15:32.004000', 36, '62565e62-1601caab-91c3347e'),
('Muyds6pMDj', '2023-06-15 20:15:32.682000', 'AVAILABLE', '2023-06-15 20:15:32.682000', 120, 'ea01d571-901a3b58-6ba41284'),
('mVZ4fGL2eN', '2023-06-15 20:15:37.971000', 'AVAILABLE', '2023-06-15 20:15:37.971000', 115, 'afc99b82-f7de970c-0a8b199f'),
('mvzDenMw7o', '2023-06-15 20:15:34.941000', 'AVAILABLE', '2023-06-15 20:15:34.941000', 4, '77b3bac0-12b14306-eab7fb5e'),
('mwL2Qd2XyS', '2023-06-15 20:15:33.086000', 'AVAILABLE', '2023-06-15 20:15:33.086000', 37, '53be5f2b-45e36235-5cd210b3'),
('n3V5QBZa57', '2023-06-15 20:15:37.567000', 'AVAILABLE', '2023-06-15 20:15:37.567000', 137, 'fce15157-7ed50e6c-02bb8d91'),
('N54nL0WUzE', '2023-06-15 20:15:35.582000', 'AVAILABLE', '2023-06-15 20:15:35.582000', 140, '70cd8618-93e95219-67e18b87'),
('N7jmwK7NXk', '2023-06-15 20:15:37.416000', 'AVAILABLE', '2023-06-15 20:15:37.416000', 118, 'c0b3bd2f-6b1a1a67-e2e9270f'),
('n9jgSE2wh8', '2023-06-15 20:15:38.254000', 'AVAILABLE', '2023-06-15 20:15:38.254000', 74, '909fe10f-5c932a32-a276b53d'),
('na8Csb6a6P', '2023-06-15 20:15:38.786000', 'AVAILABLE', '2023-06-15 20:15:38.786000', 142, '4e4cf96e-1acaaad4-63ccd759'),
('NAV4NyY8G7', '2023-06-15 20:15:37.533000', 'AVAILABLE', '2023-06-15 20:15:37.533000', 132, 'fce15157-7ed50e6c-02bb8d91'),
('nbDBILmJBt', '2023-06-15 20:15:32.838000', 'AVAILABLE', '2023-06-15 20:15:32.838000', 67, 'aadd4aec-f8456853-aac62184'),
('nBH15HNIuo', '2023-06-15 20:15:33.566000', 'AVAILABLE', '2023-06-15 20:15:33.566000', 6, '7a92b03b-c28eb91e-33cfad47'),
('ncknkNyMBY', '2023-06-15 20:15:32.312000', 'AVAILABLE', '2023-06-15 20:15:32.312000', 134, '12fd5981-14b6376b-7f28464a'),
('NcVZtH7BVE', '2023-06-15 20:15:35.883000', 'AVAILABLE', '2023-06-15 20:15:35.883000', 108, 'a3acc532-b4ef7790-c2dfea3f'),
('ndcTIyK5vA', '2023-06-15 20:15:33.306000', 'AVAILABLE', '2023-06-15 20:15:33.306000', 159, '57f477bc-96829428-3d3e4599'),
('neFDB3PFaa', '2023-06-15 20:15:37.169000', 'AVAILABLE', '2023-06-15 20:15:37.169000', 83, 'c0b3bd2f-6b1a1a67-e2e9270f'),
('NFKJqzS0LR', '2023-06-15 20:15:37.196000', 'AVAILABLE', '2023-06-15 20:15:37.196000', 87, 'c0b3bd2f-6b1a1a67-e2e9270f'),
('ngytEcssVj', '2023-06-15 20:15:38.234000', 'AVAILABLE', '2023-06-15 20:15:38.234000', 71, '909fe10f-5c932a32-a276b53d'),
('nHDnAxYz2E', '2023-06-15 20:15:32.468000', 'AVAILABLE', '2023-06-15 20:15:32.468000', 81, 'ea01d571-901a3b58-6ba41284'),
('nHQFLBfGtx', '2023-06-15 20:15:38.157000', 'AVAILABLE', '2023-06-15 20:15:38.157000', 60, '909fe10f-5c932a32-a276b53d'),
('nJ5dWLLz9w', '2023-06-15 20:15:36.027000', 'AVAILABLE', '2023-06-15 20:15:36.027000', 129, '42a849ad-22d6499b-116bd748'),
('NJFD0Ma0cu', '2023-06-15 20:15:38.779000', 'AVAILABLE', '2023-06-15 20:15:38.779000', 141, '4e4cf96e-1acaaad4-63ccd759'),
('nkmyeveGtR', '2023-06-15 20:15:38.959000', 'AVAILABLE', '2023-06-15 20:15:38.959000', 5, 'b178a981-0a3a2d5a-fdb64525'),
('nKNQ836Ksp', '2023-06-15 20:15:33.297000', 'AVAILABLE', '2023-06-15 20:15:33.297000', 158, '57f477bc-96829428-3d3e4599'),
('nKY30z5FXn', '2023-06-15 20:15:36.889000', 'AVAILABLE', '2023-06-15 20:15:36.889000', 4, '16a02431-8fb9c725-773dfee8'),
('nLI4aBDpVv', '2023-06-15 20:15:34.838000', 'AVAILABLE', '2023-06-15 20:15:34.838000', 69, 'a8c75739-892d563b-33c04143'),
('nLIq5NHYEq', '2023-06-15 20:15:36.543000', 'AVAILABLE', '2023-06-15 20:15:36.543000', 159, 'd58d7610-48cc9183-ce7e5121'),
('NLlHIYq6HL', '2023-06-15 20:15:37.803000', 'AVAILABLE', '2023-06-15 20:15:37.803000', 90, 'afc99b82-f7de970c-0a8b199f'),
('nM52LLznSx', '2023-06-15 20:15:33.541000', 'AVAILABLE', '2023-06-15 20:15:33.541000', 1, '7a92b03b-c28eb91e-33cfad47'),
('Nm57C4Wtk8', '2023-06-15 20:15:32.701000', 'AVAILABLE', '2023-06-15 20:15:32.701000', 41, 'aadd4aec-f8456853-aac62184'),
('NnEO1SfpeF', '2023-06-15 20:15:33.766000', 'AVAILABLE', '2023-06-15 20:15:33.766000', 83, '56cc6688-df8a2e38-2162ed27'),
('NP5aFaRait', '2023-06-15 20:15:31.745000', 'AVAILABLE', '2023-06-15 20:15:31.745000', 62, '433236f1-68829139-724b58a8'),
('npMtKjOypH', '2023-06-15 20:15:36.477000', 'AVAILABLE', '2023-06-15 20:15:36.477000', 149, 'd58d7610-48cc9183-ce7e5121'),
('nPNiKrFJNB', '2023-06-15 20:15:38.123000', 'AVAILABLE', '2023-06-15 20:15:38.123000', 55, '909fe10f-5c932a32-a276b53d'),
('nPno2pnAYn', '2023-06-15 20:15:34.143000', 'AVAILABLE', '2023-06-15 20:15:34.143000', 74, '69b61741-856ca4cc-32c91a7b'),
('NPVdM3V0Xk', '2023-06-15 20:15:31.719000', 'AVAILABLE', '2023-06-15 20:15:31.719000', 56, '433236f1-68829139-724b58a8'),
('NQchKzHKi8', '2023-06-15 20:15:39.016000', 'AVAILABLE', '2023-06-15 20:15:39.016000', 13, 'b178a981-0a3a2d5a-fdb64525'),
('nrYw8HCT8P', '2023-06-15 20:15:34.302000', 'AVAILABLE', '2023-06-15 20:15:34.302000', 23, '83a9e5af-823d4066-f8545c66'),
('NsnspxObIW', '2023-06-15 20:15:37.547000', 'AVAILABLE', '2023-06-15 20:15:37.547000', 134, 'fce15157-7ed50e6c-02bb8d91'),
('nspZdrizEd', '2023-06-15 20:15:37.915000', 'AVAILABLE', '2023-06-15 20:15:37.915000', 107, 'afc99b82-f7de970c-0a8b199f'),
('NsYoqDqWvh', '2023-06-15 20:15:38.072000', 'AVAILABLE', '2023-06-15 20:15:38.072000', 48, '909fe10f-5c932a32-a276b53d'),
('nTaDWvWwZR', '2023-06-15 20:15:34.011000', 'AVAILABLE', '2023-06-15 20:15:34.011000', 49, '69b61741-856ca4cc-32c91a7b'),
('NU1vyIaDQU', '2023-06-15 20:15:35.958000', 'AVAILABLE', '2023-06-15 20:15:35.958000', 120, 'a3acc532-b4ef7790-c2dfea3f'),
('nUaByaGGZy', '2023-06-15 20:15:36.659000', 'AVAILABLE', '2023-06-15 20:15:36.659000', 54, '02d49570-5763c443-0e0e20b9'),
('nV8bsBn7WW', '2023-06-15 20:15:39.162000', 'AVAILABLE', '2023-06-15 20:15:39.162000', 32, 'b178a981-0a3a2d5a-fdb64525'),
('NVE3OI8mtm', '2023-06-15 20:15:33.787000', 'AVAILABLE', '2023-06-15 20:15:33.787000', 87, '56cc6688-df8a2e38-2162ed27'),
('nVTkv45C9l', '2023-06-15 20:15:35.135000', 'AVAILABLE', '2023-06-15 20:15:35.135000', 34, '77b3bac0-12b14306-eab7fb5e'),
('Nw0pvnBPpn', '2023-06-15 20:15:34.195000', 'AVAILABLE', '2023-06-15 20:15:34.195000', 3, '83a9e5af-823d4066-f8545c66'),
('nX1PGqZCu2', '2023-06-15 20:15:33.516000', 'AVAILABLE', '2023-06-15 20:15:33.516000', 158, 'b9fb509c-7a9a04d3-ed121498'),
('nXcwJnErXq', '2023-06-15 20:15:34.059000', 'AVAILABLE', '2023-06-15 20:15:34.059000', 58, '69b61741-856ca4cc-32c91a7b'),
('nXirsgHHD4', '2023-06-15 20:15:34.608000', 'AVAILABLE', '2023-06-15 20:15:34.608000', 152, '6d108104-3a6fa3d7-c2d533e3'),
('NyD9wgmv81', '2023-06-15 20:15:37.882000', 'AVAILABLE', '2023-06-15 20:15:37.882000', 102, 'afc99b82-f7de970c-0a8b199f'),
('nYiLbmp1nr', '2023-06-15 20:15:32.448000', 'AVAILABLE', '2023-06-15 20:15:32.448000', 160, '12fd5981-14b6376b-7f28464a'),
('NYKU5ELakL', '2023-06-15 20:15:37.366000', 'AVAILABLE', '2023-06-15 20:15:37.366000', 111, 'c0b3bd2f-6b1a1a67-e2e9270f'),
('nZMFP9qAyo', '2023-06-15 20:15:38.000000', 'AVAILABLE', '2023-06-15 20:15:38.000000', 119, 'afc99b82-f7de970c-0a8b199f'),
('O0NxSuqN78', '2023-06-15 20:15:33.511000', 'AVAILABLE', '2023-06-15 20:15:33.511000', 157, 'b9fb509c-7a9a04d3-ed121498'),
('o3gukVvr25', '2023-06-15 20:15:36.067000', 'AVAILABLE', '2023-06-15 20:15:36.067000', 135, '42a849ad-22d6499b-116bd748'),
('O5ELYBGFIp', '2023-06-15 20:15:33.247000', 'AVAILABLE', '2023-06-15 20:15:33.247000', 148, '57f477bc-96829428-3d3e4599'),
('o7GD2Oq2a8', '2023-06-15 20:15:38.387000', 'AVAILABLE', '2023-06-15 20:15:38.387000', 11, '360453d5-7bb9a652-2e16222e'),
('o7Y1OSOAPE', '2023-06-15 20:15:38.892000', 'AVAILABLE', '2023-06-15 20:15:38.892000', 157, '4e4cf96e-1acaaad4-63ccd759'),
('OCiKkTX9U2', '2023-06-15 20:15:36.530000', 'AVAILABLE', '2023-06-15 20:15:36.530000', 157, 'd58d7610-48cc9183-ce7e5121'),
('OCiPTFj7Id', '2023-06-15 20:15:38.050000', 'AVAILABLE', '2023-06-15 20:15:38.051000', 45, '909fe10f-5c932a32-a276b53d'),
('ODfl0bMhpB', '2023-06-15 20:15:35.571000', 'AVAILABLE', '2023-06-15 20:15:35.571000', 138, '70cd8618-93e95219-67e18b87'),
('odFvNfrOof', '2023-06-15 20:15:39.009000', 'AVAILABLE', '2023-06-15 20:15:39.009000', 12, 'b178a981-0a3a2d5a-fdb64525'),
('odNmlKvS3r', '2023-06-15 20:15:32.868000', 'AVAILABLE', '2023-06-15 20:15:32.868000', 73, 'aadd4aec-f8456853-aac62184'),
('ODuRCqDXS8', '2023-06-15 20:15:33.640000', 'AVAILABLE', '2023-06-15 20:15:33.640000', 21, '7a92b03b-c28eb91e-33cfad47'),
('OelOoBqmhs', '2023-06-15 20:15:36.896000', 'AVAILABLE', '2023-06-15 20:15:36.896000', 5, '16a02431-8fb9c725-773dfee8'),
('OEW6NmDEcw', '2023-06-15 20:15:33.013000', 'AVAILABLE', '2023-06-15 20:15:33.013000', 21, '53be5f2b-45e36235-5cd210b3'),
('oF40mFWwFI', '2023-06-15 20:15:39.086000', 'AVAILABLE', '2023-06-15 20:15:39.086000', 22, 'b178a981-0a3a2d5a-fdb64525'),
('ogcr3cRORB', '2023-06-15 20:15:37.080000', 'AVAILABLE', '2023-06-15 20:15:37.080000', 32, '16a02431-8fb9c725-773dfee8'),
('oGdeigDEYe', '2023-06-15 20:15:35.037000', 'AVAILABLE', '2023-06-15 20:15:35.037000', 19, '77b3bac0-12b14306-eab7fb5e'),
('OHewyLXJTt', '2023-06-15 20:15:33.325000', 'AVAILABLE', '2023-06-15 20:15:33.325000', 121, 'b9fb509c-7a9a04d3-ed121498'),
('OiBa6CkCdM', '2023-06-15 20:15:33.174000', 'AVAILABLE', '2023-06-15 20:15:33.174000', 133, '57f477bc-96829428-3d3e4599'),
('OJ9DAId8Nz', '2023-06-15 20:15:31.779000', 'AVAILABLE', '2023-06-15 20:15:31.779000', 70, '433236f1-68829139-724b58a8'),
('Ojz8O8kMMT', '2023-06-15 20:15:33.119000', 'AVAILABLE', '2023-06-15 20:15:33.119000', 122, '57f477bc-96829428-3d3e4599'),
('omCcLedrap', '2023-06-15 20:15:31.590000', 'AVAILABLE', '2023-06-15 20:15:31.590000', 148, 'c6b8009f-229c53f8-9c8986c9'),
('omlcJjfzPq', '2023-06-15 20:15:31.658000', 'AVAILABLE', '2023-06-15 20:15:31.658000', 41, '433236f1-68829139-724b58a8'),
('OPVc4QJshS', '2023-06-15 20:15:35.767000', 'AVAILABLE', '2023-06-15 20:15:35.767000', 88, 'a3acc532-b4ef7790-c2dfea3f'),
('oQ2BFWaHpV', '2023-06-15 20:15:33.180000', 'AVAILABLE', '2023-06-15 20:15:33.180000', 134, '57f477bc-96829428-3d3e4599'),
('OqwhBjDmLV', '2023-06-15 20:15:33.139000', 'AVAILABLE', '2023-06-15 20:15:33.139000', 126, '57f477bc-96829428-3d3e4599'),
('OSorMWt976', '2023-06-15 20:15:34.244000', 'AVAILABLE', '2023-06-15 20:15:34.244000', 13, '83a9e5af-823d4066-f8545c66'),
('OsxokLp1tU', '2023-06-15 20:15:34.952000', 'AVAILABLE', '2023-06-15 20:15:34.952000', 6, '77b3bac0-12b14306-eab7fb5e'),
('Ot4ucPtgmb', '2023-06-15 20:15:33.850000', 'AVAILABLE', '2023-06-15 20:15:33.850000', 100, '56cc6688-df8a2e38-2162ed27'),
('oT7Jke0VVZ', '2023-06-15 20:15:36.671000', 'AVAILABLE', '2023-06-15 20:15:36.671000', 56, '02d49570-5763c443-0e0e20b9'),
('OTgY5zfqUl', '2023-06-15 20:15:38.350000', 'AVAILABLE', '2023-06-15 20:15:38.350000', 6, '360453d5-7bb9a652-2e16222e'),
('OtVDNufQdP', '2023-06-15 20:15:38.945000', 'AVAILABLE', '2023-06-15 20:15:38.945000', 3, 'b178a981-0a3a2d5a-fdb64525'),
('ouGbCIcB7l', '2023-06-15 20:15:33.859000', 'AVAILABLE', '2023-06-15 20:15:33.859000', 102, '56cc6688-df8a2e38-2162ed27'),
('OVBYh2VGvs', '2023-06-15 20:15:32.186000', 'AVAILABLE', '2023-06-15 20:15:32.186000', 111, 'e2456b3c-569b3bd7-1a4ba0dd'),
('OVNlBnrYAA', '2023-06-15 20:15:37.868000', 'AVAILABLE', '2023-06-15 20:15:37.868000', 100, 'afc99b82-f7de970c-0a8b199f'),
('owDU8nZfAp', '2023-06-15 20:15:31.822000', 'AVAILABLE', '2023-06-15 20:15:31.822000', 80, '433236f1-68829139-724b58a8'),
('oWSryHXXJA', '2023-06-15 20:15:35.756000', 'AVAILABLE', '2023-06-15 20:15:35.756000', 86, 'a3acc532-b4ef7790-c2dfea3f'),
('OzBAb5qZ6w', '2023-06-15 20:15:37.495000', 'AVAILABLE', '2023-06-15 20:15:37.495000', 127, 'fce15157-7ed50e6c-02bb8d91'),
('OziElyQogK', '2023-06-15 20:15:32.220000', 'AVAILABLE', '2023-06-15 20:15:32.220000', 118, 'e2456b3c-569b3bd7-1a4ba0dd'),
('OZNLGcCLRe', '2023-06-15 20:15:38.227000', 'AVAILABLE', '2023-06-15 20:15:38.227000', 70, '909fe10f-5c932a32-a276b53d'),
('P1FEAIEgS0', '2023-06-15 20:15:31.889000', 'AVAILABLE', '2023-06-15 20:15:31.889000', 11, '62565e62-1601caab-91c3347e'),
('P2orUKnyPg', '2023-06-15 20:15:33.272000', 'AVAILABLE', '2023-06-15 20:15:33.272000', 153, '57f477bc-96829428-3d3e4599'),
('P52GMBoX5Y', '2023-06-15 20:15:39.094000', 'AVAILABLE', '2023-06-15 20:15:39.094000', 23, 'b178a981-0a3a2d5a-fdb64525'),
('p6yxzd8MzS', '2023-06-15 20:15:35.332000', 'AVAILABLE', '2023-06-15 20:15:35.332000', 105, '9ffe64a9-0e43f7fe-27c9cb68'),
('P93CGIuZQ9', '2023-06-15 20:15:34.585000', 'AVAILABLE', '2023-06-15 20:15:34.585000', 148, '6d108104-3a6fa3d7-c2d533e3'),
('paDdxAkKPk', '2023-06-15 20:15:33.899000', 'AVAILABLE', '2023-06-15 20:15:33.899000', 110, '56cc6688-df8a2e38-2162ed27'),
('Pbu3tQZR5r', '2023-06-15 20:15:34.200000', 'AVAILABLE', '2023-06-15 20:15:34.200000', 4, '83a9e5af-823d4066-f8545c66'),
('pCb0nyIVCu', '2023-06-15 20:15:32.848000', 'AVAILABLE', '2023-06-15 20:15:32.848000', 69, 'aadd4aec-f8456853-aac62184'),
('Pci2ISRB2y', '2023-06-15 20:15:31.784000', 'AVAILABLE', '2023-06-15 20:15:31.784000', 71, '433236f1-68829139-724b58a8'),
('Pe6waNe0vQ', '2023-06-15 20:15:34.390000', 'AVAILABLE', '2023-06-15 20:15:34.390000', 39, '83a9e5af-823d4066-f8545c66');
INSERT INTO `show_seat` (`id`, `create_at`, `status`, `update_at`, `cinema_seat_id`, `show_id`) VALUES
('pFXcmDuLBX', '2023-06-15 20:15:32.902000', 'AVAILABLE', '2023-06-15 20:15:32.902000', 80, 'aadd4aec-f8456853-aac62184'),
('PiLK7yIuMg', '2023-06-15 20:15:38.678000', 'AVAILABLE', '2023-06-15 20:15:38.678000', 127, '4e4cf96e-1acaaad4-63ccd759'),
('PIlmu84Ng1', '2023-06-15 20:15:34.947000', 'AVAILABLE', '2023-06-15 20:15:34.947000', 5, '77b3bac0-12b14306-eab7fb5e'),
('PJ0KHnnTlK', '2023-06-15 20:15:35.738000', 'AVAILABLE', '2023-06-15 20:15:35.738000', 83, 'a3acc532-b4ef7790-c2dfea3f'),
('pJpl8vQEmg', '2023-06-15 20:15:39.002000', 'AVAILABLE', '2023-06-15 20:15:39.002000', 11, 'b178a981-0a3a2d5a-fdb64525'),
('PK9Uoyr733', '2023-06-15 20:15:38.801000', 'AVAILABLE', '2023-06-15 20:15:38.801000', 144, '4e4cf96e-1acaaad4-63ccd759'),
('pKbY2RZ34j', '2023-06-15 20:15:32.164000', 'AVAILABLE', '2023-06-15 20:15:32.164000', 106, 'e2456b3c-569b3bd7-1a4ba0dd'),
('PLEHjd4j0V', '2023-06-15 20:15:33.204000', 'AVAILABLE', '2023-06-15 20:15:33.204000', 139, '57f477bc-96829428-3d3e4599'),
('PLxApOqxcK', '2023-06-15 20:15:36.490000', 'AVAILABLE', '2023-06-15 20:15:36.490000', 151, 'd58d7610-48cc9183-ce7e5121'),
('pM6D0rDisi', '2023-06-15 20:15:36.537000', 'AVAILABLE', '2023-06-15 20:15:36.537000', 158, 'd58d7610-48cc9183-ce7e5121'),
('PMGzVZPkeM', '2023-06-15 20:15:34.044000', 'AVAILABLE', '2023-06-15 20:15:34.044000', 55, '69b61741-856ca4cc-32c91a7b'),
('pmP5vhBTmA', '2023-06-15 20:15:36.816000', 'AVAILABLE', '2023-06-15 20:15:36.816000', 76, '02d49570-5763c443-0e0e20b9'),
('poFjiFY7Wy', '2023-06-15 20:15:37.330000', 'AVAILABLE', '2023-06-15 20:15:37.330000', 106, 'c0b3bd2f-6b1a1a67-e2e9270f'),
('posoHJEq4z', '2023-06-15 20:15:33.397000', 'AVAILABLE', '2023-06-15 20:15:33.397000', 136, 'b9fb509c-7a9a04d3-ed121498'),
('PPBw2AkQjw', '2023-06-15 20:15:33.521000', 'AVAILABLE', '2023-06-15 20:15:33.521000', 159, 'b9fb509c-7a9a04d3-ed121498'),
('Pq3Y42cTQg', '2023-06-15 20:15:36.616000', 'AVAILABLE', '2023-06-15 20:15:36.616000', 48, '02d49570-5763c443-0e0e20b9'),
('PQbDdKOalU', '2023-06-15 20:15:31.762000', 'AVAILABLE', '2023-06-15 20:15:31.762000', 66, '433236f1-68829139-724b58a8'),
('pQfPEJpi6K', '2023-06-15 20:15:34.624000', 'AVAILABLE', '2023-06-15 20:15:34.624000', 155, '6d108104-3a6fa3d7-c2d533e3'),
('PR1iVllhTx', '2023-06-15 20:15:31.609000', 'AVAILABLE', '2023-06-15 20:15:31.609000', 153, 'c6b8009f-229c53f8-9c8986c9'),
('PRaEKVrYuM', '2023-06-15 20:15:38.699000', 'AVAILABLE', '2023-06-15 20:15:38.699000', 130, '4e4cf96e-1acaaad4-63ccd759'),
('prGClwIcv5', '2023-06-15 20:15:35.791000', 'AVAILABLE', '2023-06-15 20:15:35.791000', 92, 'a3acc532-b4ef7790-c2dfea3f'),
('prvJFQhHhD', '2023-06-15 20:15:33.150000', 'AVAILABLE', '2023-06-15 20:15:33.150000', 128, '57f477bc-96829428-3d3e4599'),
('PsKL7bbo4n', '2023-06-15 20:15:37.525000', 'AVAILABLE', '2023-06-15 20:15:37.525000', 131, 'fce15157-7ed50e6c-02bb8d91'),
('Pu4k255zPj', '2023-06-15 20:15:33.920000', 'AVAILABLE', '2023-06-15 20:15:33.920000', 114, '56cc6688-df8a2e38-2162ed27'),
('PU6LnFE6wn', '2023-06-15 20:15:33.581000', 'AVAILABLE', '2023-06-15 20:15:33.581000', 9, '7a92b03b-c28eb91e-33cfad47'),
('Pu7kHg0d9u', '2023-06-15 20:15:32.568000', 'AVAILABLE', '2023-06-15 20:15:32.568000', 99, 'ea01d571-901a3b58-6ba41284'),
('pUrcD8hxJE', '2023-06-15 20:15:33.739000', 'AVAILABLE', '2023-06-15 20:15:33.739000', 40, '7a92b03b-c28eb91e-33cfad47'),
('pZDdkMSwyZ', '2023-06-15 20:15:36.777000', 'AVAILABLE', '2023-06-15 20:15:36.777000', 70, '02d49570-5763c443-0e0e20b9'),
('PZjgAMHeKq', '2023-06-15 20:15:36.588000', 'AVAILABLE', '2023-06-15 20:15:36.588000', 44, '02d49570-5763c443-0e0e20b9'),
('Q2zwpDGMMn', '2023-06-15 20:15:38.491000', 'AVAILABLE', '2023-06-15 20:15:38.491000', 24, '360453d5-7bb9a652-2e16222e'),
('q3Sp0fSJiy', '2023-06-15 20:15:32.771000', 'AVAILABLE', '2023-06-15 20:15:32.771000', 54, 'aadd4aec-f8456853-aac62184'),
('q4dsUge0HS', '2023-06-15 20:15:36.085000', 'AVAILABLE', '2023-06-15 20:15:36.085000', 137, '42a849ad-22d6499b-116bd748'),
('q52kOeq3GZ', '2023-06-15 20:15:32.363000', 'AVAILABLE', '2023-06-15 20:15:32.363000', 144, '12fd5981-14b6376b-7f28464a'),
('Q5oXeBbhKi', '2023-06-15 20:15:37.295000', 'AVAILABLE', '2023-06-15 20:15:37.295000', 101, 'c0b3bd2f-6b1a1a67-e2e9270f'),
('Q652U3R9TU', '2023-06-15 20:15:33.771000', 'AVAILABLE', '2023-06-15 20:15:33.771000', 84, '56cc6688-df8a2e38-2162ed27'),
('q67eqBEjrP', '2023-06-15 20:15:33.115000', 'AVAILABLE', '2023-06-15 20:15:33.115000', 121, '57f477bc-96829428-3d3e4599'),
('Q8ZSAdc9sM', '2023-06-15 20:15:32.000000', 'AVAILABLE', '2023-06-15 20:15:32.000000', 35, '62565e62-1601caab-91c3347e'),
('q9RbZ0Yzxr', '2023-06-15 20:15:36.052000', 'AVAILABLE', '2023-06-15 20:15:36.052000', 133, '42a849ad-22d6499b-116bd748'),
('qdPK525Kh2', '2023-06-15 20:15:31.620000', 'AVAILABLE', '2023-06-15 20:15:31.620000', 156, 'c6b8009f-229c53f8-9c8986c9'),
('QeMt4VL6cj', '2023-06-15 20:15:38.508000', 'AVAILABLE', '2023-06-15 20:15:38.508000', 26, '360453d5-7bb9a652-2e16222e'),
('qFtdw5J30I', '2023-06-15 20:15:36.783000', 'AVAILABLE', '2023-06-15 20:15:36.783000', 71, '02d49570-5763c443-0e0e20b9'),
('QfwJXiv3D5', '2023-06-15 20:15:37.049000', 'AVAILABLE', '2023-06-15 20:15:37.049000', 27, '16a02431-8fb9c725-773dfee8'),
('qg7tEHfy0d', '2023-06-15 20:15:35.166000', 'AVAILABLE', '2023-06-15 20:15:35.166000', 39, '77b3bac0-12b14306-eab7fb5e'),
('qGf06upIYk', '2023-06-15 20:04:20.585000', 'AVAILABLE', '2023-06-15 20:04:20.585000', 133, 'ee88b52c-46f88bae-12a2c208'),
('QgOuO9h23f', '2023-06-15 20:15:37.655000', 'AVAILABLE', '2023-06-15 20:15:37.655000', 150, 'fce15157-7ed50e6c-02bb8d91'),
('qhiPQhzk3j', '2023-06-15 20:15:31.946000', 'AVAILABLE', '2023-06-15 20:15:31.946000', 23, '62565e62-1601caab-91c3347e'),
('QhMUTW6XHh', '2023-06-15 20:15:32.044000', 'AVAILABLE', '2023-06-15 20:15:32.044000', 81, 'e2456b3c-569b3bd7-1a4ba0dd'),
('qjuqiNSRiW', '2023-06-15 20:15:31.951000', 'AVAILABLE', '2023-06-15 20:15:31.951000', 24, '62565e62-1601caab-91c3347e'),
('qk3x0KsOH0', '2023-06-15 20:15:37.764000', 'AVAILABLE', '2023-06-15 20:15:37.764000', 84, 'afc99b82-f7de970c-0a8b199f'),
('qLVvOqtZkH', '2023-06-15 20:15:39.184000', 'AVAILABLE', '2023-06-15 20:15:39.184000', 35, 'b178a981-0a3a2d5a-fdb64525'),
('QlZI1TeQw3', '2023-06-15 20:15:38.454000', 'AVAILABLE', '2023-06-15 20:15:38.454000', 20, '360453d5-7bb9a652-2e16222e'),
('QMClJsbLpe', '2023-06-15 20:15:34.791000', 'AVAILABLE', '2023-06-15 20:15:34.791000', 61, 'a8c75739-892d563b-33c04143'),
('qMeOvSjijq', '2023-06-15 20:15:35.352000', 'AVAILABLE', '2023-06-15 20:15:35.352000', 108, '9ffe64a9-0e43f7fe-27c9cb68'),
('qmXSR84QdB', '2023-06-15 20:15:36.248000', 'AVAILABLE', '2023-06-15 20:15:36.248000', 160, '42a849ad-22d6499b-116bd748'),
('qNSCVkOD15', '2023-06-15 20:15:37.630000', 'AVAILABLE', '2023-06-15 20:15:37.630000', 146, 'fce15157-7ed50e6c-02bb8d91'),
('QO2WPhSFj2', '2023-06-15 20:15:37.450000', 'AVAILABLE', '2023-06-15 20:15:37.450000', 121, 'fce15157-7ed50e6c-02bb8d91'),
('qQ56Dywtna', '2023-06-15 20:15:33.777000', 'AVAILABLE', '2023-06-15 20:15:33.777000', 85, '56cc6688-df8a2e38-2162ed27'),
('QqEV2UjB2L', '2023-06-15 20:15:35.995000', 'AVAILABLE', '2023-06-15 20:15:35.995000', 124, '42a849ad-22d6499b-116bd748'),
('QQLf6i5hKw', '2023-06-15 20:15:32.177000', 'AVAILABLE', '2023-06-15 20:15:32.177000', 109, 'e2456b3c-569b3bd7-1a4ba0dd'),
('QR5RTTI43U', '2023-06-15 20:15:32.479000', 'AVAILABLE', '2023-06-15 20:15:32.479000', 83, 'ea01d571-901a3b58-6ba41284'),
('qrdUi46cIj', '2023-06-15 20:15:33.129000', 'AVAILABLE', '2023-06-15 20:15:33.129000', 124, '57f477bc-96829428-3d3e4599'),
('QskB35eoNA', '2023-06-15 20:15:38.515000', 'AVAILABLE', '2023-06-15 20:15:38.515000', 27, '360453d5-7bb9a652-2e16222e'),
('qsO7T1HDPp', '2023-06-15 20:15:32.404000', 'AVAILABLE', '2023-06-15 20:15:32.404000', 152, '12fd5981-14b6376b-7f28464a'),
('Qt9QUK1xOq', '2023-06-15 20:15:37.344000', 'AVAILABLE', '2023-06-15 20:15:37.344000', 108, 'c0b3bd2f-6b1a1a67-e2e9270f'),
('QUXbmqbCi4', '2023-06-15 20:15:36.059000', 'AVAILABLE', '2023-06-15 20:15:36.059000', 134, '42a849ad-22d6499b-116bd748'),
('QvYaDzNdbG', '2023-06-15 20:15:33.479000', 'AVAILABLE', '2023-06-15 20:15:33.479000', 151, 'b9fb509c-7a9a04d3-ed121498'),
('qwJgMhaylA', '2023-06-15 20:15:35.895000', 'AVAILABLE', '2023-06-15 20:15:35.895000', 110, 'a3acc532-b4ef7790-c2dfea3f'),
('qyuZY1SuNP', '2023-06-15 20:04:20.632000', 'AVAILABLE', '2023-06-15 20:04:20.632000', 144, 'ee88b52c-46f88bae-12a2c208'),
('QzftJsVZMC', '2023-06-15 20:15:37.373000', 'AVAILABLE', '2023-06-15 20:15:37.373000', 112, 'c0b3bd2f-6b1a1a67-e2e9270f'),
('R1Wlxcuumd', '2023-06-15 20:15:31.791000', 'AVAILABLE', '2023-06-15 20:15:31.791000', 73, '433236f1-68829139-724b58a8'),
('r1ZmsGayDR', '2023-06-15 20:15:35.932000', 'AVAILABLE', '2023-06-15 20:15:35.932000', 116, 'a3acc532-b4ef7790-c2dfea3f'),
('R2HgeAeVGz', '2023-06-15 20:15:36.277000', 'AVAILABLE', '2023-06-15 20:15:36.277000', 122, 'd58d7610-48cc9183-ce7e5121'),
('r3NY1eEVmQ', '2023-06-15 20:15:38.899000', 'AVAILABLE', '2023-06-15 20:15:38.899000', 158, '4e4cf96e-1acaaad4-63ccd759'),
('r3QM1SciXM', '2023-06-15 20:15:38.871000', 'AVAILABLE', '2023-06-15 20:15:38.871000', 154, '4e4cf96e-1acaaad4-63ccd759'),
('r43oHKsspB', '2023-06-15 20:15:35.588000', 'AVAILABLE', '2023-06-15 20:15:35.588000', 141, '70cd8618-93e95219-67e18b87'),
('r75Ncdt3oT', '2023-06-15 20:15:38.430000', 'AVAILABLE', '2023-06-15 20:15:38.430000', 17, '360453d5-7bb9a652-2e16222e'),
('R7o5puP8dB', '2023-06-15 20:15:34.973000', 'AVAILABLE', '2023-06-15 20:15:34.973000', 9, '77b3bac0-12b14306-eab7fb5e'),
('R8cDh14Rc2', '2023-06-15 20:15:38.150000', 'AVAILABLE', '2023-06-15 20:15:38.150000', 59, '909fe10f-5c932a32-a276b53d'),
('r8WdoPXFkN', '2023-06-15 20:15:31.938000', 'AVAILABLE', '2023-06-15 20:15:31.938000', 21, '62565e62-1601caab-91c3347e'),
('R9kFplDVZu', '2023-06-15 20:15:37.358000', 'AVAILABLE', '2023-06-15 20:15:37.358000', 110, 'c0b3bd2f-6b1a1a67-e2e9270f'),
('R9yFXTzhYc', '2023-06-15 20:15:33.831000', 'AVAILABLE', '2023-06-15 20:15:33.831000', 96, '56cc6688-df8a2e38-2162ed27'),
('Ra74P1M1ze', '2023-06-15 20:15:33.199000', 'AVAILABLE', '2023-06-15 20:15:33.199000', 138, '57f477bc-96829428-3d3e4599'),
('raWzD2rZM5', '2023-06-15 20:15:34.312000', 'AVAILABLE', '2023-06-15 20:15:34.312000', 25, '83a9e5af-823d4066-f8545c66'),
('RbAfVIHlYr', '2023-06-15 20:15:35.576000', 'AVAILABLE', '2023-06-15 20:15:35.576000', 139, '70cd8618-93e95219-67e18b87'),
('rbWzhpYWUv', '2023-06-15 20:15:33.708000', 'AVAILABLE', '2023-06-15 20:15:33.708000', 34, '7a92b03b-c28eb91e-33cfad47'),
('RDdK51S5Qm', '2023-06-15 20:15:31.699000', 'AVAILABLE', '2023-06-15 20:15:31.699000', 51, '433236f1-68829139-724b58a8'),
('rg3XctsyOx', '2023-06-15 20:15:32.353000', 'AVAILABLE', '2023-06-15 20:15:32.353000', 142, '12fd5981-14b6376b-7f28464a'),
('RH6hzvIlID', '2023-06-15 20:15:33.586000', 'AVAILABLE', '2023-06-15 20:15:33.586000', 10, '7a92b03b-c28eb91e-33cfad47'),
('RITzMaweTf', '2023-06-15 20:15:33.263000', 'AVAILABLE', '2023-06-15 20:15:33.263000', 151, '57f477bc-96829428-3d3e4599'),
('riuhITfsz9', '2023-06-15 20:15:34.148000', 'AVAILABLE', '2023-06-15 20:15:34.148000', 75, '69b61741-856ca4cc-32c91a7b'),
('rJvIe8wTWz', '2023-06-15 20:15:32.328000', 'AVAILABLE', '2023-06-15 20:15:32.328000', 137, '12fd5981-14b6376b-7f28464a'),
('rKYh6Ckv0i', '2023-06-15 20:15:36.179000', 'AVAILABLE', '2023-06-15 20:15:36.179000', 150, '42a849ad-22d6499b-116bd748'),
('RL34nV9ugg', '2023-06-15 20:15:31.703000', 'AVAILABLE', '2023-06-15 20:15:31.703000', 52, '433236f1-68829139-724b58a8'),
('RnMv3hF6nE', '2023-06-15 20:15:35.315000', 'AVAILABLE', '2023-06-15 20:15:35.315000', 102, '9ffe64a9-0e43f7fe-27c9cb68'),
('rOZFRJx6Lx', '2023-06-15 20:15:36.609000', 'AVAILABLE', '2023-06-15 20:15:36.609000', 47, '02d49570-5763c443-0e0e20b9'),
('RPwUKy099v', '2023-06-15 20:15:34.703000', 'AVAILABLE', '2023-06-15 20:15:34.703000', 49, 'a8c75739-892d563b-33c04143'),
('RQddTfZfxp', '2023-06-15 20:15:32.160000', 'AVAILABLE', '2023-06-15 20:15:32.160000', 105, 'e2456b3c-569b3bd7-1a4ba0dd'),
('RqL4fTcI6L', '2023-06-15 20:15:35.989000', 'AVAILABLE', '2023-06-15 20:15:35.989000', 123, '42a849ad-22d6499b-116bd748'),
('rqodK2re3y', '2023-06-15 20:15:38.213000', 'AVAILABLE', '2023-06-15 20:15:38.213000', 68, '909fe10f-5c932a32-a276b53d'),
('RRnR3BL9uu', '2023-06-15 20:15:37.135000', 'AVAILABLE', '2023-06-15 20:15:37.135000', 40, '16a02431-8fb9c725-773dfee8'),
('rs4EbKqSD0', '2023-06-15 20:15:35.466000', 'AVAILABLE', '2023-06-15 20:15:35.466000', 122, '70cd8618-93e95219-67e18b87'),
('RsHWaPFCTj', '2023-06-15 20:15:31.955000', 'AVAILABLE', '2023-06-15 20:15:31.955000', 25, '62565e62-1601caab-91c3347e'),
('RSTDLEsKqt', '2023-06-15 20:15:35.290000', 'AVAILABLE', '2023-06-15 20:15:35.290000', 98, '9ffe64a9-0e43f7fe-27c9cb68'),
('rt9vU6RUuR', '2023-06-15 20:15:33.422000', 'AVAILABLE', '2023-06-15 20:15:33.422000', 141, 'b9fb509c-7a9a04d3-ed121498'),
('rvlf35ht54', '2023-06-15 20:15:33.927000', 'AVAILABLE', '2023-06-15 20:15:33.927000', 115, '56cc6688-df8a2e38-2162ed27'),
('rxgGY8MN8B', '2023-06-15 20:15:36.823000', 'AVAILABLE', '2023-06-15 20:15:36.823000', 77, '02d49570-5763c443-0e0e20b9'),
('rXu5GvJoi9', '2023-06-15 20:15:34.463000', 'AVAILABLE', '2023-06-15 20:15:34.463000', 129, '6d108104-3a6fa3d7-c2d533e3'),
('rXZhcXULNs', '2023-06-15 20:15:37.273000', 'AVAILABLE', '2023-06-15 20:15:37.273000', 98, 'c0b3bd2f-6b1a1a67-e2e9270f'),
('rZ17k2r70q', '2023-06-15 20:15:36.345000', 'AVAILABLE', '2023-06-15 20:15:36.345000', 131, 'd58d7610-48cc9183-ce7e5121'),
('S2noqHOLyX', '2023-06-15 20:15:33.455000', 'AVAILABLE', '2023-06-15 20:15:33.455000', 147, 'b9fb509c-7a9a04d3-ed121498'),
('s3dHhPG32R', '2023-06-15 20:15:33.562000', 'AVAILABLE', '2023-06-15 20:15:33.562000', 5, '7a92b03b-c28eb91e-33cfad47'),
('s4L7kcrkYe', '2023-06-15 20:04:20.695000', 'AVAILABLE', '2023-06-15 20:04:20.695000', 159, 'ee88b52c-46f88bae-12a2c208'),
('S5IMKmpV2W', '2023-06-15 20:15:35.498000', 'AVAILABLE', '2023-06-15 20:15:35.498000', 126, '70cd8618-93e95219-67e18b87'),
('s6iP9b9jL4', '2023-06-15 20:15:34.899000', 'AVAILABLE', '2023-06-15 20:15:34.899000', 79, 'a8c75739-892d563b-33c04143'),
('s72xYca7H8', '2023-06-15 20:15:36.034000', 'AVAILABLE', '2023-06-15 20:15:36.034000', 130, '42a849ad-22d6499b-116bd748'),
('s8lGYmVcCx', '2023-06-15 20:15:35.925000', 'AVAILABLE', '2023-06-15 20:15:35.925000', 115, 'a3acc532-b4ef7790-c2dfea3f'),
('S8O73qxDMs', '2023-06-15 20:15:33.797000', 'AVAILABLE', '2023-06-15 20:15:33.797000', 89, '56cc6688-df8a2e38-2162ed27'),
('scpMQUk6xc', '2023-06-15 20:15:31.558000', 'AVAILABLE', '2023-06-15 20:15:31.558000', 141, 'c6b8009f-229c53f8-9c8986c9'),
('scX9bAmA3M', '2023-06-15 20:15:32.593000', 'AVAILABLE', '2023-06-15 20:15:32.593000', 104, 'ea01d571-901a3b58-6ba41284'),
('sDGfpLwmfi', '2023-06-15 20:15:35.371000', 'AVAILABLE', '2023-06-15 20:15:35.371000', 111, '9ffe64a9-0e43f7fe-27c9cb68'),
('SdPfXWv3TX', '2023-06-15 20:15:37.954000', 'AVAILABLE', '2023-06-15 20:15:37.954000', 113, 'afc99b82-f7de970c-0a8b199f'),
('sDW8H0GmUJ', '2023-06-15 20:15:35.302000', 'AVAILABLE', '2023-06-15 20:15:35.302000', 100, '9ffe64a9-0e43f7fe-27c9cb68'),
('seoD0YhUQF', '2023-06-15 20:15:33.836000', 'AVAILABLE', '2023-06-15 20:15:33.836000', 97, '56cc6688-df8a2e38-2162ed27'),
('SeuIbrkZSG', '2023-06-15 20:15:36.636000', 'AVAILABLE', '2023-06-15 20:15:36.636000', 51, '02d49570-5763c443-0e0e20b9'),
('sF8Y0fioa3', '2023-06-15 20:04:20.687000', 'AVAILABLE', '2023-06-15 20:04:20.687000', 157, 'ee88b52c-46f88bae-12a2c208'),
('SfeDcTYJsO', '2023-06-15 20:15:32.206000', 'AVAILABLE', '2023-06-15 20:15:32.206000', 115, 'e2456b3c-569b3bd7-1a4ba0dd'),
('SGfFlbyenH', '2023-06-15 20:15:38.907000', 'AVAILABLE', '2023-06-15 20:15:38.907000', 159, '4e4cf96e-1acaaad4-63ccd759'),
('sgg2jxk3Lq', '2023-06-15 20:15:33.821000', 'AVAILABLE', '2023-06-15 20:15:33.821000', 94, '56cc6688-df8a2e38-2162ed27'),
('siRlsUQRT0', '2023-06-15 20:15:34.792000', 'AVAILABLE', '2023-06-15 20:15:34.792000', 62, 'a8c75739-892d563b-33c04143'),
('SiXcqHdZi8', '2023-06-15 20:15:35.308000', 'AVAILABLE', '2023-06-15 20:15:35.308000', 101, '9ffe64a9-0e43f7fe-27c9cb68'),
('Sjr77zX7JC', '2023-06-15 20:15:38.422000', 'AVAILABLE', '2023-06-15 20:15:38.422000', 16, '360453d5-7bb9a652-2e16222e'),
('sKO0Mdvc6g', '2023-06-15 20:15:35.365000', 'AVAILABLE', '2023-06-15 20:15:35.365000', 110, '9ffe64a9-0e43f7fe-27c9cb68'),
('SLMxzmae95', '2023-06-15 20:15:35.600000', 'AVAILABLE', '2023-06-15 20:15:35.600000', 143, '70cd8618-93e95219-67e18b87'),
('slwk4jlgRF', '2023-06-15 20:15:35.054000', 'AVAILABLE', '2023-06-15 20:15:35.054000', 22, '77b3bac0-12b14306-eab7fb5e'),
('sMSJiq8vSw', '2023-06-15 20:15:37.694000', 'AVAILABLE', '2023-06-15 20:15:37.694000', 156, 'fce15157-7ed50e6c-02bb8d91'),
('SNluqx9ku6', '2023-06-15 20:15:32.225000', 'AVAILABLE', '2023-06-15 20:15:32.225000', 119, 'e2456b3c-569b3bd7-1a4ba0dd'),
('sodCd4HTPY', '2023-06-15 20:15:34.035000', 'AVAILABLE', '2023-06-15 20:15:34.035000', 54, '69b61741-856ca4cc-32c91a7b'),
('sOejLe4Fo5', '2023-06-15 20:15:37.948000', 'AVAILABLE', '2023-06-15 20:15:37.948000', 112, 'afc99b82-f7de970c-0a8b199f'),
('SoIfd7VUTn', '2023-06-15 20:15:33.391000', 'AVAILABLE', '2023-06-15 20:15:33.391000', 135, 'b9fb509c-7a9a04d3-ed121498'),
('SOMKUqFGSu', '2023-06-15 20:15:35.416000', 'AVAILABLE', '2023-06-15 20:15:35.416000', 118, '9ffe64a9-0e43f7fe-27c9cb68'),
('soN8s84ajR', '2023-06-15 20:15:33.506000', 'AVAILABLE', '2023-06-15 20:15:33.506000', 156, 'b9fb509c-7a9a04d3-ed121498'),
('SqC6CSriNs', '2023-06-15 20:15:33.402000', 'AVAILABLE', '2023-06-15 20:15:33.402000', 137, 'b9fb509c-7a9a04d3-ed121498'),
('SQjY9w74PY', '2023-06-15 20:15:34.124000', 'AVAILABLE', '2023-06-15 20:15:34.124000', 70, '69b61741-856ca4cc-32c91a7b'),
('srBkCXTaZ8', '2023-06-15 20:15:32.798000', 'AVAILABLE', '2023-06-15 20:15:32.798000', 59, 'aadd4aec-f8456853-aac62184'),
('sRKfSNMD5y', '2023-06-15 20:15:32.853000', 'AVAILABLE', '2023-06-15 20:15:32.853000', 70, 'aadd4aec-f8456853-aac62184'),
('SRxgs5KOEf', '2023-06-15 20:15:34.718000', 'AVAILABLE', '2023-06-15 20:15:34.718000', 51, 'a8c75739-892d563b-33c04143'),
('SSEkELOhTH', '2023-06-15 20:15:38.102000', 'AVAILABLE', '2023-06-15 20:15:38.102000', 52, '909fe10f-5c932a32-a276b53d'),
('SsFRKV2RDg', '2023-06-15 20:15:37.778000', 'AVAILABLE', '2023-06-15 20:15:37.778000', 86, 'afc99b82-f7de970c-0a8b199f'),
('SShwWwtBO8', '2023-06-15 20:04:20.563000', 'AVAILABLE', '2023-06-15 20:04:20.563000', 128, 'ee88b52c-46f88bae-12a2c208'),
('SThSncx8IN', '2023-06-15 20:15:34.322000', 'AVAILABLE', '2023-06-15 20:15:34.322000', 27, '83a9e5af-823d4066-f8545c66'),
('SUzVMsEdIZ', '2023-06-15 20:15:31.629000', 'AVAILABLE', '2023-06-15 20:15:31.629000', 158, 'c6b8009f-229c53f8-9c8986c9'),
('svtPAC4Te6', '2023-06-15 20:15:31.865000', 'AVAILABLE', '2023-06-15 20:15:31.865000', 6, '62565e62-1601caab-91c3347e'),
('sW5zRg0fX3', '2023-06-15 20:15:38.523000', 'AVAILABLE', '2023-06-15 20:15:38.523000', 28, '360453d5-7bb9a652-2e16222e'),
('SXoGlf7isw', '2023-06-15 20:15:32.882000', 'AVAILABLE', '2023-06-15 20:15:32.882000', 76, 'aadd4aec-f8456853-aac62184'),
('Sy531kPtBX', '2023-06-15 20:15:31.567000', 'AVAILABLE', '2023-06-15 20:15:31.567000', 143, 'c6b8009f-229c53f8-9c8986c9'),
('SyRtTCqTYh', '2023-06-15 20:15:37.042000', 'AVAILABLE', '2023-06-15 20:15:37.042000', 26, '16a02431-8fb9c725-773dfee8'),
('sZ9RS1AY0e', '2023-06-15 20:15:35.594000', 'AVAILABLE', '2023-06-15 20:15:35.594000', 142, '70cd8618-93e95219-67e18b87'),
('SZZR48gsQW', '2023-06-15 20:15:34.833000', 'AVAILABLE', '2023-06-15 20:15:34.833000', 68, 'a8c75739-892d563b-33c04143'),
('T5GVQZCqbC', '2023-06-15 20:15:32.279000', 'AVAILABLE', '2023-06-15 20:15:32.279000', 127, '12fd5981-14b6376b-7f28464a'),
('T6BSIuMaxV', '2023-06-15 20:15:37.061000', 'AVAILABLE', '2023-06-15 20:15:37.062000', 29, '16a02431-8fb9c725-773dfee8'),
('T71npGj4Ko', '2023-06-15 20:15:31.884000', 'AVAILABLE', '2023-06-15 20:15:31.884000', 10, '62565e62-1601caab-91c3347e'),
('t7Zfggnstv', '2023-06-15 20:15:32.677000', 'AVAILABLE', '2023-06-15 20:15:32.677000', 119, 'ea01d571-901a3b58-6ba41284'),
('ta1iy0byCT', '2023-06-15 20:15:31.960000', 'AVAILABLE', '2023-06-15 20:15:31.960000', 26, '62565e62-1601caab-91c3347e'),
('tBSH3QwhAN', '2023-06-15 20:15:32.089000', 'AVAILABLE', '2023-06-15 20:15:32.089000', 91, 'e2456b3c-569b3bd7-1a4ba0dd'),
('tBYjU5rJ9y', '2023-06-15 20:15:38.206000', 'AVAILABLE', '2023-06-15 20:15:38.206000', 67, '909fe10f-5c932a32-a276b53d'),
('tCoaPFGqOP', '2023-06-15 20:15:34.065000', 'AVAILABLE', '2023-06-15 20:15:34.065000', 59, '69b61741-856ca4cc-32c91a7b'),
('tCXeaHrEvM', '2023-06-15 20:15:36.902000', 'AVAILABLE', '2023-06-15 20:15:36.902000', 6, '16a02431-8fb9c725-773dfee8'),
('td2u10gpFp', '2023-06-15 20:15:32.094000', 'AVAILABLE', '2023-06-15 20:15:32.094000', 92, 'e2456b3c-569b3bd7-1a4ba0dd'),
('tebu1m7uvS', '2023-06-15 20:15:38.463000', 'AVAILABLE', '2023-06-15 20:15:38.463000', 21, '360453d5-7bb9a652-2e16222e'),
('TgOwKNFf3Z', '2023-06-15 20:15:33.017000', 'AVAILABLE', '2023-06-15 20:15:33.017000', 22, '53be5f2b-45e36235-5cd210b3'),
('tGWzzbY6qn', '2023-06-15 20:15:36.015000', 'AVAILABLE', '2023-06-15 20:15:36.015000', 127, '42a849ad-22d6499b-116bd748'),
('THcO63LYlk', '2023-06-15 20:15:37.985000', 'AVAILABLE', '2023-06-15 20:15:37.985000', 117, 'afc99b82-f7de970c-0a8b199f'),
('Tk2qEvyRJK', '2023-06-15 20:15:32.965000', 'AVAILABLE', '2023-06-15 20:15:32.965000', 11, '53be5f2b-45e36235-5cd210b3'),
('TKORHy03wh', '2023-06-15 20:15:35.704000', 'AVAILABLE', '2023-06-15 20:15:35.704000', 159, '70cd8618-93e95219-67e18b87'),
('TLsjXkJFVV', '2023-06-15 20:15:36.503000', 'AVAILABLE', '2023-06-15 20:15:36.503000', 153, 'd58d7610-48cc9183-ce7e5121'),
('TmbtSuHWi7', '2023-06-15 20:04:20.652000', 'AVAILABLE', '2023-06-15 20:04:20.652000', 149, 'ee88b52c-46f88bae-12a2c208'),
('tmjwrbgCWi', '2023-06-15 20:15:31.818000', 'AVAILABLE', '2023-06-15 20:15:31.818000', 79, '433236f1-68829139-724b58a8'),
('TMmUBFWdqd', '2023-06-15 20:15:35.266000', 'AVAILABLE', '2023-06-15 20:15:35.266000', 94, '9ffe64a9-0e43f7fe-27c9cb68'),
('TmZFvdg6dZ', '2023-06-15 20:15:35.063000', 'AVAILABLE', '2023-06-15 20:15:35.063000', 23, '77b3bac0-12b14306-eab7fb5e'),
('tNE3Nnrs7C', '2023-06-15 20:15:38.079000', 'AVAILABLE', '2023-06-15 20:15:38.079000', 49, '909fe10f-5c932a32-a276b53d'),
('TNrAnAy1V3', '2023-06-15 20:15:33.733000', 'AVAILABLE', '2023-06-15 20:15:33.733000', 39, '7a92b03b-c28eb91e-33cfad47'),
('tP5ZgHj41n', '2023-06-15 20:15:35.473000', 'AVAILABLE', '2023-06-15 20:15:35.473000', 123, '70cd8618-93e95219-67e18b87'),
('tPGUTdJtxC', '2023-06-15 20:15:32.952000', 'AVAILABLE', '2023-06-15 20:15:32.952000', 8, '53be5f2b-45e36235-5cd210b3'),
('tqJ4NdREjY', '2023-06-15 20:15:32.201000', 'AVAILABLE', '2023-06-15 20:15:32.201000', 114, 'e2456b3c-569b3bd7-1a4ba0dd'),
('TQsP8SARGi', '2023-06-15 20:15:36.228000', 'AVAILABLE', '2023-06-15 20:15:36.228000', 157, '42a849ad-22d6499b-116bd748'),
('TRhZZTviGl', '2023-06-15 20:15:35.172000', 'AVAILABLE', '2023-06-15 20:15:35.172000', 40, '77b3bac0-12b14306-eab7fb5e'),
('TrpIrtxOaq', '2023-06-15 20:15:32.897000', 'AVAILABLE', '2023-06-15 20:15:32.897000', 79, 'aadd4aec-f8456853-aac62184'),
('tRvDIAicCl', '2023-06-15 20:15:33.676000', 'AVAILABLE', '2023-06-15 20:15:33.676000', 28, '7a92b03b-c28eb91e-33cfad47'),
('TsBboQiCOD', '2023-06-15 20:15:32.929000', 'AVAILABLE', '2023-06-15 20:15:32.929000', 3, '53be5f2b-45e36235-5cd210b3'),
('tSDDJOotaA', '2023-06-15 20:15:32.665000', 'AVAILABLE', '2023-06-15 20:15:32.665000', 117, 'ea01d571-901a3b58-6ba41284'),
('TSLmr2xtvU', '2023-06-15 20:15:35.919000', 'AVAILABLE', '2023-06-15 20:15:35.919000', 114, 'a3acc532-b4ef7790-c2dfea3f'),
('TsMukdWtj0', '2023-06-15 20:15:34.419000', 'AVAILABLE', '2023-06-15 20:15:34.419000', 122, '6d108104-3a6fa3d7-c2d533e3'),
('TtIqKRV6B5', '2023-06-15 20:15:32.215000', 'AVAILABLE', '2023-06-15 20:15:32.215000', 117, 'e2456b3c-569b3bd7-1a4ba0dd'),
('TtNbNKiWCL', '2023-06-15 20:15:37.036000', 'AVAILABLE', '2023-06-15 20:15:37.036000', 25, '16a02431-8fb9c725-773dfee8'),
('tUcQ0MPzOe', '2023-06-15 20:15:33.601000', 'AVAILABLE', '2023-06-15 20:15:33.601000', 13, '7a92b03b-c28eb91e-33cfad47'),
('TUU06iFCRQ', '2023-06-15 20:15:33.375000', 'AVAILABLE', '2023-06-15 20:15:33.375000', 132, 'b9fb509c-7a9a04d3-ed121498'),
('tv64ECEN7n', '2023-06-15 20:15:37.835000', 'AVAILABLE', '2023-06-15 20:15:37.835000', 95, 'afc99b82-f7de970c-0a8b199f'),
('TVdIW5Lzwc', '2023-06-15 20:04:20.657000', 'AVAILABLE', '2023-06-15 20:04:20.657000', 150, 'ee88b52c-46f88bae-12a2c208'),
('tWBoGjYW2T', '2023-06-15 20:15:31.515000', 'AVAILABLE', '2023-06-15 20:15:31.515000', 134, 'c6b8009f-229c53f8-9c8986c9'),
('TX6iinPZgQ', '2023-06-15 20:15:35.761000', 'AVAILABLE', '2023-06-15 20:15:35.761000', 87, 'a3acc532-b4ef7790-c2dfea3f'),
('txFpuGSSR8', '2023-06-15 20:15:36.484000', 'AVAILABLE', '2023-06-15 20:15:36.484000', 150, 'd58d7610-48cc9183-ce7e5121'),
('txh2p4FuQm', '2023-06-15 20:15:36.352000', 'AVAILABLE', '2023-06-15 20:15:36.352000', 132, 'd58d7610-48cc9183-ce7e5121'),
('tY2DQjxE29', '2023-06-15 20:15:32.620000', 'AVAILABLE', '2023-06-15 20:15:32.620000', 109, 'ea01d571-901a3b58-6ba41284'),
('tY4nsiNqxw', '2023-06-15 20:15:37.428000', 'AVAILABLE', '2023-06-15 20:15:37.428000', 120, 'c0b3bd2f-6b1a1a67-e2e9270f'),
('U2Kx6jYB1N', '2023-06-15 20:15:34.372000', 'AVAILABLE', '2023-06-15 20:15:34.372000', 36, '83a9e5af-823d4066-f8545c66'),
('U3k52p5sU9', '2023-06-15 20:15:37.744000', 'AVAILABLE', '2023-06-15 20:15:37.744000', 81, 'afc99b82-f7de970c-0a8b199f'),
('u3rGPyXQ0v', '2023-06-15 20:15:33.874000', 'AVAILABLE', '2023-06-15 20:15:33.874000', 105, '56cc6688-df8a2e38-2162ed27'),
('u3T1WAzJ1m', '2023-06-15 20:15:35.321000', 'AVAILABLE', '2023-06-15 20:15:35.321000', 103, '9ffe64a9-0e43f7fe-27c9cb68'),
('U6eV0ERlH0', '2023-06-15 20:15:37.121000', 'AVAILABLE', '2023-06-15 20:15:37.121000', 38, '16a02431-8fb9c725-773dfee8'),
('U7XONSXjBc', '2023-06-15 20:15:32.637000', 'AVAILABLE', '2023-06-15 20:15:32.637000', 112, 'ea01d571-901a3b58-6ba41284'),
('uBUhcPn4nZ', '2023-06-15 20:15:37.992000', 'AVAILABLE', '2023-06-15 20:15:37.992000', 118, 'afc99b82-f7de970c-0a8b199f'),
('udeAbjYJVr', '2023-06-15 20:15:33.223000', 'AVAILABLE', '2023-06-15 20:15:33.223000', 143, '57f477bc-96829428-3d3e4599'),
('uERZHQpoWA', '2023-06-15 20:15:31.519000', 'AVAILABLE', '2023-06-15 20:15:31.519000', 135, 'c6b8009f-229c53f8-9c8986c9'),
('ufU96CnguL', '2023-06-15 20:04:20.669000', 'AVAILABLE', '2023-06-15 20:04:20.669000', 153, 'ee88b52c-46f88bae-12a2c208'),
('uFvqai5rmZ', '2023-06-15 20:15:36.213000', 'AVAILABLE', '2023-06-15 20:15:36.213000', 155, '42a849ad-22d6499b-116bd748'),
('UI9IPLagFD', '2023-06-15 20:15:37.928000', 'AVAILABLE', '2023-06-15 20:15:37.928000', 109, 'afc99b82-f7de970c-0a8b199f'),
('UIFBt6jW1t', '2023-06-15 20:15:36.420000', 'AVAILABLE', '2023-06-15 20:15:36.420000', 141, 'd58d7610-48cc9183-ce7e5121'),
('uISb8qTLjU', '2023-06-15 20:15:38.343000', 'AVAILABLE', '2023-06-15 20:15:38.343000', 5, '360453d5-7bb9a652-2e16222e'),
('UjzQ4tD301', '2023-06-15 20:15:33.932000', 'AVAILABLE', '2023-06-15 20:15:33.932000', 116, '56cc6688-df8a2e38-2162ed27'),
('UkKnObK8aO', '2023-06-15 20:15:34.556000', 'AVAILABLE', '2023-06-15 20:15:34.556000', 143, '6d108104-3a6fa3d7-c2d533e3'),
('ULVwuIu36s', '2023-06-15 20:15:38.974000', 'AVAILABLE', '2023-06-15 20:15:38.974000', 7, 'b178a981-0a3a2d5a-fdb64525'),
('Um2cqirLKI', '2023-06-15 20:15:35.517000', 'AVAILABLE', '2023-06-15 20:15:35.517000', 129, '70cd8618-93e95219-67e18b87'),
('uMpYbdPvuX', '2023-06-15 20:15:38.728000', 'AVAILABLE', '2023-06-15 20:15:38.728000', 134, '4e4cf96e-1acaaad4-63ccd759'),
('UOhNDjbsVw', '2023-06-15 20:15:32.110000', 'AVAILABLE', '2023-06-15 20:15:32.110000', 95, 'e2456b3c-569b3bd7-1a4ba0dd'),
('Up9NXcHqAt', '2023-06-15 20:15:38.534000', 'AVAILABLE', '2023-06-15 20:15:38.534000', 29, '360453d5-7bb9a652-2e16222e'),
('UPQ3wENxn4', '2023-06-15 20:15:34.285000', 'AVAILABLE', '2023-06-15 20:15:34.285000', 20, '83a9e5af-823d4066-f8545c66'),
('urAwHmT1jv', '2023-06-15 20:15:32.632000', 'AVAILABLE', '2023-06-15 20:15:32.632000', 111, 'ea01d571-901a3b58-6ba41284'),
('urLZJWZ7Su', '2023-06-15 20:15:33.557000', 'AVAILABLE', '2023-06-15 20:15:33.557000', 4, '7a92b03b-c28eb91e-33cfad47'),
('us7Blyf8VA', '2023-06-15 20:15:34.513000', 'AVAILABLE', '2023-06-15 20:15:34.513000', 136, '6d108104-3a6fa3d7-c2d533e3'),
('UTD2hKFj3y', '2023-06-15 20:15:34.479000', 'AVAILABLE', '2023-06-15 20:15:34.479000', 131, '6d108104-3a6fa3d7-c2d533e3'),
('utO0xknoM2', '2023-06-15 20:15:31.749000', 'AVAILABLE', '2023-06-15 20:15:31.749000', 63, '433236f1-68829139-724b58a8'),
('Uu0Bx8wPeo', '2023-06-15 20:15:33.464000', 'AVAILABLE', '2023-06-15 20:15:33.464000', 148, 'b9fb509c-7a9a04d3-ed121498'),
('UugCvgyR9H', '2023-06-15 20:04:20.673000', 'AVAILABLE', '2023-06-15 20:04:20.673000', 154, 'ee88b52c-46f88bae-12a2c208'),
('uuoFpph5Ck', '2023-06-15 20:15:35.678000', 'AVAILABLE', '2023-06-15 20:15:35.678000', 155, '70cd8618-93e95219-67e18b87'),
('UWk9fkgkY8', '2023-06-15 20:15:32.722000', 'AVAILABLE', '2023-06-15 20:15:32.722000', 45, 'aadd4aec-f8456853-aac62184'),
('uWYquXYUgo', '2023-06-15 20:15:32.168000', 'AVAILABLE', '2023-06-15 20:15:32.168000', 107, 'e2456b3c-569b3bd7-1a4ba0dd'),
('uxC8MHP0jw', '2023-06-15 20:15:38.966000', 'AVAILABLE', '2023-06-15 20:15:38.966000', 6, 'b178a981-0a3a2d5a-fdb64525'),
('UYKYNFv4CC', '2023-06-15 20:15:32.484000', 'AVAILABLE', '2023-06-15 20:15:32.484000', 84, 'ea01d571-901a3b58-6ba41284'),
('UZksGmtCZd', '2023-06-15 20:15:39.140000', 'AVAILABLE', '2023-06-15 20:15:39.140000', 29, 'b178a981-0a3a2d5a-fdb64525'),
('V0F3PjvNRt', '2023-06-15 20:15:33.806000', 'AVAILABLE', '2023-06-15 20:15:33.806000', 91, '56cc6688-df8a2e38-2162ed27'),
('V1PwXqNXx5', '2023-06-15 20:15:37.390000', 'AVAILABLE', '2023-06-15 20:15:37.390000', 114, 'c0b3bd2f-6b1a1a67-e2e9270f'),
('v3fYW8L14r', '2023-06-15 20:15:34.171000', 'AVAILABLE', '2023-06-15 20:15:34.171000', 80, '69b61741-856ca4cc-32c91a7b'),
('V5bUWALD4j', '2023-06-15 20:15:32.154000', 'AVAILABLE', '2023-06-15 20:15:32.154000', 104, 'e2456b3c-569b3bd7-1a4ba0dd'),
('V5hPbaux4N', '2023-06-15 20:04:20.558000', 'AVAILABLE', '2023-06-15 20:04:20.558000', 127, 'ee88b52c-46f88bae-12a2c208'),
('V5TQdeMyfD', '2023-06-15 20:15:38.706000', 'AVAILABLE', '2023-06-15 20:15:38.706000', 131, '4e4cf96e-1acaaad4-63ccd759'),
('v5z1jnqPB6', '2023-06-15 20:15:39.078000', 'AVAILABLE', '2023-06-15 20:15:39.078000', 21, 'b178a981-0a3a2d5a-fdb64525'),
('V6s7tygUMB', '2023-06-15 20:15:38.408000', 'AVAILABLE', '2023-06-15 20:15:38.408000', 14, '360453d5-7bb9a652-2e16222e'),
('V7ZMQ3F1CL', '2023-06-15 20:15:34.000000', 'AVAILABLE', '2023-06-15 20:15:34.000000', 47, '69b61741-856ca4cc-32c91a7b'),
('V8rj4wGwuF', '2023-06-15 20:15:36.021000', 'AVAILABLE', '2023-06-15 20:15:36.021000', 128, '42a849ad-22d6499b-116bd748'),
('vaGDgwE7JZ', '2023-06-15 20:15:33.417000', 'AVAILABLE', '2023-06-15 20:15:33.417000', 140, 'b9fb509c-7a9a04d3-ed121498'),
('vawTx1QqgB', '2023-06-15 20:15:32.172000', 'AVAILABLE', '2023-06-15 20:15:32.172000', 108, 'e2456b3c-569b3bd7-1a4ba0dd'),
('vAZzXWFlm8', '2023-06-15 20:15:34.213000', 'AVAILABLE', '2023-06-15 20:15:34.213000', 7, '83a9e5af-823d4066-f8545c66'),
('vBccm37D9J', '2023-06-15 20:15:32.765000', 'AVAILABLE', '2023-06-15 20:15:32.765000', 53, 'aadd4aec-f8456853-aac62184'),
('VBiSv9RRHM', '2023-06-15 20:15:35.344000', 'AVAILABLE', '2023-06-15 20:15:35.344000', 107, '9ffe64a9-0e43f7fe-27c9cb68'),
('vek3wNDbmF', '2023-06-15 20:15:33.948000', 'AVAILABLE', '2023-06-15 20:15:33.948000', 119, '56cc6688-df8a2e38-2162ed27'),
('VeOw3EbdPr', '2023-06-15 20:15:32.489000', 'AVAILABLE', '2023-06-15 20:15:32.489000', 85, 'ea01d571-901a3b58-6ba41284'),
('VFU8v6Fnqo', '2023-06-15 20:15:36.876000', 'AVAILABLE', '2023-06-15 20:15:36.876000', 2, '16a02431-8fb9c725-773dfee8'),
('vgrMLJ19kQ', '2023-06-15 20:15:35.030000', 'AVAILABLE', '2023-06-15 20:15:35.030000', 18, '77b3bac0-12b14306-eab7fb5e'),
('vHv3O2aqil', '2023-06-15 20:15:33.626000', 'AVAILABLE', '2023-06-15 20:15:33.626000', 18, '7a92b03b-c28eb91e-33cfad47'),
('VijbuVFBB5', '2023-06-15 20:15:36.837000', 'AVAILABLE', '2023-06-15 20:15:36.837000', 79, '02d49570-5763c443-0e0e20b9'),
('vIQmWYLrgT', '2023-06-15 20:15:36.845000', 'AVAILABLE', '2023-06-15 20:15:36.845000', 80, '02d49570-5763c443-0e0e20b9'),
('VJ2sqprP81', '2023-06-15 20:15:35.248000', 'AVAILABLE', '2023-06-15 20:15:35.248000', 91, '9ffe64a9-0e43f7fe-27c9cb68'),
('vJLBaebwh9', '2023-06-15 20:15:34.339000', 'AVAILABLE', '2023-06-15 20:15:34.339000', 30, '83a9e5af-823d4066-f8545c66'),
('VmYifdsw07', '2023-06-15 20:15:37.338000', 'AVAILABLE', '2023-06-15 20:15:37.338000', 107, 'c0b3bd2f-6b1a1a67-e2e9270f'),
('Vn9LMpfH46', '2023-06-15 20:15:37.029000', 'AVAILABLE', '2023-06-15 20:15:37.029000', 24, '16a02431-8fb9c725-773dfee8'),
('Vnykt4fdyw', '2023-06-15 20:15:37.964000', 'AVAILABLE', '2023-06-15 20:15:37.964000', 114, 'afc99b82-f7de970c-0a8b199f'),
('vO4VbD4aPJ', '2023-06-15 20:15:38.613000', 'AVAILABLE', '2023-06-15 20:15:38.613000', 40, '360453d5-7bb9a652-2e16222e'),
('VQsPvPqU6t', '2023-06-15 20:15:36.727000', 'AVAILABLE', '2023-06-15 20:15:36.727000', 64, '02d49570-5763c443-0e0e20b9'),
('VrZmJ5xI2u', '2023-06-15 20:15:38.736000', 'AVAILABLE', '2023-06-15 20:15:38.736000', 135, '4e4cf96e-1acaaad4-63ccd759'),
('VSET0xhaon', '2023-06-15 20:15:32.368000', 'AVAILABLE', '2023-06-15 20:15:32.368000', 145, '12fd5981-14b6376b-7f28464a'),
('vSJvcVvXod', '2023-06-15 20:15:31.598000', 'AVAILABLE', '2023-06-15 20:15:31.598000', 150, 'c6b8009f-229c53f8-9c8986c9'),
('vSVIqNig0w', '2023-06-15 20:15:36.040000', 'AVAILABLE', '2023-06-15 20:15:36.040000', 131, '42a849ad-22d6499b-116bd748'),
('vT5zbBqNGc', '2023-06-15 20:15:34.162000', 'AVAILABLE', '2023-06-15 20:15:34.162000', 78, '69b61741-856ca4cc-32c91a7b'),
('VtC3BXS8Xq', '2023-06-15 20:15:31.586000', 'AVAILABLE', '2023-06-15 20:15:31.586000', 147, 'c6b8009f-229c53f8-9c8986c9'),
('vTi3uNhIOf', '2023-06-15 20:15:31.638000', 'AVAILABLE', '2023-06-15 20:15:31.638000', 160, 'c6b8009f-229c53f8-9c8986c9'),
('vU12djXGXj', '2023-06-15 20:15:31.918000', 'AVAILABLE', '2023-06-15 20:15:31.918000', 17, '62565e62-1601caab-91c3347e'),
('VUYlXgWv0k', '2023-06-15 20:15:35.485000', 'AVAILABLE', '2023-06-15 20:15:35.485000', 124, '70cd8618-93e95219-67e18b87'),
('vvIXcOh4qs', '2023-06-15 20:15:38.563000', 'AVAILABLE', '2023-06-15 20:15:38.563000', 33, '360453d5-7bb9a652-2e16222e'),
('VwMHAGZH9c', '2023-06-15 20:15:38.199000', 'AVAILABLE', '2023-06-15 20:15:38.199000', 66, '909fe10f-5c932a32-a276b53d'),
('vwpQNetkTm', '2023-06-15 20:15:34.167000', 'AVAILABLE', '2023-06-15 20:15:34.167000', 79, '69b61741-856ca4cc-32c91a7b'),
('vWsfiwo1EM', '2023-06-15 20:15:32.562000', 'AVAILABLE', '2023-06-15 20:15:32.562000', 98, 'ea01d571-901a3b58-6ba41284'),
('VXkRKg8Zw0', '2023-06-15 20:15:34.209000', 'AVAILABLE', '2023-06-15 20:15:34.209000', 6, '83a9e5af-823d4066-f8545c66'),
('VZDuBdsOJX', '2023-06-15 20:15:36.117000', 'AVAILABLE', '2023-06-15 20:15:36.117000', 141, '42a849ad-22d6499b-116bd748'),
('vzf47x7eak', '2023-06-15 20:15:33.697000', 'AVAILABLE', '2023-06-15 20:15:33.697000', 32, '7a92b03b-c28eb91e-33cfad47'),
('w2YcCFyuum', '2023-06-15 20:15:33.630000', 'AVAILABLE', '2023-06-15 20:15:33.630000', 19, '7a92b03b-c28eb91e-33cfad47'),
('w3mP7m9v7d', '2023-06-15 20:15:35.018000', 'AVAILABLE', '2023-06-15 20:15:35.018000', 16, '77b3bac0-12b14306-eab7fb5e'),
('w3tS1q7GBz', '2023-06-15 20:15:33.651000', 'AVAILABLE', '2023-06-15 20:15:33.651000', 23, '7a92b03b-c28eb91e-33cfad47'),
('w4yMvh5AOa', '2023-06-15 20:15:32.283000', 'AVAILABLE', '2023-06-15 20:15:32.283000', 128, '12fd5981-14b6376b-7f28464a'),
('w750a5IWdB', '2023-06-15 20:15:34.186000', 'AVAILABLE', '2023-06-15 20:15:34.186000', 1, '83a9e5af-823d4066-f8545c66'),
('wA6vtXp7L9', '2023-06-15 20:15:32.609000', 'AVAILABLE', '2023-06-15 20:15:32.609000', 107, 'ea01d571-901a3b58-6ba41284'),
('WAlBXlrdtD', '2023-06-15 20:15:37.935000', 'AVAILABLE', '2023-06-15 20:15:37.935000', 110, 'afc99b82-f7de970c-0a8b199f'),
('WB1NuwXiXA', '2023-06-15 20:15:37.790000', 'AVAILABLE', '2023-06-15 20:15:37.790000', 88, 'afc99b82-f7de970c-0a8b199f'),
('Wc73KQAYlP', '2023-06-15 20:15:36.241000', 'AVAILABLE', '2023-06-15 20:15:36.241000', 159, '42a849ad-22d6499b-116bd748'),
('WCB6YqYKy3', '2023-06-15 20:15:38.276000', 'AVAILABLE', '2023-06-15 20:15:38.276000', 77, '909fe10f-5c932a32-a276b53d'),
('wdcMotgyZv', '2023-06-15 20:15:39.177000', 'AVAILABLE', '2023-06-15 20:15:39.177000', 34, 'b178a981-0a3a2d5a-fdb64525'),
('wDkuR4zoXy', '2023-06-15 20:15:34.414000', 'AVAILABLE', '2023-06-15 20:15:34.414000', 121, '6d108104-3a6fa3d7-c2d533e3'),
('wE3p6vJM6S', '2023-06-15 20:15:34.561000', 'AVAILABLE', '2023-06-15 20:15:34.561000', 144, '6d108104-3a6fa3d7-c2d533e3'),
('Wejsz0xFi1', '2023-06-15 20:15:33.526000', 'AVAILABLE', '2023-06-15 20:15:33.526000', 160, 'b9fb509c-7a9a04d3-ed121498'),
('wENfAVGhx4', '2023-06-15 20:15:33.411000', 'AVAILABLE', '2023-06-15 20:15:33.411000', 139, 'b9fb509c-7a9a04d3-ed121498'),
('WH7M1b2UKn', '2023-06-15 20:04:20.606000', 'AVAILABLE', '2023-06-15 20:04:20.606000', 138, 'ee88b52c-46f88bae-12a2c208'),
('WIkyEVauUZ', '2023-06-15 20:15:39.045000', 'AVAILABLE', '2023-06-15 20:15:39.045000', 17, 'b178a981-0a3a2d5a-fdb64525'),
('wjkLrHBk5A', '2023-06-15 20:15:36.075000', 'AVAILABLE', '2023-06-15 20:15:36.075000', 136, '42a849ad-22d6499b-116bd748'),
('wkhZ1s9xsn', '2023-06-15 20:15:38.809000', 'AVAILABLE', '2023-06-15 20:15:38.809000', 145, '4e4cf96e-1acaaad4-63ccd759'),
('WKpUpAI4a6', '2023-06-15 20:15:35.230000', 'AVAILABLE', '2023-06-15 20:15:35.230000', 88, '9ffe64a9-0e43f7fe-27c9cb68'),
('WLc1pkFRBG', '2023-06-15 20:15:31.715000', 'AVAILABLE', '2023-06-15 20:15:31.715000', 55, '433236f1-68829139-724b58a8'),
('WlFKhidGgY', '2023-06-15 20:15:38.178000', 'AVAILABLE', '2023-06-15 20:15:38.178000', 63, '909fe10f-5c932a32-a276b53d'),
('wlGkuxTELs', '2023-06-15 20:15:38.474000', 'AVAILABLE', '2023-06-15 20:15:38.474000', 22, '360453d5-7bb9a652-2e16222e'),
('wLsvF8MJgf', '2023-06-15 20:15:32.540000', 'AVAILABLE', '2023-06-15 20:15:32.540000', 94, 'ea01d571-901a3b58-6ba41284'),
('wlTgqADJqN', '2023-06-15 20:15:36.941000', 'AVAILABLE', '2023-06-15 20:15:36.941000', 12, '16a02431-8fb9c725-773dfee8'),
('WLxe98VNi1', '2023-06-15 20:15:36.831000', 'AVAILABLE', '2023-06-15 20:15:36.831000', 78, '02d49570-5763c443-0e0e20b9'),
('Wmq8OYkbg1', '2023-06-15 20:15:32.711000', 'AVAILABLE', '2023-06-15 20:15:32.711000', 43, 'aadd4aec-f8456853-aac62184'),
('Wn677fqy3s', '2023-06-15 20:15:32.059000', 'AVAILABLE', '2023-06-15 20:15:32.059000', 84, 'e2456b3c-569b3bd7-1a4ba0dd'),
('Wn9jiIyX04', '2023-06-15 20:15:37.351000', 'AVAILABLE', '2023-06-15 20:15:37.351000', 109, 'c0b3bd2f-6b1a1a67-e2e9270f'),
('wNcJY65aQk', '2023-06-15 20:15:32.792000', 'AVAILABLE', '2023-06-15 20:15:32.792000', 58, 'aadd4aec-f8456853-aac62184'),
('wNREdpTjAe', '2023-06-15 20:15:37.204000', 'AVAILABLE', '2023-06-15 20:15:37.204000', 88, 'c0b3bd2f-6b1a1a67-e2e9270f'),
('wpqX84hBFK', '2023-06-15 20:15:32.588000', 'AVAILABLE', '2023-06-15 20:15:32.588000', 103, 'ea01d571-901a3b58-6ba41284'),
('wqSE9A83ZR', '2023-06-15 20:15:37.623000', 'AVAILABLE', '2023-06-15 20:15:37.623000', 145, 'fce15157-7ed50e6c-02bb8d91'),
('Wqwpxx21pj', '2023-06-15 20:15:32.517000', 'AVAILABLE', '2023-06-15 20:15:32.517000', 90, 'ea01d571-901a3b58-6ba41284'),
('wTcTYjyWIe', '2023-06-15 20:15:33.854000', 'AVAILABLE', '2023-06-15 20:15:33.854000', 101, '56cc6688-df8a2e38-2162ed27'),
('WUu1KlH2B7', '2023-06-15 20:15:34.648000', 'AVAILABLE', '2023-06-15 20:15:34.648000', 159, '6d108104-3a6fa3d7-c2d533e3'),
('wV2dxqj6by', '2023-06-15 20:15:32.130000', 'AVAILABLE', '2023-06-15 20:15:32.130000', 99, 'e2456b3c-569b3bd7-1a4ba0dd'),
('wvqA0Zsgg7', '2023-06-15 20:15:37.211000', 'AVAILABLE', '2023-06-15 20:15:37.211000', 89, 'c0b3bd2f-6b1a1a67-e2e9270f'),
('wwjv5Ln4fs', '2023-06-15 20:15:38.570000', 'AVAILABLE', '2023-06-15 20:15:38.570000', 34, '360453d5-7bb9a652-2e16222e'),
('wxc9vUIfUB', '2023-06-15 20:15:36.172000', 'AVAILABLE', '2023-06-15 20:15:36.172000', 149, '42a849ad-22d6499b-116bd748'),
('X0xmx87XgL', '2023-06-15 20:15:38.065000', 'AVAILABLE', '2023-06-15 20:15:38.065000', 47, '909fe10f-5c932a32-a276b53d'),
('X2sAZzAjkx', '2023-06-15 20:15:32.817000', 'AVAILABLE', '2023-06-15 20:15:32.817000', 63, 'aadd4aec-f8456853-aac62184'),
('X3mCy8ZNEC', '2023-06-15 20:15:33.380000', 'AVAILABLE', '2023-06-15 20:15:33.380000', 133, 'b9fb509c-7a9a04d3-ed121498'),
('XBbDLtIlqS', '2023-06-15 20:15:32.066000', 'AVAILABLE', '2023-06-15 20:15:32.066000', 86, 'e2456b3c-569b3bd7-1a4ba0dd'),
('xbL3RfNRWb', '2023-06-15 20:15:35.824000', 'AVAILABLE', '2023-06-15 20:15:35.824000', 98, 'a3acc532-b4ef7790-c2dfea3f'),
('xcCnkSKogZ', '2023-06-15 20:15:35.402000', 'AVAILABLE', '2023-06-15 20:15:35.402000', 116, '9ffe64a9-0e43f7fe-27c9cb68'),
('xcXjyCjY9t', '2023-06-15 20:15:31.894000', 'AVAILABLE', '2023-06-15 20:15:31.894000', 12, '62565e62-1601caab-91c3347e'),
('xDNj7yG95Z', '2023-06-15 20:15:38.143000', 'AVAILABLE', '2023-06-15 20:15:38.143000', 58, '909fe10f-5c932a32-a276b53d'),
('xEwXKQIGlD', '2023-06-15 20:15:31.469000', 'AVAILABLE', '2023-06-15 20:15:31.469000', 125, 'c6b8009f-229c53f8-9c8986c9'),
('xFD9xlE8gV', '2023-06-15 20:15:32.196000', 'AVAILABLE', '2023-06-15 20:15:32.196000', 113, 'e2456b3c-569b3bd7-1a4ba0dd'),
('xGFLZDE7vK', '2023-06-15 20:15:31.553000', 'AVAILABLE', '2023-06-15 20:15:31.553000', 140, 'c6b8009f-229c53f8-9c8986c9'),
('XgR3unjT2I', '2023-06-15 20:15:36.399000', 'AVAILABLE', '2023-06-15 20:15:36.399000', 138, 'd58d7610-48cc9183-ce7e5121'),
('XhepSTYyVJ', '2023-06-15 20:15:35.774000', 'AVAILABLE', '2023-06-15 20:15:35.774000', 89, 'a3acc532-b4ef7790-c2dfea3f'),
('XhKDAlIKXu', '2023-06-15 20:15:33.728000', 'AVAILABLE', '2023-06-15 20:15:33.728000', 38, '7a92b03b-c28eb91e-33cfad47'),
('Xj7izt5OjQ', '2023-06-15 20:15:37.650000', 'AVAILABLE', '2023-06-15 20:15:37.650000', 149, 'fce15157-7ed50e6c-02bb8d91'),
('XJgogPattE', '2023-06-15 20:15:31.461000', 'AVAILABLE', '2023-06-15 20:15:31.461000', 124, 'c6b8009f-229c53f8-9c8986c9'),
('xKOQY8YAiY', '2023-06-15 20:15:33.054000', 'AVAILABLE', '2023-06-15 20:15:33.054000', 30, '53be5f2b-45e36235-5cd210b3'),
('Xl49PAbe81', '2023-06-15 20:15:38.192000', 'AVAILABLE', '2023-06-15 20:15:38.192000', 65, '909fe10f-5c932a32-a276b53d'),
('XleXoeI4ZZ', '2023-06-15 20:15:36.144000', 'AVAILABLE', '2023-06-15 20:15:36.144000', 145, '42a849ad-22d6499b-116bd748'),
('xLkuypohCf', '2023-06-15 20:15:34.280000', 'AVAILABLE', '2023-06-15 20:15:34.280000', 19, '83a9e5af-823d4066-f8545c66'),
('XMORUQzRfS', '2023-06-15 20:15:35.207000', 'AVAILABLE', '2023-06-15 20:15:35.207000', 84, '9ffe64a9-0e43f7fe-27c9cb68'),
('XMyDDcatut', '2023-06-15 20:15:33.268000', 'AVAILABLE', '2023-06-15 20:15:33.268000', 152, '57f477bc-96829428-3d3e4599'),
('xNwTYZzWBT', '2023-06-15 20:15:35.848000', 'AVAILABLE', '2023-06-15 20:15:35.848000', 102, 'a3acc532-b4ef7790-c2dfea3f'),
('xO3q3z7Dm7', '2023-06-15 20:15:33.691000', 'AVAILABLE', '2023-06-15 20:15:33.691000', 31, '7a92b03b-c28eb91e-33cfad47'),
('xpmcrwZdPT', '2023-06-15 20:15:37.003000', 'AVAILABLE', '2023-06-15 20:15:37.003000', 21, '16a02431-8fb9c725-773dfee8'),
('Xpv2fOrUZX', '2023-06-15 20:15:31.800000', 'AVAILABLE', '2023-06-15 20:15:31.800000', 75, '433236f1-68829139-724b58a8'),
('XR7xVJ6R3W', '2023-06-15 20:15:33.335000', 'AVAILABLE', '2023-06-15 20:15:33.335000', 123, 'b9fb509c-7a9a04d3-ed121498'),
('XrWon3wACS', '2023-06-15 20:15:37.266000', 'AVAILABLE', '2023-06-15 20:15:37.266000', 97, 'c0b3bd2f-6b1a1a67-e2e9270f'),
('XSRoP2ZiU7', '2023-06-15 20:15:34.098000', 'AVAILABLE', '2023-06-15 20:15:34.098000', 65, '69b61741-856ca4cc-32c91a7b'),
('XSYOdn5DFJ', '2023-06-15 20:15:31.923000', 'AVAILABLE', '2023-06-15 20:15:31.923000', 18, '62565e62-1601caab-91c3347e'),
('xtaWB1RRYJ', '2023-06-15 20:15:31.577000', 'AVAILABLE', '2023-06-15 20:15:31.577000', 145, 'c6b8009f-229c53f8-9c8986c9'),
('XTDRkMRSpW', '2023-06-15 20:15:36.948000', 'AVAILABLE', '2023-06-15 20:15:36.948000', 13, '16a02431-8fb9c725-773dfee8'),
('XUbsbYONe6', '2023-06-15 20:15:33.287000', 'AVAILABLE', '2023-06-15 20:15:33.287000', 156, '57f477bc-96829428-3d3e4599'),
('XUpM0kxaDl', '2023-06-15 20:15:35.779000', 'AVAILABLE', '2023-06-15 20:15:35.779000', 90, 'a3acc532-b4ef7790-c2dfea3f'),
('xux3DsFsi2', '2023-06-15 20:15:34.993000', 'AVAILABLE', '2023-06-15 20:15:34.993000', 12, '77b3bac0-12b14306-eab7fb5e'),
('XvdKv5mGX1', '2023-06-15 20:15:38.023000', 'AVAILABLE', '2023-06-15 20:15:38.023000', 41, '909fe10f-5c932a32-a276b53d'),
('xvqRRwKrJ5', '2023-06-15 20:15:34.233000', 'AVAILABLE', '2023-06-15 20:15:34.233000', 11, '83a9e5af-823d4066-f8545c66'),
('XXE2fGxJyS', '2023-06-15 20:15:36.969000', 'AVAILABLE', '2023-06-15 20:15:36.969000', 16, '16a02431-8fb9c725-773dfee8'),
('xXfk1zTHf7', '2023-06-15 20:15:34.255000', 'AVAILABLE', '2023-06-15 20:15:34.255000', 15, '83a9e5af-823d4066-f8545c66'),
('XxFQoIuifx', '2023-06-15 20:15:35.285000', 'AVAILABLE', '2023-06-15 20:15:35.285000', 97, '9ffe64a9-0e43f7fe-27c9cb68'),
('xxkl9zlBjS', '2023-06-15 20:15:37.841000', 'AVAILABLE', '2023-06-15 20:15:37.841000', 96, 'afc99b82-f7de970c-0a8b199f'),
('XxLB19dTR0', '2023-06-15 20:15:37.643000', 'AVAILABLE', '2023-06-15 20:15:37.643000', 148, 'fce15157-7ed50e6c-02bb8d91'),
('xyfcUPTq85', '2023-06-15 20:15:32.649000', 'AVAILABLE', '2023-06-15 20:15:32.649000', 114, 'ea01d571-901a3b58-6ba41284'),
('xYUwhaW16Y', '2023-06-15 20:15:32.892000', 'AVAILABLE', '2023-06-15 20:15:32.892000', 78, 'aadd4aec-f8456853-aac62184'),
('XzD8D9pY2R', '2023-06-15 20:04:20.540000', 'AVAILABLE', '2023-06-15 20:04:20.540000', 124, 'ee88b52c-46f88bae-12a2c208'),
('Y0VHEqnTVw', '2023-06-15 20:15:33.185000', 'AVAILABLE', '2023-06-15 20:15:33.185000', 135, '57f477bc-96829428-3d3e4599'),
('y0VU70NLHs', '2023-06-15 20:15:33.082000', 'AVAILABLE', '2023-06-15 20:15:33.082000', 36, '53be5f2b-45e36235-5cd210b3'),
('Y20jhciG3F', '2023-06-15 20:15:33.621000', 'AVAILABLE', '2023-06-15 20:15:33.621000', 17, '7a92b03b-c28eb91e-33cfad47'),
('y298YR29La', '2023-06-15 20:15:33.879000', 'AVAILABLE', '2023-06-15 20:15:33.879000', 106, '56cc6688-df8a2e38-2162ed27'),
('Y2gdtE9nmC', '2023-06-15 20:15:35.072000', 'AVAILABLE', '2023-06-15 20:15:35.072000', 24, '77b3bac0-12b14306-eab7fb5e'),
('y3P5ZVq002', '2023-06-15 20:04:20.577000', 'AVAILABLE', '2023-06-15 20:04:20.577000', 131, 'ee88b52c-46f88bae-12a2c208'),
('y3PkBavjwB', '2023-06-15 20:15:34.905000', 'AVAILABLE', '2023-06-15 20:15:34.905000', 80, 'a8c75739-892d563b-33c04143'),
('Y5x4S2FoZQ', '2023-06-15 20:04:20.590000', 'AVAILABLE', '2023-06-15 20:04:20.590000', 134, 'ee88b52c-46f88bae-12a2c208'),
('Y6C2F3Du4K', '2023-06-15 20:15:34.425000', 'AVAILABLE', '2023-06-15 20:15:34.425000', 123, '6d108104-3a6fa3d7-c2d533e3'),
('Y9kmiZcR1k', '2023-06-15 20:15:34.118000', 'AVAILABLE', '2023-06-15 20:15:34.118000', 69, '69b61741-856ca4cc-32c91a7b'),
('YaN7GDESQq', '2023-06-15 20:15:38.952000', 'AVAILABLE', '2023-06-15 20:15:38.952000', 4, 'b178a981-0a3a2d5a-fdb64525'),
('yaodLvqpTB', '2023-06-15 20:15:37.908000', 'AVAILABLE', '2023-06-15 20:15:37.908000', 106, 'afc99b82-f7de970c-0a8b199f'),
('YB4alkTsBo', '2023-06-15 20:15:31.548000', 'AVAILABLE', '2023-06-15 20:15:31.548000', 139, 'c6b8009f-229c53f8-9c8986c9'),
('yB78etxEPC', '2023-06-15 20:15:38.269000', 'AVAILABLE', '2023-06-15 20:15:38.269000', 76, '909fe10f-5c932a32-a276b53d'),
('YbOgLxXpts', '2023-06-15 20:15:35.558000', 'AVAILABLE', '2023-06-15 20:15:35.558000', 136, '70cd8618-93e95219-67e18b87'),
('yc7ZSas2Zy', '2023-06-15 20:15:35.797000', 'AVAILABLE', '2023-06-15 20:15:35.797000', 93, 'a3acc532-b4ef7790-c2dfea3f'),
('YcJThzyPSV', '2023-06-15 20:15:37.176000', 'AVAILABLE', '2023-06-15 20:15:37.176000', 84, 'c0b3bd2f-6b1a1a67-e2e9270f'),
('YehTrE1WtM', '2023-06-15 20:15:37.797000', 'AVAILABLE', '2023-06-15 20:15:37.797000', 89, 'afc99b82-f7de970c-0a8b199f'),
('YEliX5sH5m', '2023-06-15 20:15:37.245000', 'AVAILABLE', '2023-06-15 20:15:37.245000', 94, 'c0b3bd2f-6b1a1a67-e2e9270f'),
('YetB8g8jOP', '2023-06-15 20:15:35.565000', 'AVAILABLE', '2023-06-15 20:15:35.565000', 137, '70cd8618-93e95219-67e18b87'),
('YgH5lok0Of', '2023-06-15 20:15:31.510000', 'AVAILABLE', '2023-06-15 20:15:31.510000', 133, 'c6b8009f-229c53f8-9c8986c9'),
('YIkJ6rWLWa', '2023-06-15 20:15:32.144000', 'AVAILABLE', '2023-06-15 20:15:32.144000', 102, 'e2456b3c-569b3bd7-1a4ba0dd'),
('YilsdK3Jit', '2023-06-15 20:15:31.441000', 'AVAILABLE', '2023-06-15 20:15:31.441000', 121, 'c6b8009f-229c53f8-9c8986c9'),
('yIu4Kio8B7', '2023-06-15 20:15:34.687000', 'AVAILABLE', '2023-06-15 20:15:34.687000', 46, 'a8c75739-892d563b-33c04143'),
('yJzPEoOFNF', '2023-06-15 20:15:38.296000', 'AVAILABLE', '2023-06-15 20:15:38.296000', 80, '909fe10f-5c932a32-a276b53d'),
('YkUGHQs01l', '2023-06-15 20:15:34.355000', 'AVAILABLE', '2023-06-15 20:15:34.355000', 33, '83a9e5af-823d4066-f8545c66'),
('YkZmbpzD0d', '2023-06-15 20:15:32.545000', 'AVAILABLE', '2023-06-15 20:15:32.545000', 95, 'ea01d571-901a3b58-6ba41284'),
('YKzy3ZGBMK', '2023-06-15 20:15:38.685000', 'AVAILABLE', '2023-06-15 20:15:38.685000', 128, '4e4cf96e-1acaaad4-63ccd759'),
('Yl2LC7c7lA', '2023-06-15 20:15:33.490000', 'AVAILABLE', '2023-06-15 20:15:33.490000', 153, 'b9fb509c-7a9a04d3-ed121498'),
('ylDSnOMBSc', '2023-06-15 20:15:37.288000', 'AVAILABLE', '2023-06-15 20:15:37.288000', 100, 'c0b3bd2f-6b1a1a67-e2e9270f'),
('YlSTZEyLdz', '2023-06-15 20:15:35.529000', 'AVAILABLE', '2023-06-15 20:15:35.529000', 131, '70cd8618-93e95219-67e18b87'),
('YmmvTzj9do', '2023-06-15 20:15:35.635000', 'AVAILABLE', '2023-06-15 20:15:35.635000', 149, '70cd8618-93e95219-67e18b87'),
('YmUZ2O5C1j', '2023-06-15 20:04:20.519000', 'AVAILABLE', '2023-06-15 20:04:20.519000', 121, 'ee88b52c-46f88bae-12a2c208'),
('ymY9skuw74', '2023-06-15 20:15:35.744000', 'AVAILABLE', '2023-06-15 20:15:35.744000', 84, 'a3acc532-b4ef7790-c2dfea3f'),
('yN8l74Dep8', '2023-06-15 20:15:31.669000', 'AVAILABLE', '2023-06-15 20:15:31.669000', 44, '433236f1-68829139-724b58a8'),
('yNEZ0CzR2D', '2023-06-15 20:15:35.665000', 'AVAILABLE', '2023-06-15 20:15:35.665000', 153, '70cd8618-93e95219-67e18b87'),
('YnFoA60aZj', '2023-06-15 20:15:33.021000', 'AVAILABLE', '2023-06-15 20:15:33.021000', 23, '53be5f2b-45e36235-5cd210b3'),
('yNjsW9SuWd', '2023-06-15 20:15:34.025000', 'AVAILABLE', '2023-06-15 20:15:34.025000', 52, '69b61741-856ca4cc-32c91a7b'),
('yoNAIt73Fq', '2023-06-15 20:15:33.975000', 'AVAILABLE', '2023-06-15 20:15:33.975000', 42, '69b61741-856ca4cc-32c91a7b'),
('ypjWGTtN6E', '2023-06-15 20:15:32.507000', 'AVAILABLE', '2023-06-15 20:15:32.507000', 88, 'ea01d571-901a3b58-6ba41284'),
('YpsxDStZIw', '2023-06-15 20:04:20.647000', 'AVAILABLE', '2023-06-15 20:04:20.647000', 148, 'ee88b52c-46f88bae-12a2c208');
INSERT INTO `show_seat` (`id`, `create_at`, `status`, `update_at`, `cinema_seat_id`, `show_id`) VALUES
('yQFMPFMkfA', '2023-06-15 20:15:36.582000', 'AVAILABLE', '2023-06-15 20:15:36.582000', 43, '02d49570-5763c443-0e0e20b9'),
('ysAD9sZywy', '2023-06-15 20:15:34.654000', 'AVAILABLE', '2023-06-15 20:15:34.654000', 160, '6d108104-3a6fa3d7-c2d533e3'),
('ysnWpHPiNh', '2023-06-15 20:15:36.713000', 'AVAILABLE', '2023-06-15 20:15:36.713000', 62, '02d49570-5763c443-0e0e20b9'),
('YtllstgaU2', '2023-06-15 20:15:34.959000', 'AVAILABLE', '2023-06-15 20:15:34.959000', 7, '77b3bac0-12b14306-eab7fb5e'),
('yvdTH6UT2q', '2023-06-15 20:15:34.005000', 'AVAILABLE', '2023-06-15 20:15:34.005000', 48, '69b61741-856ca4cc-32c91a7b'),
('YWLUWE8vdB', '2023-06-15 20:15:33.237000', 'AVAILABLE', '2023-06-15 20:15:33.237000', 146, '57f477bc-96829428-3d3e4599'),
('yX1lDrnzix', '2023-06-15 20:15:35.123000', 'AVAILABLE', '2023-06-15 20:15:35.123000', 32, '77b3bac0-12b14306-eab7fb5e'),
('YxG9fhf916', '2023-06-15 20:15:37.114000', 'AVAILABLE', '2023-06-15 20:15:37.114000', 37, '16a02431-8fb9c725-773dfee8'),
('yXw6ZZiWoV', '2023-06-15 20:15:37.888000', 'AVAILABLE', '2023-06-15 20:15:37.888000', 103, 'afc99b82-f7de970c-0a8b199f'),
('yY3BDiwUh1', '2023-06-15 20:15:32.582000', 'AVAILABLE', '2023-06-15 20:15:32.582000', 102, 'ea01d571-901a3b58-6ba41284'),
('yZwy9HCQAo', '2023-06-15 20:15:37.409000', 'AVAILABLE', '2023-06-15 20:15:37.409000', 117, 'c0b3bd2f-6b1a1a67-e2e9270f'),
('Z19teC48oy', '2023-06-15 20:15:33.501000', 'AVAILABLE', '2023-06-15 20:15:33.501000', 155, 'b9fb509c-7a9a04d3-ed121498'),
('Z1UZUG83z4', '2023-06-15 20:15:36.883000', 'AVAILABLE', '2023-06-15 20:15:36.883000', 3, '16a02431-8fb9c725-773dfee8'),
('z3ots9WTCE', '2023-06-15 20:15:31.908000', 'AVAILABLE', '2023-06-15 20:15:31.908000', 15, '62565e62-1601caab-91c3347e'),
('Z5hNGio3qz', '2023-06-15 20:15:35.641000', 'AVAILABLE', '2023-06-15 20:15:35.641000', 150, '70cd8618-93e95219-67e18b87'),
('z68k8IMTgr', '2023-06-15 20:15:37.595000', 'AVAILABLE', '2023-06-15 20:15:37.595000', 141, 'fce15157-7ed50e6c-02bb8d91'),
('Z7ujs9hTbv', '2023-06-15 20:15:32.961000', 'AVAILABLE', '2023-06-15 20:15:32.961000', 10, '53be5f2b-45e36235-5cd210b3'),
('z87kBvJTAA', '2023-06-15 20:15:34.873000', 'AVAILABLE', '2023-06-15 20:15:34.873000', 74, 'a8c75739-892d563b-33c04143'),
('zANQycN7UQ', '2023-06-15 20:15:33.616000', 'AVAILABLE', '2023-06-15 20:15:33.616000', 16, '7a92b03b-c28eb91e-33cfad47'),
('Zb26qMc1wD', '2023-06-15 20:15:37.016000', 'AVAILABLE', '2023-06-15 20:15:37.016000', 22, '16a02431-8fb9c725-773dfee8'),
('ZbjBglNh0b', '2023-06-15 20:15:35.830000', 'AVAILABLE', '2023-06-15 20:15:35.830000', 99, 'a3acc532-b4ef7790-c2dfea3f'),
('ZbZyrFAyW6', '2023-06-15 20:15:37.822000', 'AVAILABLE', '2023-06-15 20:15:37.822000', 93, 'afc99b82-f7de970c-0a8b199f'),
('zccLdkErmY', '2023-06-15 20:15:33.215000', 'AVAILABLE', '2023-06-15 20:15:33.215000', 141, '57f477bc-96829428-3d3e4599'),
('ZcQ9WZtiQ1', '2023-06-15 20:15:38.837000', 'AVAILABLE', '2023-06-15 20:15:38.837000', 149, '4e4cf96e-1acaaad4-63ccd759'),
('ZdJaXRsnHC', '2023-06-15 20:15:31.448000', 'AVAILABLE', '2023-06-15 20:15:31.448000', 122, 'c6b8009f-229c53f8-9c8986c9'),
('ZfysLBtLWj', '2023-06-15 20:15:32.786000', 'AVAILABLE', '2023-06-15 20:15:32.786000', 57, 'aadd4aec-f8456853-aac62184'),
('zhIyBKe92O', '2023-06-15 20:04:20.666000', 'AVAILABLE', '2023-06-15 20:04:20.666000', 152, 'ee88b52c-46f88bae-12a2c208'),
('zhLC3cn9RI', '2023-06-15 20:15:35.105000', 'AVAILABLE', '2023-06-15 20:15:35.105000', 29, '77b3bac0-12b14306-eab7fb5e'),
('zKKzLcKyGA', '2023-06-15 20:15:34.889000', 'AVAILABLE', '2023-06-15 20:15:34.889000', 77, 'a8c75739-892d563b-33c04143'),
('zLQZSC7UvP', '2023-06-15 20:15:33.760000', 'AVAILABLE', '2023-06-15 20:15:33.760000', 82, '56cc6688-df8a2e38-2162ed27'),
('zLugKI46Hz', '2023-06-15 20:15:31.843000', 'AVAILABLE', '2023-06-15 20:15:31.843000', 1, '62565e62-1601caab-91c3347e'),
('ZmfsUSvYMS', '2023-06-15 20:15:38.380000', 'AVAILABLE', '2023-06-15 20:15:38.380000', 10, '360453d5-7bb9a652-2e16222e'),
('zmllz9FCoy', '2023-06-15 20:15:34.449000', 'AVAILABLE', '2023-06-15 20:15:34.449000', 127, '6d108104-3a6fa3d7-c2d533e3'),
('zMZkUUuEZl', '2023-06-15 20:15:34.228000', 'AVAILABLE', '2023-06-15 20:15:34.228000', 10, '83a9e5af-823d4066-f8545c66'),
('Zndbr26wlX', '2023-06-15 20:04:20.682000', 'AVAILABLE', '2023-06-15 20:04:20.682000', 156, 'ee88b52c-46f88bae-12a2c208'),
('Zno21tgaLm', '2023-06-15 20:15:33.344000', 'AVAILABLE', '2023-06-15 20:15:33.344000', 125, 'b9fb509c-7a9a04d3-ed121498'),
('zprneZOcVj', '2023-06-15 20:15:31.770000', 'AVAILABLE', '2023-06-15 20:15:31.770000', 68, '433236f1-68829139-724b58a8'),
('ZQSKJ3irfG', '2023-06-15 20:15:36.496000', 'AVAILABLE', '2023-06-15 20:15:36.496000', 152, 'd58d7610-48cc9183-ce7e5121'),
('Zr4tXe5BMs', '2023-06-15 20:15:32.947000', 'AVAILABLE', '2023-06-15 20:15:32.947000', 7, '53be5f2b-45e36235-5cd210b3'),
('Zs2Ax6FEvH', '2023-06-15 20:15:37.068000', 'AVAILABLE', '2023-06-15 20:15:37.068000', 30, '16a02431-8fb9c725-773dfee8'),
('zS8KSbpUep', '2023-06-15 20:04:20.602000', 'AVAILABLE', '2023-06-15 20:04:20.602000', 137, 'ee88b52c-46f88bae-12a2c208'),
('ZtP78brdWZ', '2023-06-15 20:15:35.278000', 'AVAILABLE', '2023-06-15 20:15:35.278000', 96, '9ffe64a9-0e43f7fe-27c9cb68'),
('zUFVAuTPRE', '2023-06-15 20:04:20.643000', 'AVAILABLE', '2023-06-15 20:04:20.643000', 147, 'ee88b52c-46f88bae-12a2c208'),
('ZUQYLjkZg5', '2023-06-15 20:15:36.235000', 'AVAILABLE', '2023-06-15 20:15:36.235000', 158, '42a849ad-22d6499b-116bd748'),
('zViRakps5Q', '2023-06-15 20:15:32.614000', 'AVAILABLE', '2023-06-15 20:15:32.614000', 108, 'ea01d571-901a3b58-6ba41284'),
('zwVfkAgGyc', '2023-06-15 20:15:38.632000', 'AVAILABLE', '2023-06-15 20:15:38.632000', 121, '4e4cf96e-1acaaad4-63ccd759'),
('zYiUdOsyWP', '2023-06-15 20:15:34.191000', 'AVAILABLE', '2023-06-15 20:15:34.191000', 2, '83a9e5af-823d4066-f8545c66'),
('ZZATxsVpuk', '2023-06-15 20:15:33.635000', 'AVAILABLE', '2023-06-15 20:15:33.635000', 20, '7a92b03b-c28eb91e-33cfad47');

-- --------------------------------------------------------

--
-- Table structure for table `spam_user`
--

CREATE TABLE `spam_user` (
  `id` varchar(26) NOT NULL,
  `spam_times` int NOT NULL,
  `update_at` datetime(6) DEFAULT NULL,
  `user_id` varchar(26) NOT NULL
) ENGINE=InnoDB DEFAULT CHARSET=utf8mb4 COLLATE=utf8mb4_0900_ai_ci;

-- --------------------------------------------------------

--
-- Table structure for table `token`
--

CREATE TABLE `token` (
  `id` varchar(26) NOT NULL,
  `access_token` varchar(3000) NOT NULL,
  `refresh_token` varchar(3000) NOT NULL,
  `user_id` varchar(26) DEFAULT NULL
) ENGINE=InnoDB DEFAULT CHARSET=utf8mb4 COLLATE=utf8mb4_0900_ai_ci;

--
-- Dumping data for table `token`
--

INSERT INTO `token` (`id`, `access_token`, `refresh_token`, `user_id`) VALUES
('3e73a521-b4daa281-643e19ea', 'WiJ3wtdMlykixwlEhzwyoPn6TeXTA5YoCHapq+rVAhrWUiCADoepnpXoYIxCsULfukwz7eCvZ8CMrUnJTNhz8c2vkUh+3LEkonyIBa5nWKcXUlhjlzfvE0J11IP3u2upnZrAJ4xLiSzR5sAqsVxj79Vt2gt/cla6KN+rT/DTQlcUU6evScLSv7wLeNXwxaVV0jc9cL4J79u7Whqpleni7uNaF0hP3tup/r+6HFJem1xjGRkQyYGYJ1PysA2aGwpcjro/4UaYyDEIhPwfeXR37oVyA+obN+fOyHKybt9hNq2HFAdpDFtidywHvT1LoP3T6HDdNWWjNMruMGFFEdywMf2qG9K71SBPoJzhGL1m+WF6Xh+dT3tx39UsAA6xZPfObHj/k9dq7tSG1dtNGfK2jwrX2BwqQhbY24SwvviG0+AsfWm4a2a4uKCcaBnevCp5s1jNrpyLuVPPie2ka/EogWmkfp5vPKF3hGbGtn4cJb37qFasBz7yHY5xsgONbQEinQ0KelISXS6pvp7on8V2wxpNSqjsP29WfVYPxN6QqVfVJSiWq8tMItDnNLEciqVRMDnaGg==', 'WiJ3wtdMlykixwlEhzwyoPn6TeXTA5YoAnG42+vALALCeQ3JFZSU6pPEc9ZDt0Hp5WAgxKepZ+7CrnDkG9l0/s+FgmJg35sko3uHfb5yZdcVfEs1ljPSMVxa+Yf+3FuU3ZPcccZOsHbf+tsFwSJ6+stN/iRdRHuZe6GmdaiuXQAUW5qFOdX+uZ4QYtfW5exg8gQ0ZKkUw6+ZbSurlsiV9MM6GXRcpuOT76SjLnlKu1oaIjAC/rbXPmv+zCySFQhQruJ+0nDB/loKz5xXY3tA+7x2Xr53JOPZ5QK0ef1TU67bJAsJS1AwXxU/vRl64MHX4XDbCXu8MMjqQABPFun0HMSLPqCXu0BtrpD2GJ5N3HJ4TB2Zaism1MQxcB33aoXjGGrSspBUiPKWvMBqGNuLqy+/5UZwZk7YsaKxmtWo6OEAM1zTOwmu4oTTaT78mwo7hWbetce+sVbu6fXNEsQduWC5eoNRK74NwF+kwWE/K56oy1COBBr0T7xbrA/SRxYTvy0baHcuCFPvsY7Pk/gswk1ib+LAE2x8ADUZgdrUjVT2IDa8r5s9Gs73EcY0xqsxQ0D7CBtBpWJXGccSjF8l4maC2nvOhdBOc4KxczFdgObBcjel1+m6XmVyWQ8=', '1e505c15-cac73beb-997a8286'),
('737c7bcd-5f4faef4-9172644a', 'WiJ3wtdMlykixwlEhzwyoPn6TeXTA5YoC3DMmu/5EhmNZ1TKHoSm/ZXocIBNmXP65mQOxLmzZpa5sXWXKcAH4uaouxpt3LEktH2XDa5nW6gUfi5WmSLBA1x37Yu+zGmqzJLcU8ZOoH7S+uUJxiBt+dRh2zMAaFKVf6O2T62vcyYbWKSKMbb64MIlcN/i595t+mUGbqMN4OmQUkXzutqjxvgbHGkY7/Sd3+uaNlt9gGspAg0e4a66GFDSum6cEF8ZmvMw6haQozEuoIpvZ0VB0qdmGaYlKvvA9DbudOhucb+FAjl8NHpjQj94qm5H6/3O8GS8L1C5EOb2RDJDC7eSDtWAM8OFvDxG1unFD6Vv6W98PjG1QD5B3cEDO3HaapC8RH71pPZxldWN3uVMbdPrjlu6wkcRZ0ztmIGPitKL7fYKcjeVBVXJ4avsCRHDswBIt0rn/eq0g3bF4dbtW981nnasfJpOO/4x2kvTqWctHdqC9Ue/GzX9cINSrRKBFAsnhAocXEcGSgethbb4meRFgT9OVtjiMnNGSUBhge2Nm1vwZUSorpNXO/O7J8A486RbO0z7GDZtwnleI8Ae8F4r6mipg0ayg40BcZmVXRN74a3zBkum9emkWWZDJ1ncGzc=', 'WiJ3wtdMlykixwlEhzwyoPn6TeXTA5YoAnG42+vALALCeQ3JFZSU6pPEc9ZDt0Hp5WAgxKepZ+7CrnDkG9l0/s+FgmJg35sk/3ryEr5wSKdMUV9KkCPjF1x0xIT82nWY0pDiU8FPsFTW/twaxw16+ZFl4jwARWuFMaCIdaisZ1dNd7qSNsjOg5puaP31+M1L+T0Qc/su7dKfZxuJpryh2bFed1RQ2qOGzuy2KlJgll4gRjAW3byBE2jLliq2Pl4ipvEE6hDg2zACvpBeKUt10oYEIY8UUOmW9wCZW955cqH5IlxyO11SeRAXx3dI4Pbi5mOhDXenUpLuQxNlSOaxHcm0Y/7y2EM4wbTvOLtFhElyRjLdTC1s+rMqBiXpO6j+GV/aoJ1jrc6evd54F8e9hjXE8WQkcnDkmJ+GmNCK/uAPBHilZHK3n/vuGGTu4AZ4t0TtosPDu2/myt35QoN03metTqRbCYYm90CujmYRHYSD6mGQQk/XHfpBggmKcDUujiwGe15WDCj+nMvpjbtFsBVdCPyfCUtNdlJ94MGr1wv0FT+k8sBYBNXHBMNiwoBVJi3JDBFwgUBmJcRWiXEi3kzGgli8ibZPJqWFTAtx4MDHDzaW2v+A', '1c9d37fa-91478273-cbc7490f'),
('85e89990-d92d7dde-1f3aa109', 'WiJ3wtdMlykixwlEhzwyoPn6TeXTA5YoCHapq+rVAhrIaTDBH4eTktzTb+NYm0LhoGQJx7iCTubCrnf3S9td34Cvr2Zw3osZp0OYLLBhWI1dU3Zn0zf/B0J0+oj982DV5Jf0Qb5q00vJ1ZwUyzZ804pfgAcBQWupIL2kYf+Pb1YGUsHsTr/VkYIkTpHV+vob2jQ7fYIEydyvTCOoqbm7xe0cP1ZZw9G/45y0O09igzwnWDEm+9DXPlfHsB6zMgU+oekg/Xae6mwtoIIRcXRL1fENC68XO+nN5AuOU8pEY7XuNgl8GkxtbwkWyCpg26br0nGpcX6GFcLeXyVscOCVJsizY9a0ixtR1ZLfbpBj9n94fSi1ciVb4r4zEB/1dLTzbnbvr/5vlvPK3cMxN/CXgSe2xGM0XWnjmION6s+4zOwBLlmlBUjJsp2VaCfVkyJOpHPkvZytq27Vg6/zcP4BvnqwZ8IMX/8F8l3UyG4wFoSV8maZRhDWduRo7ieMejUTjhcHGUcNeDGwm675i9dAvy9Pe73lOnkfdSoF28+O1w7jFBmH3eU0MPreO7EW06ZTITPsGjdS', 'WiJ3wtdMlykixwlEhzwyoPn6TeXTA5YoAnG42+vALALCeQ3JFZSU6pPEc9ZDt0Hp5WAgxKepZ+7CrnDkG9l0/s+FgmJg35skvUCXPK9yX9tcR0RajBnSD0Zyw62m8XKyk5DiT8BPjnaQ+ssJwiFqx85y7g1DQnuzMaCIcaqvXQxQWaSKNZ3F/qluYNKTpdJw4BIoW7AvxsWMaSD9qd+A2sRCAkBZouSE56uFNGFrgXQpMhM+6KqaOWDWzTW+CR5ew8ci9XXcpVoMraNuZi1DgL9OMJ0nOuLO8BPqX6QEMYOJQz53OGBfcjUesD0h18mTwnKfM1qeAsrZbGRdYOKlG9aRHaS+rkBf86H/L6d5xnwMazS4YD9fgMURNx7LSKa+RQrPhJd2ksu6xudJHfyZtRfE+kIkXW3CtNGA65ah9slAKVeQK0a2ibTVCRPHiUI/q2b4jZ/Kp23j6O77aYM8uXjBZ6toK7wL6kfwnXgnHI631kq+Rgr+Xa9zlG/QSAU9vE04Wk0dS1PNpqX/lORXhxRsXKjlMBNXVmENz9+UgG/yMxal7fw4I7S6FOoe4oQSTyOQByxFmCxgAoIT2GMM40nEoxqus6Q7D73NY3lgh+6ScUOAyN7haB4HS13fdw==', 'fef32e6b-d92f9396-e3fd93a6');

--
-- Indexes for dumped tables
--

--
-- Indexes for table `account`
--
ALTER TABLE `account`
  ADD PRIMARY KEY (`id`),
  ADD UNIQUE KEY `UKigmh1otf9m20dj0fblcfismwt` (`username`,`email`);

--
-- Indexes for table `account_roles`
--
ALTER TABLE `account_roles`
  ADD KEY `FK70s9enq5d1oywl7v8vis5ke5w` (`roles_id`),
  ADD KEY `FKtp61eta5i06bug3w1qr6286uf` (`account_id`);

--
-- Indexes for table `account_temp`
--
ALTER TABLE `account_temp`
  ADD PRIMARY KEY (`id`),
  ADD UNIQUE KEY `UKib5953fd7xdaocxdnw70ps78p` (`username`,`email`);

--
-- Indexes for table `booking`
--
ALTER TABLE `booking`
  ADD PRIMARY KEY (`id`),
  ADD KEY `FKp55px829kiwjglwaj12kw22vx` (`show_id`),
  ADD KEY `FKsx5vxi7ox6ss3udb20motr3b5` (`user_id`);

--
-- Indexes for table `booking_seats`
--
ALTER TABLE `booking_seats`
  ADD KEY `FKl40e41jsn0gds92yihw1khgan` (`seats_id`),
  ADD KEY `FKiafqjbiteckjb95679jbqwona` (`booking_id`);

--
-- Indexes for table `cinema_hall`
--
ALTER TABLE `cinema_hall`
  ADD PRIMARY KEY (`id`),
  ADD UNIQUE KEY `UKt2y542bb02p0yyc7vjrve3egq` (`name`);

--
-- Indexes for table `cinema_seat`
--
ALTER TABLE `cinema_seat`
  ADD PRIMARY KEY (`id`),
  ADD KEY `FK5w9hs8k9ucvwukhb939nybsew` (`cinemahall_id`);

--
-- Indexes for table `cinema_show`
--
ALTER TABLE `cinema_show`
  ADD PRIMARY KEY (`id`),
  ADD KEY `FK4f9b292igihvnhtki8hu8s4gp` (`cinema_hall_id`),
  ADD KEY `FKn39s5216u9gxkw3h3odvc531n` (`movie_id`);

--
-- Indexes for table `comment`
--
ALTER TABLE `comment`
  ADD PRIMARY KEY (`id`),
  ADD KEY `FKj6owqni09n6r5rspfx1xtfu23` (`movie_id`),
  ADD KEY `FKn84216vj612qs1eg5goe6n2lj` (`user_id`);

--
-- Indexes for table `genre`
--
ALTER TABLE `genre`
  ADD PRIMARY KEY (`id`),
  ADD UNIQUE KEY `UKbut3uv73xmomvw1eovcuvmp0n` (`genre`,`id`);

--
-- Indexes for table `movie`
--
ALTER TABLE `movie`
  ADD PRIMARY KEY (`id`),
  ADD UNIQUE KEY `UKkrjn66vkw3ljss4b1dre6fh42` (`title`,`id`);

--
-- Indexes for table `movie_genre`
--
ALTER TABLE `movie_genre`
  ADD KEY `FK86p3roa187k12avqfl28klp1q` (`genre_id`),
  ADD KEY `FKp6vjabv2e2435at1hnuxg64yv` (`movie_id`);

--
-- Indexes for table `payment`
--
ALTER TABLE `payment`
  ADD PRIMARY KEY (`id`),
  ADD KEY `FKqewrl4xrv9eiad6eab3aoja65` (`booking_id`);

--
-- Indexes for table `role`
--
ALTER TABLE `role`
  ADD PRIMARY KEY (`id`),
  ADD UNIQUE KEY `UK8sewwnpamngi6b1dwaa88askk` (`name`);

--
-- Indexes for table `show_seat`
--
ALTER TABLE `show_seat`
  ADD PRIMARY KEY (`id`),
  ADD KEY `FKnet31xfrflvyr2mv56tyixieq` (`cinema_seat_id`),
  ADD KEY `FKiy4ciakwup12wqhalym9gibqe` (`show_id`);

--
-- Indexes for table `spam_user`
--
ALTER TABLE `spam_user`
  ADD PRIMARY KEY (`id`),
  ADD KEY `FKlju5m05cupqrofn0h5cxqf0fa` (`user_id`);

--
-- Indexes for table `token`
--
ALTER TABLE `token`
  ADD PRIMARY KEY (`id`),
  ADD KEY `FKcmaeto5oi5o878gndh99ryn8q` (`user_id`);

--
-- AUTO_INCREMENT for dumped tables
--

--
-- AUTO_INCREMENT for table `cinema_seat`
--
ALTER TABLE `cinema_seat`
  MODIFY `id` bigint NOT NULL AUTO_INCREMENT, AUTO_INCREMENT=161;

--
-- AUTO_INCREMENT for table `genre`
--
ALTER TABLE `genre`
  MODIFY `id` bigint NOT NULL AUTO_INCREMENT, AUTO_INCREMENT=17;

--
-- AUTO_INCREMENT for table `movie`
--
ALTER TABLE `movie`
  MODIFY `id` bigint NOT NULL AUTO_INCREMENT, AUTO_INCREMENT=33;

--
-- Constraints for dumped tables
--

--
-- Constraints for table `account_roles`
--
ALTER TABLE `account_roles`
  ADD CONSTRAINT `FK70s9enq5d1oywl7v8vis5ke5w` FOREIGN KEY (`roles_id`) REFERENCES `role` (`id`),
  ADD CONSTRAINT `FKtp61eta5i06bug3w1qr6286uf` FOREIGN KEY (`account_id`) REFERENCES `account` (`id`);

--
-- Constraints for table `booking`
--
ALTER TABLE `booking`
  ADD CONSTRAINT `FKp55px829kiwjglwaj12kw22vx` FOREIGN KEY (`show_id`) REFERENCES `cinema_show` (`id`),
  ADD CONSTRAINT `FKsx5vxi7ox6ss3udb20motr3b5` FOREIGN KEY (`user_id`) REFERENCES `account` (`id`);

--
-- Constraints for table `booking_seats`
--
ALTER TABLE `booking_seats`
  ADD CONSTRAINT `FKiafqjbiteckjb95679jbqwona` FOREIGN KEY (`booking_id`) REFERENCES `booking` (`id`),
  ADD CONSTRAINT `FKl40e41jsn0gds92yihw1khgan` FOREIGN KEY (`seats_id`) REFERENCES `show_seat` (`id`);

--
-- Constraints for table `cinema_seat`
--
ALTER TABLE `cinema_seat`
  ADD CONSTRAINT `FK5w9hs8k9ucvwukhb939nybsew` FOREIGN KEY (`cinemahall_id`) REFERENCES `cinema_hall` (`id`);

--
-- Constraints for table `cinema_show`
--
ALTER TABLE `cinema_show`
  ADD CONSTRAINT `FK4f9b292igihvnhtki8hu8s4gp` FOREIGN KEY (`cinema_hall_id`) REFERENCES `cinema_hall` (`id`),
  ADD CONSTRAINT `FKn39s5216u9gxkw3h3odvc531n` FOREIGN KEY (`movie_id`) REFERENCES `movie` (`id`);

--
-- Constraints for table `comment`
--
ALTER TABLE `comment`
  ADD CONSTRAINT `FKj6owqni09n6r5rspfx1xtfu23` FOREIGN KEY (`movie_id`) REFERENCES `movie` (`id`),
  ADD CONSTRAINT `FKn84216vj612qs1eg5goe6n2lj` FOREIGN KEY (`user_id`) REFERENCES `account` (`id`);

--
-- Constraints for table `movie_genre`
--
ALTER TABLE `movie_genre`
  ADD CONSTRAINT `FK86p3roa187k12avqfl28klp1q` FOREIGN KEY (`genre_id`) REFERENCES `genre` (`id`),
  ADD CONSTRAINT `FKp6vjabv2e2435at1hnuxg64yv` FOREIGN KEY (`movie_id`) REFERENCES `movie` (`id`);

--
-- Constraints for table `payment`
--
ALTER TABLE `payment`
  ADD CONSTRAINT `FKqewrl4xrv9eiad6eab3aoja65` FOREIGN KEY (`booking_id`) REFERENCES `booking` (`id`);

--
-- Constraints for table `show_seat`
--
ALTER TABLE `show_seat`
  ADD CONSTRAINT `FKiy4ciakwup12wqhalym9gibqe` FOREIGN KEY (`show_id`) REFERENCES `cinema_show` (`id`),
  ADD CONSTRAINT `FKnet31xfrflvyr2mv56tyixieq` FOREIGN KEY (`cinema_seat_id`) REFERENCES `cinema_seat` (`id`);

--
-- Constraints for table `spam_user`
--
ALTER TABLE `spam_user`
  ADD CONSTRAINT `FKlju5m05cupqrofn0h5cxqf0fa` FOREIGN KEY (`user_id`) REFERENCES `account` (`id`);

--
-- Constraints for table `token`
--
ALTER TABLE `token`
  ADD CONSTRAINT `FKcmaeto5oi5o878gndh99ryn8q` FOREIGN KEY (`user_id`) REFERENCES `account` (`id`);
COMMIT;

/*!40101 SET CHARACTER_SET_CLIENT=@OLD_CHARACTER_SET_CLIENT */;
/*!40101 SET CHARACTER_SET_RESULTS=@OLD_CHARACTER_SET_RESULTS */;
/*!40101 SET COLLATION_CONNECTION=@OLD_COLLATION_CONNECTION */;
